// JetBrains Mono Regular, subset to printable ASCII (U+0020-007E).
// SIL Open Font License 1.1 — Copyright 2020 The JetBrains Mono Project Authors.
// Embedded for the pattern visualizer's stb_truetype-baked glyph atlas.
#ifndef REWAMP_PATTERN_FONT_TTF_H
#define REWAMP_PATTERN_FONT_TTF_H
unsigned char g_pv_ttf_data[] = {
  0x00, 0x01, 0x00, 0x00, 0x00, 0x0e, 0x00, 0x80, 0x00, 0x03, 0x00, 0x60,
  0x47, 0x44, 0x45, 0x46, 0x00, 0x60, 0x00, 0x83, 0x00, 0x00, 0x5f, 0xd0,
  0x00, 0x00, 0x00, 0x22, 0x47, 0x50, 0x4f, 0x53, 0x44, 0x76, 0x4c, 0x75,
  0x00, 0x00, 0x5f, 0xf4, 0x00, 0x00, 0x00, 0x20, 0x47, 0x53, 0x55, 0x42,
  0x51, 0x95, 0xc1, 0xdf, 0x00, 0x00, 0x60, 0x14, 0x00, 0x00, 0x4e, 0xe6,
  0x4f, 0x53, 0x2f, 0x32, 0x33, 0xf6, 0x58, 0xb9, 0x00, 0x00, 0x5c, 0x68,
  0x00, 0x00, 0x00, 0x60, 0x63, 0x6d, 0x61, 0x70, 0x12, 0x97, 0x0f, 0x85,
  0x00, 0x00, 0x5c, 0xc8, 0x00, 0x00, 0x00, 0xb6, 0x67, 0x61, 0x73, 0x70,
  0x00, 0x00, 0x00, 0x10, 0x00, 0x00, 0x5f, 0xc8, 0x00, 0x00, 0x00, 0x08,
  0x67, 0x6c, 0x79, 0x66, 0x72, 0xc3, 0xa1, 0x30, 0x00, 0x00, 0x00, 0xec,
  0x00, 0x00, 0x54, 0x3a, 0x68, 0x65, 0x61, 0x64, 0x1e, 0x3f, 0xad, 0x7f,
  0x00, 0x00, 0x57, 0x8c, 0x00, 0x00, 0x00, 0x36, 0x68, 0x68, 0x65, 0x61,
  0x00, 0x35, 0x05, 0x8e, 0x00, 0x00, 0x5c, 0x44, 0x00, 0x00, 0x00, 0x24,
  0x68, 0x6d, 0x74, 0x78, 0x9a, 0xdb, 0x64, 0xb5, 0x00, 0x00, 0x57, 0xc4,
  0x00, 0x00, 0x04, 0x80, 0x6c, 0x6f, 0x63, 0x61, 0xec, 0x1a, 0x01, 0xc7,
  0x00, 0x00, 0x55, 0x48, 0x00, 0x00, 0x02, 0x44, 0x6d, 0x61, 0x78, 0x70,
  0x01, 0x99, 0x02, 0x41, 0x00, 0x00, 0x55, 0x28, 0x00, 0x00, 0x00, 0x20,
  0x6e, 0x61, 0x6d, 0x65, 0x2e, 0xd7, 0x46, 0xcc, 0x00, 0x00, 0x5d, 0x80,
  0x00, 0x00, 0x02, 0x26, 0x70, 0x6f, 0x73, 0x74, 0xff, 0x68, 0x00, 0x33,
  0x00, 0x00, 0x5f, 0xa8, 0x00, 0x00, 0x00, 0x20, 0x00, 0x02, 0x00, 0x32,
  0x00, 0x00, 0x02, 0x26, 0x02, 0xda, 0x00, 0x07, 0x00, 0x10, 0x00, 0x00,
  0x33, 0x13, 0x33, 0x13, 0x23, 0x27, 0x23, 0x07, 0x13, 0x33, 0x27, 0x26,
  0x26, 0x27, 0x06, 0x06, 0x07, 0x32, 0xbe, 0x79, 0xbd, 0x5b, 0x30, 0xdd,
  0x30, 0x42, 0xb8, 0x38, 0x10, 0x12, 0x02, 0x02, 0x12, 0x10, 0x02, 0xda,
  0xfd, 0x26, 0xc2, 0xc2, 0x01, 0x0e, 0xe1, 0x40, 0x56, 0x0d, 0x0d, 0x56,
  0x3f, 0x00, 0x00, 0x03, 0x00, 0x5d, 0x00, 0x00, 0x02, 0x12, 0x02, 0xda,
  0x00, 0x10, 0x00, 0x19, 0x00, 0x22, 0x00, 0x00, 0x33, 0x11, 0x33, 0x32,
  0x16, 0x15, 0x14, 0x06, 0x07, 0x15, 0x1e, 0x02, 0x15, 0x14, 0x06, 0x23,
  0x03, 0x33, 0x32, 0x36, 0x35, 0x34, 0x26, 0x23, 0x23, 0x11, 0x33, 0x32,
  0x36, 0x35, 0x34, 0x26, 0x23, 0x23, 0x5d, 0xcf, 0x64, 0x71, 0x47, 0x39,
  0x2b, 0x41, 0x25, 0x73, 0x64, 0x86, 0x76, 0x3a, 0x43, 0x42, 0x3a, 0x77,
  0x7c, 0x3f, 0x49, 0x49, 0x3f, 0x7c, 0x02, 0xda, 0x64, 0x59, 0x38, 0x5a,
  0x0b, 0x03, 0x05, 0x32, 0x4d, 0x2e, 0x5e, 0x6d, 0x01, 0xa3, 0x3e, 0x35,
  0x35, 0x3e, 0xfd, 0xc8, 0x43, 0x3a, 0x3c, 0x4b, 0x00, 0x01, 0x00, 0x5c,
  0xff, 0xf6, 0x02, 0x0a, 0x02, 0xe4, 0x00, 0x1b, 0x00, 0x00, 0x05, 0x22,
  0x26, 0x35, 0x11, 0x34, 0x36, 0x33, 0x32, 0x16, 0x15, 0x23, 0x34, 0x26,
  0x23, 0x22, 0x06, 0x15, 0x11, 0x14, 0x16, 0x33, 0x32, 0x36, 0x35, 0x33,
  0x14, 0x06, 0x01, 0x34, 0x64, 0x74, 0x74, 0x64, 0x62, 0x74, 0x5a, 0x41,
  0x3b, 0x3b, 0x43, 0x43, 0x3b, 0x3b, 0x41, 0x5a, 0x74, 0x0a, 0x70, 0x62,
  0x01, 0x4a, 0x62, 0x70, 0x71, 0x61, 0x3e, 0x43, 0x43, 0x3e, 0xfe, 0xb6,
  0x3e, 0x43, 0x43, 0x3e, 0x61, 0x71, 0x00, 0x02, 0x00, 0x5c, 0x00, 0x00,
  0x02, 0x00, 0x02, 0xda, 0x00, 0x0b, 0x00, 0x15, 0x00, 0x00, 0x33, 0x11,
  0x33, 0x32, 0x16, 0x16, 0x15, 0x11, 0x14, 0x06, 0x06, 0x23, 0x27, 0x33,
  0x32, 0x36, 0x35, 0x11, 0x34, 0x26, 0x23, 0x23, 0x5c, 0xbd, 0x47, 0x67,
  0x39, 0x39, 0x67, 0x47, 0x63, 0x63, 0x42, 0x4b, 0x4b, 0x42, 0x63, 0x02,
  0xda, 0x36, 0x62, 0x43, 0xfe, 0xdd, 0x43, 0x63, 0x36, 0x50, 0x4a, 0x42,
  0x01, 0x23, 0x41, 0x4a, 0x00, 0x01, 0x00, 0x64, 0x00, 0x00, 0x02, 0x08,
  0x02, 0xda, 0x00, 0x0b, 0x00, 0x00, 0x33, 0x11, 0x21, 0x15, 0x21, 0x15,
  0x21, 0x15, 0x21, 0x11, 0x21, 0x15, 0x64, 0x01, 0xa4, 0xfe, 0xb5, 0x01,
  0x28, 0xfe, 0xd8, 0x01, 0x4b, 0x02, 0xda, 0x52, 0xe2, 0x50, 0xfe, 0xfc,
  0x52, 0x00, 0x00, 0x01, 0x00, 0x5f, 0x00, 0x00, 0x02, 0x0d, 0x02, 0xda,
  0x00, 0x09, 0x00, 0x00, 0x33, 0x11, 0x21, 0x15, 0x21, 0x15, 0x21, 0x15,
  0x21, 0x11, 0x5f, 0x01, 0xae, 0xfe, 0xaa, 0x01, 0x3c, 0xfe, 0xc6, 0x02,
  0xda, 0x52, 0xf2, 0x52, 0xfe, 0xbc, 0x00, 0x01, 0x00, 0x58, 0xff, 0xf6,
  0x02, 0x06, 0x02, 0xe4, 0x00, 0x1f, 0x00, 0x00, 0x05, 0x22, 0x26, 0x35,
  0x11, 0x34, 0x36, 0x33, 0x32, 0x16, 0x15, 0x23, 0x34, 0x26, 0x23, 0x22,
  0x06, 0x15, 0x11, 0x14, 0x16, 0x33, 0x32, 0x36, 0x35, 0x35, 0x23, 0x35,
  0x33, 0x15, 0x14, 0x06, 0x01, 0x30, 0x64, 0x74, 0x74, 0x64, 0x62, 0x74,
  0x5a, 0x41, 0x3b, 0x3b, 0x43, 0x43, 0x3b, 0x3b, 0x41, 0x94, 0xee, 0x74,
  0x0a, 0x70, 0x62, 0x01, 0x4a, 0x62, 0x70, 0x71, 0x61, 0x3e, 0x43, 0x42,
  0x3e, 0xfe, 0xb5, 0x3e, 0x44, 0x44, 0x3e, 0x64, 0x52, 0xb6, 0x61, 0x71,
  0x00, 0x01, 0x00, 0x5d, 0x00, 0x00, 0x01, 0xfb, 0x02, 0xda, 0x00, 0x0b,
  0x00, 0x00, 0x33, 0x11, 0x33, 0x11, 0x33, 0x11, 0x33, 0x11, 0x23, 0x11,
  0x23, 0x11, 0x5d, 0x5a, 0xea, 0x5a, 0x5a, 0xea, 0x02, 0xda, 0xfe, 0xc8,
  0x01, 0x38, 0xfd, 0x26, 0x01, 0x50, 0xfe, 0xb0, 0x00, 0x01, 0x00, 0x69,
  0x00, 0x00, 0x01, 0xef, 0x02, 0xda, 0x00, 0x0b, 0x00, 0x00, 0x33, 0x35,
  0x33, 0x11, 0x23, 0x35, 0x21, 0x15, 0x23, 0x11, 0x33, 0x15, 0x69, 0x95,
  0x95, 0x01, 0x86, 0x95, 0x95, 0x52, 0x02, 0x36, 0x52, 0x52, 0xfd, 0xca,
  0x52, 0x00, 0x00, 0x01, 0x00, 0x2d, 0xff, 0xf6, 0x01, 0xef, 0x02, 0xda,
  0x00, 0x0f, 0x00, 0x00, 0x05, 0x22, 0x26, 0x35, 0x33, 0x14, 0x16, 0x33,
  0x32, 0x36, 0x35, 0x11, 0x33, 0x11, 0x14, 0x06, 0x01, 0x0e, 0x69, 0x78,
  0x5a, 0x47, 0x40, 0x40, 0x47, 0x5a, 0x79, 0x0a, 0x76, 0x66, 0x43, 0x49,
  0x49, 0x43, 0x02, 0x08, 0xfd, 0xf8, 0x66, 0x76, 0x00, 0x01, 0x00, 0x5c,
  0x00, 0x00, 0x02, 0x30, 0x02, 0xda, 0x00, 0x0c, 0x00, 0x00, 0x33, 0x11,
  0x33, 0x11, 0x33, 0x13, 0x33, 0x03, 0x13, 0x23, 0x03, 0x23, 0x11, 0x5c,
  0x5a, 0x6c, 0xa2, 0x62, 0xb5, 0xbf, 0x67, 0xaa, 0x69, 0x02, 0xda, 0xfe,
  0xc6, 0x01, 0x3a, 0xfe, 0xa0, 0xfe, 0x86, 0x01, 0x51, 0xfe, 0xaf, 0x00,
  0x00, 0x01, 0x00, 0x82, 0x00, 0x00, 0x02, 0x26, 0x02, 0xda, 0x00, 0x05,
  0x00, 0x00, 0x33, 0x11, 0x33, 0x11, 0x21, 0x15, 0x82, 0x5a, 0x01, 0x4a,
  0x02, 0xda, 0xfd, 0x78, 0x52, 0x00, 0x00, 0x01, 0x00, 0x48, 0x00, 0x00,
  0x02, 0x10, 0x02, 0xda, 0x00, 0x13, 0x00, 0x00, 0x33, 0x11, 0x33, 0x13,
  0x13, 0x33, 0x11, 0x23, 0x11, 0x34, 0x36, 0x36, 0x37, 0x03, 0x23, 0x03,
  0x16, 0x16, 0x15, 0x11, 0x48, 0x85, 0x5d, 0x61, 0x85, 0x57, 0x03, 0x06,
  0x04, 0x76, 0x4e, 0x71, 0x08, 0x06, 0x02, 0xda, 0xfe, 0xc4, 0x01, 0x3c,
  0xfd, 0x26, 0x01, 0x59, 0x31, 0x7f, 0x82, 0x34, 0xfe, 0x87, 0x01, 0x70,
  0x4a, 0xb0, 0x63, 0xfe, 0xa7, 0x00, 0x00, 0x01, 0x00, 0x5a, 0x00, 0x00,
  0x01, 0xfe, 0x02, 0xda, 0x00, 0x11, 0x00, 0x00, 0x33, 0x11, 0x33, 0x13,
  0x2e, 0x02, 0x35, 0x11, 0x33, 0x11, 0x23, 0x03, 0x1e, 0x02, 0x15, 0x11,
  0x5a, 0x78, 0xdf, 0x02, 0x05, 0x03, 0x57, 0x78, 0xde, 0x02, 0x04, 0x03,
  0x02, 0xda, 0xfd, 0x8f, 0x19, 0x49, 0x51, 0x24, 0x01, 0x9a, 0xfd, 0x26,
  0x02, 0x71, 0x18, 0x49, 0x51, 0x25, 0xfe, 0x66, 0x00, 0x02, 0x00, 0x58,
  0xff, 0xf6, 0x02, 0x00, 0x02, 0xe4, 0x00, 0x0d, 0x00, 0x1b, 0x00, 0x00,
  0x05, 0x22, 0x26, 0x35, 0x11, 0x34, 0x36, 0x33, 0x32, 0x16, 0x15, 0x11,
  0x14, 0x06, 0x27, 0x32, 0x36, 0x35, 0x11, 0x34, 0x26, 0x23, 0x22, 0x06,
  0x15, 0x11, 0x14, 0x16, 0x01, 0x2c, 0x62, 0x72, 0x72, 0x62, 0x62, 0x72,
  0x72, 0x62, 0x3b, 0x3f, 0x3f, 0x3b, 0x3a, 0x40, 0x40, 0x0a, 0x72, 0x6a,
  0x01, 0x36, 0x6a, 0x72, 0x72, 0x69, 0xfe, 0xc9, 0x6a, 0x72, 0x51, 0x43,
  0x3e, 0x01, 0x4a, 0x3e, 0x43, 0x43, 0x3e, 0xfe, 0xb6, 0x3e, 0x43, 0x00,
  0x00, 0x02, 0x00, 0x5c, 0x00, 0x00, 0x02, 0x26, 0x02, 0xda, 0x00, 0x0a,
  0x00, 0x13, 0x00, 0x00, 0x33, 0x11, 0x33, 0x32, 0x16, 0x15, 0x14, 0x06,
  0x23, 0x23, 0x11, 0x11, 0x33, 0x32, 0x36, 0x35, 0x34, 0x26, 0x23, 0x23,
  0x5c, 0xeb, 0x66, 0x79, 0x79, 0x66, 0x91, 0x91, 0x3b, 0x47, 0x47, 0x3b,
  0x91, 0x02, 0xda, 0x75, 0x62, 0x62, 0x75, 0xfe, 0xd4, 0x01, 0x7d, 0x49,
  0x3d, 0x3e, 0x48, 0x00, 0x00, 0x02, 0x00, 0x50, 0xff, 0x4c, 0x02, 0x0e,
  0x02, 0xe4, 0x00, 0x13, 0x00, 0x21, 0x00, 0x00, 0x05, 0x27, 0x22, 0x06,
  0x23, 0x22, 0x26, 0x35, 0x11, 0x34, 0x36, 0x33, 0x32, 0x16, 0x15, 0x11,
  0x14, 0x06, 0x07, 0x17, 0x27, 0x32, 0x36, 0x35, 0x11, 0x34, 0x26, 0x23,
  0x22, 0x06, 0x15, 0x11, 0x14, 0x16, 0x01, 0xa6, 0x67, 0x04, 0x0a, 0x05,
  0x65, 0x77, 0x77, 0x65, 0x65, 0x77, 0x3a, 0x35, 0x75, 0xe2, 0x3b, 0x47,
  0x47, 0x3b, 0x3b, 0x47, 0x47, 0xb4, 0xab, 0x01, 0x75, 0x62, 0x01, 0x40,
  0x62, 0x75, 0x75, 0x62, 0xfe, 0xc0, 0x43, 0x64, 0x19, 0xc1, 0xfa, 0x4a,
  0x3d, 0x01, 0x40, 0x3e, 0x49, 0x49, 0x3e, 0xfe, 0xc0, 0x3d, 0x4a, 0x00,
  0x00, 0x02, 0x00, 0x5d, 0x00, 0x00, 0x02, 0x21, 0x02, 0xda, 0x00, 0x0e,
  0x00, 0x17, 0x00, 0x00, 0x33, 0x11, 0x33, 0x32, 0x16, 0x16, 0x15, 0x14,
  0x06, 0x07, 0x13, 0x23, 0x03, 0x23, 0x11, 0x11, 0x33, 0x32, 0x36, 0x35,
  0x34, 0x26, 0x23, 0x23, 0x5d, 0xe1, 0x41, 0x62, 0x36, 0x4c, 0x3f, 0x95,
  0x63, 0x8f, 0x79, 0x88, 0x38, 0x44, 0x44, 0x38, 0x88, 0x02, 0xda, 0x35,
  0x5e, 0x3f, 0x4a, 0x6a, 0x15, 0xfe, 0xc1, 0x01, 0x36, 0xfe, 0xca, 0x01,
  0x87, 0x47, 0x3a, 0x3b, 0x46, 0x00, 0x00, 0x01, 0x00, 0x48, 0xff, 0xf6,
  0x02, 0x10, 0x02, 0xe4, 0x00, 0x29, 0x00, 0x00, 0x05, 0x22, 0x26, 0x35,
  0x33, 0x14, 0x16, 0x33, 0x32, 0x36, 0x35, 0x34, 0x26, 0x27, 0x27, 0x26,
  0x26, 0x35, 0x34, 0x36, 0x36, 0x33, 0x32, 0x16, 0x16, 0x15, 0x23, 0x34,
  0x26, 0x23, 0x22, 0x06, 0x15, 0x14, 0x16, 0x17, 0x17, 0x16, 0x16, 0x15,
  0x14, 0x06, 0x01, 0x30, 0x6a, 0x7e, 0x5a, 0x4e, 0x40, 0x3e, 0x4a, 0x2f,
  0x2c, 0x6f, 0x45, 0x4f, 0x34, 0x5e, 0x3d, 0x3e, 0x5f, 0x36, 0x5a, 0x44,
  0x35, 0x35, 0x42, 0x2b, 0x27, 0x72, 0x49, 0x51, 0x7a, 0x0a, 0x70, 0x62,
  0x3d, 0x45, 0x48, 0x3a, 0x2c, 0x41, 0x0c, 0x1f, 0x14, 0x67, 0x46, 0x3a,
  0x58, 0x31, 0x31, 0x57, 0x39, 0x32, 0x3f, 0x3f, 0x32, 0x28, 0x39, 0x0b,
  0x20, 0x14, 0x6f, 0x4c, 0x60, 0x72, 0x00, 0x01, 0x00, 0x37, 0x00, 0x00,
  0x02, 0x21, 0x02, 0xda, 0x00, 0x07, 0x00, 0x00, 0x33, 0x11, 0x23, 0x35,
  0x21, 0x15, 0x23, 0x11, 0xff, 0xc8, 0x01, 0xea, 0xc8, 0x02, 0x88, 0x52,
  0x52, 0xfd, 0x78, 0x00, 0x00, 0x01, 0x00, 0x5a, 0xff, 0xf6, 0x01, 0xfe,
  0x02, 0xda, 0x00, 0x11, 0x00, 0x00, 0x05, 0x22, 0x26, 0x35, 0x11, 0x33,
  0x11, 0x14, 0x16, 0x33, 0x32, 0x36, 0x35, 0x11, 0x33, 0x11, 0x14, 0x06,
  0x01, 0x2c, 0x66, 0x6c, 0x5a, 0x3b, 0x3d, 0x3c, 0x3c, 0x5a, 0x6b, 0x0a,
  0x71, 0x61, 0x02, 0x12, 0xfd, 0xee, 0x3c, 0x46, 0x46, 0x3c, 0x02, 0x12,
  0xfd, 0xee, 0x62, 0x70, 0x00, 0x01, 0x00, 0x32, 0x00, 0x00, 0x02, 0x26,
  0x02, 0xda, 0x00, 0x0c, 0x00, 0x00, 0x33, 0x03, 0x33, 0x13, 0x16, 0x16,
  0x17, 0x36, 0x36, 0x37, 0x13, 0x33, 0x03, 0xee, 0xbc, 0x5c, 0x7d, 0x0d,
  0x11, 0x04, 0x04, 0x13, 0x0d, 0x78, 0x5d, 0xbd, 0x02, 0xda, 0xfe, 0x0f,
  0x34, 0x58, 0x17, 0x17, 0x59, 0x34, 0x01, 0xf0, 0xfd, 0x26, 0x00, 0x01,
  0x00, 0x14, 0x00, 0x00, 0x02, 0x44, 0x02, 0xda, 0x00, 0x1e, 0x00, 0x00,
  0x33, 0x03, 0x33, 0x13, 0x16, 0x16, 0x17, 0x36, 0x36, 0x37, 0x13, 0x33,
  0x13, 0x16, 0x16, 0x17, 0x36, 0x36, 0x37, 0x13, 0x33, 0x03, 0x23, 0x03,
  0x26, 0x26, 0x27, 0x06, 0x06, 0x07, 0x03, 0x6b, 0x57, 0x53, 0x39, 0x04,
  0x04, 0x01, 0x02, 0x07, 0x04, 0x48, 0x61, 0x42, 0x04, 0x08, 0x02, 0x02,
  0x05, 0x04, 0x3b, 0x4f, 0x59, 0x71, 0x42, 0x04, 0x04, 0x02, 0x02, 0x04,
  0x05, 0x47, 0x02, 0xda, 0xfd, 0xe4, 0x21, 0x47, 0x15, 0x15, 0x47, 0x21,
  0x02, 0x1c, 0xfd, 0xe4, 0x21, 0x47, 0x15, 0x15, 0x47, 0x21, 0x02, 0x1c,
  0xfd, 0x26, 0x02, 0x26, 0x22, 0x41, 0x12, 0x12, 0x41, 0x22, 0xfd, 0xda,
  0x00, 0x01, 0x00, 0x28, 0x00, 0x00, 0x02, 0x30, 0x02, 0xda, 0x00, 0x17,
  0x00, 0x00, 0x33, 0x13, 0x03, 0x33, 0x17, 0x16, 0x16, 0x17, 0x36, 0x36,
  0x37, 0x37, 0x33, 0x03, 0x13, 0x23, 0x27, 0x26, 0x26, 0x27, 0x06, 0x06,
  0x07, 0x07, 0x28, 0xd2, 0xc7, 0x68, 0x71, 0x09, 0x13, 0x06, 0x05, 0x13,
  0x09, 0x73, 0x63, 0xc7, 0xd2, 0x67, 0x7d, 0x09, 0x13, 0x05, 0x05, 0x13,
  0x09, 0x7e, 0x01, 0x72, 0x01, 0x68, 0xd8, 0x11, 0x27, 0x0b, 0x0b, 0x27,
  0x11, 0xd8, 0xfe, 0x9e, 0xfe, 0x88, 0xe8, 0x11, 0x27, 0x0c, 0x0c, 0x26,
  0x11, 0xe9, 0x00, 0x01, 0x00, 0x23, 0x00, 0x00, 0x02, 0x35, 0x02, 0xda,
  0x00, 0x0e, 0x00, 0x00, 0x33, 0x11, 0x03, 0x33, 0x13, 0x16, 0x16, 0x17,
  0x36, 0x36, 0x37, 0x13, 0x33, 0x03, 0x11, 0xff, 0xdc, 0x60, 0x8e, 0x0c,
  0x0e, 0x02, 0x02, 0x0f, 0x0c, 0x8e, 0x5d, 0xdc, 0x01, 0x11, 0x01, 0xc9,
  0xfe, 0xd4, 0x19, 0x23, 0x08, 0x08, 0x23, 0x19, 0x01, 0x2c, 0xfe, 0x37,
  0xfe, 0xef, 0x00, 0x01, 0x00, 0x55, 0x00, 0x00, 0x02, 0x03, 0x02, 0xda,
  0x00, 0x09, 0x00, 0x00, 0x33, 0x35, 0x01, 0x21, 0x35, 0x21, 0x15, 0x01,
  0x21, 0x15, 0x55, 0x01, 0x49, 0xfe, 0xbc, 0x01, 0x9f, 0xfe, 0xb7, 0x01,
  0x53, 0x5a, 0x02, 0x2e, 0x52, 0x5a, 0xfd, 0xd2, 0x52, 0x00, 0x00, 0x02,
  0x00, 0x43, 0xff, 0xf6, 0x01, 0xfc, 0x02, 0x30, 0x00, 0x1b, 0x00, 0x26,
  0x00, 0x00, 0x17, 0x22, 0x26, 0x35, 0x34, 0x36, 0x36, 0x33, 0x33, 0x35,
  0x34, 0x23, 0x22, 0x06, 0x07, 0x23, 0x36, 0x36, 0x33, 0x32, 0x16, 0x15,
  0x11, 0x23, 0x35, 0x23, 0x06, 0x06, 0x27, 0x32, 0x36, 0x35, 0x35, 0x23,
  0x22, 0x06, 0x15, 0x14, 0x16, 0xfc, 0x55, 0x64, 0x2e, 0x52, 0x35, 0xaa,
  0x75, 0x34, 0x40, 0x02, 0x5a, 0x05, 0x6f, 0x5c, 0x64, 0x6b, 0x59, 0x02,
  0x08, 0x56, 0x31, 0x42, 0x4e, 0xa0, 0x2c, 0x37, 0x3d, 0x0a, 0x5f, 0x4d,
  0x33, 0x4c, 0x2b, 0x2b, 0x6b, 0x26, 0x22, 0x41, 0x55, 0x60, 0x56, 0xfe,
  0x86, 0x64, 0x33, 0x3b, 0x4c, 0x40, 0x37, 0x4d, 0x35, 0x2c, 0x2e, 0x35,
  0x00, 0x02, 0x00, 0x5c, 0xff, 0xf6, 0x02, 0x01, 0x02, 0xda, 0x00, 0x14,
  0x00, 0x22, 0x00, 0x00, 0x05, 0x22, 0x26, 0x27, 0x23, 0x15, 0x23, 0x11,
  0x33, 0x15, 0x07, 0x33, 0x36, 0x36, 0x33, 0x32, 0x16, 0x15, 0x15, 0x14,
  0x06, 0x27, 0x32, 0x36, 0x35, 0x35, 0x34, 0x26, 0x23, 0x22, 0x06, 0x15,
  0x15, 0x14, 0x16, 0x01, 0x4c, 0x3e, 0x50, 0x07, 0x01, 0x5a, 0x5a, 0x02,
  0x01, 0x08, 0x51, 0x3e, 0x53, 0x62, 0x62, 0x71, 0x39, 0x40, 0x40, 0x39,
  0x37, 0x41, 0x41, 0x0a, 0x3d, 0x36, 0x69, 0x02, 0xda, 0xa0, 0x7d, 0x35,
  0x3e, 0x6e, 0x5f, 0xa1, 0x5e, 0x6e, 0x4e, 0x3c, 0x43, 0xa0, 0x44, 0x3b,
  0x46, 0x3e, 0x96, 0x3e, 0x46, 0x00, 0x00, 0x01, 0x00, 0x58, 0xff, 0xf6,
  0x02, 0x0b, 0x02, 0x30, 0x00, 0x1b, 0x00, 0x00, 0x05, 0x22, 0x26, 0x35,
  0x35, 0x34, 0x36, 0x33, 0x32, 0x16, 0x17, 0x23, 0x26, 0x26, 0x23, 0x22,
  0x06, 0x15, 0x15, 0x14, 0x16, 0x33, 0x32, 0x36, 0x37, 0x33, 0x06, 0x06,
  0x01, 0x34, 0x64, 0x78, 0x78, 0x64, 0x5f, 0x75, 0x03, 0x5a, 0x03, 0x42,
  0x38, 0x3b, 0x47, 0x47, 0x3b, 0x38, 0x42, 0x03, 0x5a, 0x03, 0x75, 0x0a,
  0x70, 0x62, 0x96, 0x62, 0x70, 0x66, 0x58, 0x35, 0x39, 0x43, 0x3e, 0x97,
  0x3e, 0x44, 0x3a, 0x34, 0x58, 0x66, 0x00, 0x02, 0x00, 0x57, 0xff, 0xf6,
  0x01, 0xfc, 0x02, 0xda, 0x00, 0x14, 0x00, 0x22, 0x00, 0x00, 0x05, 0x22,
  0x26, 0x35, 0x35, 0x34, 0x36, 0x33, 0x32, 0x16, 0x17, 0x33, 0x27, 0x35,
  0x33, 0x11, 0x23, 0x35, 0x23, 0x06, 0x06, 0x27, 0x32, 0x36, 0x35, 0x35,
  0x34, 0x26, 0x23, 0x22, 0x06, 0x15, 0x15, 0x14, 0x16, 0x01, 0x0c, 0x52,
  0x63, 0x62, 0x53, 0x3e, 0x51, 0x08, 0x01, 0x02, 0x5a, 0x5a, 0x01, 0x07,
  0x50, 0x20, 0x38, 0x40, 0x40, 0x38, 0x39, 0x40, 0x40, 0x0a, 0x6e, 0x5e,
  0xa1, 0x5f, 0x6e, 0x3e, 0x35, 0x7d, 0xa0, 0xfd, 0x26, 0x69, 0x36, 0x3d,
  0x4e, 0x46, 0x3e, 0x96, 0x3e, 0x46, 0x3b, 0x44, 0xa0, 0x43, 0x3c, 0x00,
  0x00, 0x02, 0x00, 0x54, 0xff, 0xf6, 0x02, 0x04, 0x02, 0x30, 0x00, 0x17,
  0x00, 0x20, 0x00, 0x00, 0x05, 0x22, 0x26, 0x35, 0x35, 0x34, 0x36, 0x33,
  0x32, 0x16, 0x16, 0x15, 0x15, 0x21, 0x15, 0x14, 0x16, 0x33, 0x32, 0x36,
  0x37, 0x33, 0x06, 0x06, 0x03, 0x21, 0x35, 0x34, 0x26, 0x23, 0x22, 0x06,
  0x15, 0x01, 0x2c, 0x61, 0x77, 0x77, 0x61, 0x41, 0x61, 0x36, 0xfe, 0xa8,
  0x46, 0x3a, 0x32, 0x41, 0x07, 0x5a, 0x09, 0x74, 0xd7, 0x01, 0x00, 0x43,
  0x3d, 0x3d, 0x43, 0x0a, 0x75, 0x67, 0x82, 0x67, 0x75, 0x34, 0x5e, 0x40,
  0x62, 0x34, 0x3d, 0x47, 0x27, 0x21, 0x45, 0x51, 0x01, 0x4c, 0x1c, 0x41,
  0x47, 0x47, 0x41, 0x00, 0x00, 0x01, 0x00, 0x37, 0x00, 0x00, 0x02, 0x12,
  0x02, 0xda, 0x00, 0x12, 0x00, 0x00, 0x33, 0x11, 0x23, 0x35, 0x33, 0x35,
  0x34, 0x36, 0x33, 0x33, 0x15, 0x23, 0x22, 0x15, 0x15, 0x33, 0x15, 0x23,
  0x11, 0xd7, 0xa0, 0xa0, 0x52, 0x48, 0xa1, 0xa1, 0x40, 0xe1, 0xe1, 0x01,
  0x89, 0x52, 0x73, 0x41, 0x4b, 0x52, 0x3a, 0x73, 0x52, 0xfe, 0x77, 0x00,
  0x00, 0x02, 0x00, 0x58, 0xff, 0x4c, 0x01, 0xfb, 0x02, 0x30, 0x00, 0x1c,
  0x00, 0x2a, 0x00, 0x00, 0x17, 0x35, 0x33, 0x32, 0x36, 0x35, 0x35, 0x37,
  0x23, 0x06, 0x06, 0x23, 0x22, 0x26, 0x35, 0x35, 0x34, 0x36, 0x33, 0x32,
  0x16, 0x17, 0x33, 0x35, 0x33, 0x11, 0x14, 0x06, 0x23, 0x03, 0x32, 0x36,
  0x35, 0x35, 0x34, 0x26, 0x23, 0x22, 0x06, 0x15, 0x15, 0x14, 0x16, 0xa1,
  0x9b, 0x2f, 0x36, 0x02, 0x03, 0x08, 0x4e, 0x3b, 0x55, 0x62, 0x62, 0x55,
  0x3b, 0x4e, 0x08, 0x02, 0x59, 0x67, 0x59, 0x11, 0x38, 0x40, 0x40, 0x38,
  0x39, 0x3f, 0x3f, 0xb4, 0x52, 0x35, 0x2d, 0x32, 0x5a, 0x31, 0x35, 0x6c,
  0x5e, 0x74, 0x5e, 0x6e, 0x38, 0x31, 0x5f, 0xfd, 0xda, 0x53, 0x61, 0x01,
  0x25, 0x46, 0x3e, 0x69, 0x3e, 0x46, 0x42, 0x38, 0x7d, 0x38, 0x42, 0x00,
  0x00, 0x01, 0x00, 0x5c, 0x00, 0x00, 0x01, 0xfe, 0x02, 0xda, 0x00, 0x14,
  0x00, 0x00, 0x33, 0x11, 0x33, 0x11, 0x33, 0x36, 0x36, 0x33, 0x32, 0x16,
  0x15, 0x11, 0x23, 0x11, 0x34, 0x26, 0x23, 0x22, 0x06, 0x15, 0x11, 0x5c,
  0x5a, 0x01, 0x07, 0x4c, 0x3f, 0x53, 0x62, 0x5a, 0x3f, 0x36, 0x38, 0x41,
  0x02, 0xda, 0xfe, 0xe3, 0x37, 0x3c, 0x66, 0x58, 0xfe, 0x8e, 0x01, 0x63,
  0x3e, 0x43, 0x46, 0x40, 0xfe, 0xa2, 0xff, 0xff, 0x00, 0x55, 0x00, 0x00,
  0x02, 0x2b, 0x03, 0x09, 0x02, 0x26, 0x00, 0x24, 0x00, 0x00, 0x00, 0x07,
  0x01, 0x1b, 0x02, 0x67, 0x00, 0x00, 0x00, 0x01, 0x00, 0x55, 0x00, 0x00,
  0x02, 0x2b, 0x02, 0x26, 0x00, 0x09, 0x00, 0x00, 0x33, 0x35, 0x33, 0x11,
  0x23, 0x35, 0x21, 0x11, 0x33, 0x15, 0x55, 0xc3, 0xaf, 0x01, 0x09, 0xb9,
  0x52, 0x01, 0x82, 0x52, 0xfe, 0x2c, 0x52, 0x00, 0xff, 0xff, 0x00, 0x55,
  0x00, 0x00, 0x02, 0x2b, 0x03, 0x09, 0x02, 0x26, 0x00, 0x24, 0x00, 0x00,
  0x00, 0x07, 0x01, 0x1b, 0x02, 0x67, 0x00, 0x00, 0xff, 0xff, 0x00, 0x55,
  0xff, 0x4c, 0x01, 0xc3, 0x03, 0x09, 0x02, 0x26, 0x00, 0x27, 0x00, 0x00,
  0x00, 0x07, 0x01, 0x1b, 0x02, 0xa8, 0x00, 0x00, 0x00, 0x01, 0x00, 0x55,
  0xff, 0x4c, 0x01, 0xb3, 0x02, 0x26, 0x00, 0x0d, 0x00, 0x00, 0x17, 0x35,
  0x33, 0x32, 0x36, 0x35, 0x11, 0x21, 0x35, 0x21, 0x11, 0x14, 0x06, 0x23,
  0x5a, 0x7c, 0x3e, 0x45, 0xfe, 0xfc, 0x01, 0x5e, 0x78, 0x65, 0xb4, 0x52,
  0x44, 0x3d, 0x01, 0xb5, 0x52, 0xfd, 0xf9, 0x61, 0x72, 0x00, 0x00, 0x01,
  0x00, 0x61, 0x00, 0x00, 0x02, 0x2f, 0x02, 0xda, 0x00, 0x0c, 0x00, 0x00,
  0x33, 0x11, 0x33, 0x11, 0x33, 0x37, 0x33, 0x03, 0x13, 0x23, 0x27, 0x23,
  0x15, 0x61, 0x5a, 0x69, 0x9a, 0x67, 0xb1, 0xbb, 0x69, 0xa0, 0x6b, 0x02,
  0xda, 0xfe, 0x69, 0xe3, 0xfe, 0xfa, 0xfe, 0xe0, 0xf5, 0xf5, 0x00, 0x01,
  0x00, 0x1e, 0x00, 0x00, 0x02, 0x26, 0x02, 0xda, 0x00, 0x0d, 0x00, 0x00,
  0x21, 0x22, 0x26, 0x35, 0x11, 0x23, 0x35, 0x21, 0x11, 0x14, 0x16, 0x33,
  0x33, 0x15, 0x01, 0x7c, 0x49, 0x57, 0xbe, 0x01, 0x18, 0x26, 0x20, 0xaa,
  0x55, 0x46, 0x01, 0xed, 0x52, 0xfd, 0xc1, 0x22, 0x27, 0x52, 0x00, 0x01,
  0x00, 0x3c, 0x00, 0x00, 0x02, 0x1c, 0x02, 0x30, 0x00, 0x24, 0x00, 0x00,
  0x33, 0x11, 0x33, 0x15, 0x33, 0x36, 0x36, 0x33, 0x32, 0x16, 0x17, 0x33,
  0x36, 0x36, 0x33, 0x32, 0x16, 0x15, 0x11, 0x23, 0x11, 0x34, 0x26, 0x23,
  0x22, 0x06, 0x15, 0x11, 0x23, 0x11, 0x34, 0x26, 0x23, 0x22, 0x06, 0x15,
  0x11, 0x3c, 0x4e, 0x02, 0x05, 0x31, 0x26, 0x24, 0x32, 0x0b, 0x01, 0x07,
  0x31, 0x26, 0x35, 0x3f, 0x54, 0x20, 0x1c, 0x1b, 0x20, 0x4a, 0x20, 0x1b,
  0x1c, 0x20, 0x02, 0x26, 0x49, 0x25, 0x2e, 0x2a, 0x24, 0x24, 0x2a, 0x4f,
  0x3f, 0xfe, 0x5e, 0x01, 0xa3, 0x21, 0x27, 0x26, 0x21, 0xfe, 0x5c, 0x01,
  0xa3, 0x21, 0x27, 0x26, 0x21, 0xfe, 0x5c, 0x00, 0x00, 0x01, 0x00, 0x5c,
  0x00, 0x00, 0x01, 0xfe, 0x02, 0x30, 0x00, 0x14, 0x00, 0x00, 0x33, 0x11,
  0x33, 0x15, 0x33, 0x36, 0x36, 0x33, 0x32, 0x16, 0x15, 0x11, 0x23, 0x11,
  0x34, 0x26, 0x23, 0x22, 0x06, 0x15, 0x11, 0x5c, 0x5a, 0x01, 0x07, 0x4c,
  0x3f, 0x53, 0x62, 0x5a, 0x3f, 0x36, 0x38, 0x41, 0x02, 0x26, 0x69, 0x37,
  0x3c, 0x66, 0x58, 0xfe, 0x8e, 0x01, 0x62, 0x3f, 0x43, 0x46, 0x40, 0xfe,
  0xa2, 0x00, 0x00, 0x02, 0x00, 0x54, 0xff, 0xf8, 0x02, 0x04, 0x02, 0x2e,
  0x00, 0x0d, 0x00, 0x1b, 0x00, 0x00, 0x05, 0x22, 0x26, 0x35, 0x35, 0x34,
  0x36, 0x33, 0x32, 0x16, 0x15, 0x15, 0x14, 0x06, 0x27, 0x32, 0x36, 0x35,
  0x35, 0x34, 0x26, 0x23, 0x22, 0x06, 0x15, 0x15, 0x14, 0x16, 0x01, 0x2c,
  0x63, 0x75, 0x74, 0x64, 0x64, 0x74, 0x75, 0x63, 0x3b, 0x43, 0x43, 0x3b,
  0x3a, 0x44, 0x44, 0x08, 0x74, 0x68, 0x7e, 0x69, 0x73, 0x73, 0x69, 0x7e,
  0x68, 0x74, 0x50, 0x42, 0x40, 0x92, 0x40, 0x42, 0x42, 0x40, 0x92, 0x40,
  0x42, 0x00, 0x00, 0x02, 0x00, 0x5c, 0xff, 0x4c, 0x02, 0x01, 0x02, 0x30,
  0x00, 0x14, 0x00, 0x22, 0x00, 0x00, 0x17, 0x11, 0x33, 0x15, 0x33, 0x36,
  0x36, 0x33, 0x32, 0x16, 0x15, 0x15, 0x14, 0x06, 0x23, 0x22, 0x26, 0x27,
  0x23, 0x17, 0x15, 0x37, 0x32, 0x36, 0x35, 0x35, 0x34, 0x26, 0x23, 0x22,
  0x06, 0x15, 0x15, 0x14, 0x16, 0x5c, 0x5a, 0x01, 0x07, 0x50, 0x3e, 0x53,
  0x62, 0x62, 0x53, 0x3e, 0x50, 0x07, 0x03, 0x02, 0x78, 0x39, 0x40, 0x40,
  0x39, 0x37, 0x41, 0x41, 0xb4, 0x02, 0xda, 0x69, 0x36, 0x3d, 0x6d, 0x5f,
  0xa1, 0x5f, 0x6e, 0x3e, 0x35, 0x7d, 0xa0, 0xf8, 0x3c, 0x43, 0xa0, 0x44,
  0x3b, 0x46, 0x3e, 0x96, 0x3e, 0x46, 0x00, 0x02, 0x00, 0x57, 0xff, 0x4c,
  0x01, 0xfc, 0x02, 0x30, 0x00, 0x14, 0x00, 0x22, 0x00, 0x00, 0x05, 0x35,
  0x37, 0x23, 0x06, 0x06, 0x23, 0x22, 0x26, 0x35, 0x35, 0x34, 0x36, 0x33,
  0x32, 0x16, 0x17, 0x33, 0x35, 0x33, 0x11, 0x27, 0x32, 0x36, 0x35, 0x35,
  0x34, 0x26, 0x23, 0x22, 0x06, 0x15, 0x15, 0x14, 0x16, 0x01, 0xa2, 0x02,
  0x03, 0x07, 0x50, 0x3e, 0x53, 0x62, 0x63, 0x52, 0x3e, 0x50, 0x07, 0x01,
  0x5a, 0xd2, 0x38, 0x40, 0x40, 0x38, 0x39, 0x40, 0x40, 0xb4, 0xa0, 0x7d,
  0x35, 0x3e, 0x6e, 0x5f, 0xa1, 0x5f, 0x6d, 0x3d, 0x36, 0x69, 0xfd, 0x26,
  0xf8, 0x46, 0x3e, 0x96, 0x3e, 0x46, 0x3a, 0x40, 0xaa, 0x40, 0x3a, 0x00,
  0x00, 0x01, 0x00, 0x70, 0x00, 0x00, 0x02, 0x12, 0x02, 0x30, 0x00, 0x13,
  0x00, 0x00, 0x33, 0x11, 0x33, 0x15, 0x33, 0x36, 0x36, 0x33, 0x32, 0x16,
  0x15, 0x15, 0x23, 0x35, 0x34, 0x23, 0x22, 0x06, 0x15, 0x11, 0x70, 0x5a,
  0x02, 0x07, 0x4c, 0x40, 0x56, 0x5d, 0x5a, 0x75, 0x3b, 0x3e, 0x02, 0x26,
  0x69, 0x35, 0x3e, 0x67, 0x5f, 0x2f, 0x2f, 0x78, 0x44, 0x40, 0xfe, 0xa2,
  0x00, 0x01, 0x00, 0x55, 0xff, 0xf8, 0x02, 0x03, 0x02, 0x2e, 0x00, 0x28,
  0x00, 0x00, 0x05, 0x22, 0x26, 0x35, 0x33, 0x14, 0x16, 0x33, 0x33, 0x32,
  0x36, 0x35, 0x34, 0x27, 0x27, 0x26, 0x26, 0x35, 0x34, 0x36, 0x33, 0x33,
  0x32, 0x16, 0x17, 0x23, 0x26, 0x26, 0x23, 0x23, 0x22, 0x06, 0x15, 0x14,
  0x17, 0x17, 0x16, 0x15, 0x14, 0x06, 0x23, 0x01, 0x16, 0x5c, 0x65, 0x5a,
  0x36, 0x31, 0x2c, 0x32, 0x37, 0x41, 0x98, 0x38, 0x3e, 0x63, 0x57, 0x2c,
  0x50, 0x65, 0x04, 0x5b, 0x02, 0x33, 0x29, 0x2c, 0x2e, 0x34, 0x35, 0x8e,
  0x8c, 0x65, 0x5c, 0x08, 0x53, 0x4c, 0x26, 0x2b, 0x2c, 0x28, 0x47, 0x09,
  0x16, 0x08, 0x4d, 0x3f, 0x48, 0x52, 0x4f, 0x40, 0x1d, 0x26, 0x2a, 0x24,
  0x3a, 0x08, 0x14, 0x14, 0x90, 0x4d, 0x55, 0x00, 0x00, 0x01, 0x00, 0x2f,
  0x00, 0x00, 0x02, 0x08, 0x02, 0xc1, 0x00, 0x13, 0x00, 0x00, 0x21, 0x22,
  0x26, 0x35, 0x11, 0x23, 0x35, 0x33, 0x35, 0x33, 0x15, 0x33, 0x15, 0x23,
  0x11, 0x14, 0x16, 0x33, 0x33, 0x15, 0x01, 0x63, 0x44, 0x52, 0x9e, 0x9e,
  0x5a, 0xe1, 0xe1, 0x21, 0x1b, 0xa0, 0x4f, 0x42, 0x01, 0x43, 0x52, 0x9b,
  0x9b, 0x52, 0xfe, 0xbd, 0x1c, 0x23, 0x52, 0x00, 0x00, 0x01, 0x00, 0x5a,
  0xff, 0xf6, 0x01, 0xfe, 0x02, 0x26, 0x00, 0x11, 0x00, 0x00, 0x05, 0x22,
  0x26, 0x35, 0x11, 0x33, 0x11, 0x14, 0x16, 0x33, 0x32, 0x36, 0x35, 0x11,
  0x33, 0x11, 0x14, 0x06, 0x01, 0x2b, 0x5f, 0x72, 0x5a, 0x40, 0x37, 0x38,
  0x41, 0x5a, 0x74, 0x0a, 0x71, 0x61, 0x01, 0x5e, 0xfe, 0xa2, 0x3c, 0x47,
  0x47, 0x3c, 0x01, 0x5e, 0xfe, 0xa2, 0x61, 0x71, 0x00, 0x01, 0x00, 0x36,
  0x00, 0x00, 0x02, 0x22, 0x02, 0x26, 0x00, 0x0c, 0x00, 0x00, 0x33, 0x03,
  0x33, 0x13, 0x16, 0x16, 0x17, 0x36, 0x36, 0x37, 0x13, 0x33, 0x03, 0xf1,
  0xbb, 0x61, 0x78, 0x0b, 0x10, 0x04, 0x05, 0x0e, 0x0a, 0x78, 0x5f, 0xbb,
  0x02, 0x26, 0xfe, 0x8e, 0x21, 0x3d, 0x11, 0x11, 0x3d, 0x21, 0x01, 0x72,
  0xfd, 0xda, 0x00, 0x01, 0x00, 0x1f, 0x00, 0x00, 0x02, 0x39, 0x02, 0x26,
  0x00, 0x1e, 0x00, 0x00, 0x33, 0x03, 0x33, 0x13, 0x16, 0x16, 0x17, 0x36,
  0x36, 0x37, 0x13, 0x33, 0x13, 0x16, 0x16, 0x17, 0x36, 0x36, 0x37, 0x13,
  0x33, 0x03, 0x23, 0x03, 0x26, 0x26, 0x27, 0x06, 0x06, 0x07, 0x03, 0x79,
  0x5a, 0x4e, 0x38, 0x03, 0x06, 0x01, 0x02, 0x05, 0x04, 0x45, 0x5a, 0x45,
  0x04, 0x07, 0x01, 0x02, 0x06, 0x03, 0x3a, 0x4a, 0x5e, 0x63, 0x3f, 0x04,
  0x07, 0x02, 0x01, 0x08, 0x05, 0x42, 0x02, 0x26, 0xfe, 0x7c, 0x16, 0x35,
  0x11, 0x11, 0x35, 0x16, 0x01, 0x84, 0xfe, 0x7c, 0x16, 0x35, 0x11, 0x11,
  0x35, 0x16, 0x01, 0x84, 0xfd, 0xda, 0x01, 0x7c, 0x1c, 0x3f, 0x11, 0x11,
  0x3f, 0x1c, 0xfe, 0x84, 0x00, 0x01, 0x00, 0x32, 0x00, 0x00, 0x02, 0x26,
  0x02, 0x26, 0x00, 0x17, 0x00, 0x00, 0x33, 0x13, 0x03, 0x33, 0x17, 0x16,
  0x16, 0x17, 0x36, 0x36, 0x37, 0x37, 0x33, 0x03, 0x13, 0x23, 0x27, 0x26,
  0x26, 0x27, 0x06, 0x06, 0x07, 0x07, 0x32, 0xc3, 0xb7, 0x6a, 0x6d, 0x07,
  0x0d, 0x04, 0x03, 0x0d, 0x07, 0x6d, 0x6a, 0xb7, 0xc2, 0x6a, 0x76, 0x07,
  0x0d, 0x05, 0x04, 0x0f, 0x08, 0x76, 0x01, 0x1b, 0x01, 0x0b, 0xaa, 0x0b,
  0x1a, 0x08, 0x08, 0x1a, 0x0b, 0xaa, 0xfe, 0xf4, 0xfe, 0xe6, 0xb4, 0x0b,
  0x1d, 0x09, 0x09, 0x1d, 0x0b, 0xb4, 0x00, 0x01, 0x00, 0x36, 0xff, 0x4c,
  0x02, 0x22, 0x02, 0x26, 0x00, 0x0d, 0x00, 0x00, 0x17, 0x37, 0x03, 0x33,
  0x13, 0x16, 0x16, 0x17, 0x36, 0x36, 0x37, 0x13, 0x33, 0x01, 0xb2, 0x51,
  0xcd, 0x61, 0x82, 0x08, 0x0e, 0x03, 0x03, 0x0e, 0x07, 0x79, 0x5f, 0xfe,
  0xee, 0xb4, 0xd6, 0x02, 0x04, 0xfe, 0xac, 0x14, 0x2c, 0x10, 0x10, 0x2c,
  0x14, 0x01, 0x54, 0xfd, 0x26, 0x00, 0x00, 0x01, 0x00, 0x5a, 0x00, 0x00,
  0x01, 0xfe, 0x02, 0x26, 0x00, 0x09, 0x00, 0x00, 0x33, 0x35, 0x01, 0x21,
  0x35, 0x21, 0x15, 0x01, 0x21, 0x15, 0x5a, 0x01, 0x34, 0xfe, 0xd4, 0x01,
  0x91, 0xfe, 0xc6, 0x01, 0x45, 0x5a, 0x01, 0x7a, 0x52, 0x5a, 0xfe, 0x86,
  0x52, 0x00, 0x00, 0x03, 0x00, 0x50, 0xff, 0xf6, 0x02, 0x08, 0x02, 0xe4,
  0x00, 0x0e, 0x00, 0x1c, 0x00, 0x28, 0x00, 0x00, 0x05, 0x22, 0x26, 0x35,
  0x11, 0x34, 0x36, 0x33, 0x32, 0x16, 0x15, 0x11, 0x14, 0x06, 0x06, 0x27,
  0x32, 0x36, 0x35, 0x11, 0x34, 0x26, 0x23, 0x22, 0x06, 0x15, 0x11, 0x14,
  0x16, 0x37, 0x22, 0x26, 0x35, 0x34, 0x36, 0x33, 0x32, 0x16, 0x15, 0x14,
  0x06, 0x01, 0x2c, 0x65, 0x77, 0x77, 0x65, 0x65, 0x77, 0x36, 0x63, 0x43,
  0x3c, 0x49, 0x49, 0x3c, 0x3c, 0x49, 0x49, 0x3c, 0x1b, 0x21, 0x21, 0x1b,
  0x1b, 0x21, 0x21, 0x0a, 0x75, 0x62, 0x01, 0x40, 0x62, 0x75, 0x75, 0x62,
  0xfe, 0xc0, 0x41, 0x61, 0x35, 0x4d, 0x4d, 0x3d, 0x01, 0x40, 0x3d, 0x4d,
  0x4d, 0x3d, 0xfe, 0xc0, 0x3d, 0x4d, 0xf3, 0x1e, 0x1c, 0x1b, 0x1d, 0x1d,
  0x1b, 0x1c, 0x1e, 0x00, 0x00, 0x01, 0x00, 0x5a, 0x00, 0x00, 0x02, 0x1c,
  0x02, 0xda, 0x00, 0x0a, 0x00, 0x00, 0x33, 0x35, 0x33, 0x11, 0x07, 0x35,
  0x37, 0x33, 0x11, 0x33, 0x15, 0x5a, 0xc6, 0xc6, 0xa5, 0x7b, 0xa2, 0x52,
  0x02, 0x3a, 0x94, 0x67, 0x7b, 0xfd, 0x78, 0x52, 0x00, 0x01, 0x00, 0x4c,
  0x00, 0x00, 0x02, 0x0f, 0x02, 0xe4, 0x00, 0x18, 0x00, 0x00, 0x33, 0x35,
  0x13, 0x36, 0x36, 0x35, 0x34, 0x26, 0x23, 0x22, 0x06, 0x15, 0x23, 0x36,
  0x36, 0x33, 0x32, 0x16, 0x15, 0x14, 0x06, 0x07, 0x07, 0x21, 0x15, 0x56,
  0xf3, 0x35, 0x2c, 0x45, 0x3b, 0x3d, 0x47, 0x5a, 0x03, 0x78, 0x63, 0x65,
  0x77, 0x39, 0x45, 0xc5, 0x01, 0x4c, 0x53, 0x01, 0x04, 0x38, 0x58, 0x2a,
  0x3c, 0x47, 0x49, 0x3e, 0x63, 0x74, 0x72, 0x62, 0x34, 0x74, 0x48, 0xce,
  0x52, 0x00, 0x00, 0x01, 0x00, 0x46, 0xff, 0xf6, 0x01, 0xfe, 0x02, 0xda,
  0x00, 0x1c, 0x00, 0x00, 0x05, 0x22, 0x26, 0x35, 0x33, 0x14, 0x16, 0x33,
  0x32, 0x36, 0x35, 0x35, 0x34, 0x26, 0x23, 0x23, 0x35, 0x37, 0x21, 0x35,
  0x21, 0x15, 0x07, 0x16, 0x16, 0x15, 0x15, 0x14, 0x06, 0x01, 0x21, 0x65,
  0x76, 0x5a, 0x46, 0x3c, 0x3c, 0x46, 0x46, 0x3c, 0x4f, 0xb3, 0xfe, 0xd4,
  0x01, 0x92, 0xb0, 0x5a, 0x68, 0x77, 0x0a, 0x71, 0x61, 0x3c, 0x46, 0x46,
  0x3c, 0x32, 0x3c, 0x46, 0x4e, 0xbe, 0x52, 0x54, 0xbb, 0x07, 0x6f, 0x5b,
  0x32, 0x61, 0x71, 0x00, 0x00, 0x01, 0x00, 0x46, 0x00, 0x00, 0x01, 0xea,
  0x02, 0xda, 0x00, 0x0b, 0x00, 0x00, 0x21, 0x35, 0x21, 0x35, 0x01, 0x33,
  0x01, 0x15, 0x33, 0x35, 0x33, 0x11, 0x01, 0x90, 0xfe, 0xb6, 0x01, 0x0a,
  0x66, 0xfe, 0xea, 0xf0, 0x5a, 0xa0, 0x8d, 0x01, 0xad, 0xfe, 0x3f, 0x27,
  0xb2, 0xfe, 0x5c, 0x00, 0x00, 0x01, 0x00, 0x4b, 0xff, 0xf6, 0x02, 0x03,
  0x02, 0xda, 0x00, 0x1b, 0x00, 0x00, 0x05, 0x22, 0x26, 0x35, 0x33, 0x14,
  0x16, 0x33, 0x32, 0x36, 0x35, 0x35, 0x34, 0x26, 0x23, 0x23, 0x11, 0x21,
  0x15, 0x21, 0x17, 0x33, 0x32, 0x16, 0x15, 0x15, 0x14, 0x06, 0x01, 0x26,
  0x65, 0x76, 0x5a, 0x46, 0x3c, 0x3c, 0x46, 0x44, 0x3a, 0xc7, 0x01, 0x85,
  0xfe, 0xcf, 0x02, 0x76, 0x65, 0x6e, 0x77, 0x0a, 0x71, 0x61, 0x3c, 0x46,
  0x46, 0x3c, 0x2d, 0x3c, 0x46, 0x01, 0x63, 0x52, 0xbf, 0x6f, 0x65, 0x2d,
  0x61, 0x71, 0x00, 0x02, 0x00, 0x40, 0xff, 0xf6, 0x02, 0x18, 0x02, 0xda,
  0x00, 0x15, 0x00, 0x21, 0x00, 0x00, 0x05, 0x22, 0x26, 0x26, 0x35, 0x34,
  0x36, 0x37, 0x13, 0x33, 0x03, 0x17, 0x36, 0x36, 0x33, 0x32, 0x16, 0x16,
  0x15, 0x14, 0x06, 0x06, 0x27, 0x32, 0x36, 0x35, 0x34, 0x26, 0x23, 0x22,
  0x06, 0x15, 0x14, 0x16, 0x01, 0x2d, 0x46, 0x6b, 0x3c, 0x24, 0x1f, 0xa9,
  0x64, 0xb4, 0x03, 0x0d, 0x34, 0x1f, 0x41, 0x61, 0x37, 0x3c, 0x69, 0x47,
  0x41, 0x51, 0x51, 0x41, 0x41, 0x51, 0x51, 0x0a, 0x3b, 0x69, 0x45, 0x30,
  0x65, 0x37, 0x01, 0x2f, 0xfe, 0xc7, 0x02, 0x11, 0x12, 0x39, 0x64, 0x42,
  0x46, 0x6b, 0x3c, 0x50, 0x56, 0x45, 0x45, 0x56, 0x56, 0x45, 0x45, 0x56,
  0x00, 0x01, 0x00, 0x52, 0x00, 0x00, 0x02, 0x22, 0x02, 0xda, 0x00, 0x08,
  0x00, 0x00, 0x33, 0x01, 0x21, 0x15, 0x23, 0x35, 0x21, 0x15, 0x01, 0xbe,
  0x01, 0x04, 0xfe, 0xea, 0x5a, 0x01, 0xd0, 0xfe, 0xfe, 0x02, 0x88, 0x76,
  0xc8, 0x54, 0xfd, 0x7a, 0x00, 0x03, 0x00, 0x42, 0xff, 0xf6, 0x02, 0x16,
  0x02, 0xe4, 0x00, 0x1d, 0x00, 0x29, 0x00, 0x35, 0x00, 0x00, 0x05, 0x22,
  0x26, 0x26, 0x35, 0x34, 0x36, 0x37, 0x35, 0x26, 0x26, 0x35, 0x34, 0x36,
  0x36, 0x33, 0x32, 0x16, 0x16, 0x15, 0x14, 0x06, 0x07, 0x15, 0x16, 0x16,
  0x15, 0x14, 0x06, 0x06, 0x03, 0x32, 0x36, 0x35, 0x34, 0x26, 0x23, 0x22,
  0x06, 0x15, 0x14, 0x16, 0x13, 0x32, 0x36, 0x35, 0x34, 0x26, 0x23, 0x22,
  0x06, 0x15, 0x14, 0x16, 0x01, 0x2c, 0x45, 0x6a, 0x3b, 0x4f, 0x42, 0x39,
  0x44, 0x36, 0x61, 0x3f, 0x40, 0x60, 0x36, 0x44, 0x39, 0x42, 0x4f, 0x3b,
  0x69, 0x46, 0x38, 0x44, 0x44, 0x38, 0x37, 0x45, 0x45, 0x37, 0x40, 0x50,
  0x50, 0x40, 0x40, 0x50, 0x50, 0x0a, 0x36, 0x61, 0x3f, 0x45, 0x64, 0x0b,
  0x03, 0x0d, 0x59, 0x3a, 0x39, 0x57, 0x31, 0x31, 0x57, 0x39, 0x3a, 0x59,
  0x0d, 0x03, 0x0b, 0x64, 0x45, 0x3f, 0x61, 0x36, 0x01, 0xb0, 0x42, 0x35,
  0x35, 0x42, 0x42, 0x35, 0x35, 0x42, 0xfe, 0xa1, 0x4b, 0x3c, 0x3d, 0x4b,
  0x4b, 0x3d, 0x3c, 0x4b, 0x00, 0x02, 0x00, 0x40, 0x00, 0x00, 0x02, 0x18,
  0x02, 0xe4, 0x00, 0x15, 0x00, 0x21, 0x00, 0x00, 0x33, 0x13, 0x27, 0x06,
  0x06, 0x23, 0x22, 0x26, 0x26, 0x35, 0x34, 0x36, 0x36, 0x33, 0x32, 0x16,
  0x16, 0x15, 0x14, 0x06, 0x07, 0x03, 0x11, 0x32, 0x36, 0x35, 0x34, 0x26,
  0x23, 0x22, 0x06, 0x15, 0x14, 0x16, 0xc3, 0xb4, 0x03, 0x0a, 0x36, 0x20,
  0x3f, 0x5f, 0x36, 0x3c, 0x6a, 0x45, 0x47, 0x6a, 0x3c, 0x24, 0x1f, 0xa9,
  0x41, 0x51, 0x51, 0x41, 0x41, 0x51, 0x51, 0x01, 0x39, 0x02, 0x10, 0x13,
  0x39, 0x64, 0x42, 0x47, 0x6a, 0x3c, 0x3b, 0x69, 0x45, 0x30, 0x65, 0x37,
  0xfe, 0xd1, 0x01, 0x5e, 0x56, 0x45, 0x45, 0x56, 0x56, 0x45, 0x45, 0x56,
  0xff, 0xff, 0x00, 0x89, 0xff, 0xfb, 0x01, 0xcf, 0x01, 0xc5, 0x02, 0x07,
  0x00, 0x57, 0x00, 0x00, 0xfe, 0x82, 0xff, 0xff, 0x00, 0x96, 0x00, 0x00,
  0x01, 0xe0, 0x01, 0xc0, 0x02, 0x07, 0x00, 0x58, 0x00, 0x00, 0xfe, 0x82,
  0xff, 0xff, 0x00, 0x93, 0x00, 0x00, 0x01, 0xc9, 0x01, 0xc5, 0x02, 0x07,
  0x00, 0x59, 0x00, 0x00, 0xfe, 0x82, 0xff, 0xff, 0x00, 0x8b, 0xff, 0xfb,
  0x01, 0xce, 0x01, 0xc0, 0x02, 0x07, 0x00, 0x5a, 0x00, 0x00, 0xfe, 0x82,
  0xff, 0xff, 0x00, 0x8f, 0x00, 0x00, 0x01, 0xbd, 0x01, 0xc0, 0x02, 0x07,
  0x00, 0x5b, 0x00, 0x00, 0xfe, 0x82, 0xff, 0xff, 0x00, 0x8d, 0xff, 0xfb,
  0x01, 0xcf, 0x01, 0xc0, 0x02, 0x07, 0x00, 0x5c, 0x00, 0x00, 0xfe, 0x82,
  0xff, 0xff, 0x00, 0x86, 0xff, 0xfb, 0x01, 0xd2, 0x01, 0xc0, 0x02, 0x07,
  0x00, 0x5d, 0x00, 0x00, 0xfe, 0x82, 0xff, 0xff, 0x00, 0x94, 0x00, 0x00,
  0x01, 0xce, 0x01, 0xc0, 0x02, 0x07, 0x00, 0x5e, 0x00, 0x00, 0xfe, 0x82,
  0xff, 0xff, 0x00, 0x87, 0xff, 0xfb, 0x01, 0xd1, 0x01, 0xc5, 0x02, 0x07,
  0x00, 0x5f, 0x00, 0x00, 0xfe, 0x82, 0xff, 0xff, 0x00, 0x8b, 0x00, 0x00,
  0x01, 0xcd, 0x01, 0xc5, 0x02, 0x07, 0x00, 0x60, 0x00, 0x00, 0xfe, 0x82,
  0xff, 0xff, 0x00, 0x89, 0x01, 0x15, 0x01, 0xcf, 0x02, 0xdf, 0x02, 0x06,
  0x00, 0x57, 0x00, 0x9c, 0xff, 0xff, 0x00, 0x96, 0x01, 0x1a, 0x01, 0xe0,
  0x02, 0xda, 0x02, 0x06, 0x00, 0x58, 0x00, 0x9c, 0xff, 0xff, 0x00, 0x93,
  0x01, 0x1a, 0x01, 0xc9, 0x02, 0xdf, 0x02, 0x06, 0x00, 0x59, 0x00, 0x9c,
  0xff, 0xff, 0x00, 0x8b, 0x01, 0x15, 0x01, 0xce, 0x02, 0xda, 0x02, 0x06,
  0x00, 0x5a, 0x00, 0x9c, 0xff, 0xff, 0x00, 0x8f, 0x01, 0x1a, 0x01, 0xbd,
  0x02, 0xda, 0x02, 0x06, 0x00, 0x5b, 0x00, 0x9c, 0xff, 0xff, 0x00, 0x8d,
  0x01, 0x15, 0x01, 0xcf, 0x02, 0xda, 0x02, 0x06, 0x00, 0x5c, 0x00, 0x9c,
  0xff, 0xff, 0x00, 0x86, 0x01, 0x15, 0x01, 0xd2, 0x02, 0xda, 0x02, 0x06,
  0x00, 0x5d, 0x00, 0x9c, 0xff, 0xff, 0x00, 0x94, 0x01, 0x1a, 0x01, 0xce,
  0x02, 0xda, 0x02, 0x06, 0x00, 0x5e, 0x00, 0x9c, 0xff, 0xff, 0x00, 0x87,
  0x01, 0x15, 0x01, 0xd1, 0x02, 0xdf, 0x02, 0x06, 0x00, 0x5f, 0x00, 0x9c,
  0xff, 0xff, 0x00, 0x8b, 0x01, 0x1a, 0x01, 0xcd, 0x02, 0xdf, 0x02, 0x06,
  0x00, 0x60, 0x00, 0x9c, 0x00, 0x01, 0x00, 0x05, 0x00, 0x00, 0x02, 0x53,
  0x02, 0xda, 0x00, 0x03, 0x00, 0x00, 0x33, 0x01, 0x33, 0x01, 0x05, 0x01,
  0xf9, 0x55, 0xfe, 0x07, 0x02, 0xda, 0xfd, 0x26, 0x00, 0x02, 0x00, 0x89,
  0x01, 0x79, 0x01, 0xcf, 0x03, 0x43, 0x00, 0x0d, 0x00, 0x1b, 0x00, 0x00,
  0x01, 0x22, 0x26, 0x35, 0x35, 0x34, 0x36, 0x33, 0x32, 0x16, 0x15, 0x15,
  0x14, 0x06, 0x27, 0x32, 0x36, 0x35, 0x35, 0x34, 0x26, 0x23, 0x22, 0x06,
  0x15, 0x15, 0x14, 0x16, 0x01, 0x2c, 0x49, 0x5a, 0x5a, 0x49, 0x49, 0x5a,
  0x5a, 0x49, 0x29, 0x33, 0x33, 0x29, 0x29, 0x33, 0x33, 0x01, 0x79, 0x5c,
  0x49, 0x81, 0x49, 0x5b, 0x5b, 0x49, 0x81, 0x49, 0x5c, 0x40, 0x38, 0x2d,
  0x81, 0x2c, 0x38, 0x38, 0x2c, 0x81, 0x2d, 0x38, 0x00, 0x01, 0x00, 0x96,
  0x01, 0x7e, 0x01, 0xe0, 0x03, 0x3e, 0x00, 0x0a, 0x00, 0x00, 0x13, 0x35,
  0x33, 0x11, 0x07, 0x35, 0x37, 0x33, 0x11, 0x33, 0x15, 0x96, 0x90, 0x8d,
  0x74, 0x60, 0x73, 0x01, 0x7e, 0x41, 0x01, 0x44, 0x55, 0x49, 0x47, 0xfe,
  0x81, 0x41, 0x00, 0x01, 0x00, 0x93, 0x01, 0x7e, 0x01, 0xc9, 0x03, 0x43,
  0x00, 0x1a, 0x00, 0x00, 0x13, 0x35, 0x37, 0x36, 0x36, 0x35, 0x34, 0x26,
  0x23, 0x22, 0x06, 0x15, 0x23, 0x3e, 0x02, 0x33, 0x32, 0x16, 0x16, 0x15,
  0x14, 0x06, 0x07, 0x07, 0x33, 0x15, 0x9c, 0xb7, 0x14, 0x18, 0x2f, 0x23,
  0x22, 0x31, 0x47, 0x02, 0x2a, 0x45, 0x29, 0x2c, 0x45, 0x29, 0x2a, 0x24,
  0x8c, 0xdc, 0x01, 0x7e, 0x4d, 0x9e, 0x11, 0x25, 0x16, 0x23, 0x2b, 0x2c,
  0x24, 0x2b, 0x40, 0x25, 0x23, 0x3f, 0x2a, 0x24, 0x3e, 0x1f, 0x77, 0x41,
  0x00, 0x01, 0x00, 0x8b, 0x01, 0x79, 0x01, 0xce, 0x03, 0x3e, 0x00, 0x1a,
  0x00, 0x00, 0x01, 0x22, 0x26, 0x35, 0x33, 0x14, 0x16, 0x33, 0x32, 0x36,
  0x35, 0x34, 0x26, 0x23, 0x23, 0x35, 0x37, 0x23, 0x35, 0x21, 0x15, 0x07,
  0x16, 0x16, 0x15, 0x14, 0x06, 0x01, 0x2c, 0x47, 0x5a, 0x47, 0x32, 0x28,
  0x28, 0x32, 0x32, 0x28, 0x29, 0x73, 0xd5, 0x01, 0x1d, 0x75, 0x3c, 0x49,
  0x5a, 0x01, 0x79, 0x52, 0x42, 0x25, 0x2f, 0x2f, 0x25, 0x25, 0x2e, 0x45,
  0x58, 0x41, 0x48, 0x5c, 0x07, 0x4c, 0x3a, 0x42, 0x52, 0x00, 0x00, 0x01,
  0x00, 0x8f, 0x01, 0x7e, 0x01, 0xbd, 0x03, 0x3e, 0x00, 0x0b, 0x00, 0x00,
  0x01, 0x35, 0x23, 0x35, 0x37, 0x33, 0x03, 0x15, 0x33, 0x35, 0x33, 0x11,
  0x01, 0x76, 0xe7, 0xae, 0x50, 0xb8, 0xa1, 0x47, 0x01, 0x7e, 0x69, 0x5d,
  0xfa, 0xfe, 0xf6, 0x0d, 0x72, 0xfe, 0xe5, 0x00, 0x00, 0x01, 0x00, 0x8d,
  0x01, 0x79, 0x01, 0xcf, 0x03, 0x3e, 0x00, 0x19, 0x00, 0x00, 0x01, 0x22,
  0x26, 0x35, 0x33, 0x14, 0x16, 0x33, 0x32, 0x36, 0x35, 0x34, 0x26, 0x23,
  0x23, 0x35, 0x21, 0x15, 0x23, 0x15, 0x33, 0x32, 0x16, 0x15, 0x14, 0x06,
  0x01, 0x2f, 0x49, 0x59, 0x46, 0x32, 0x2a, 0x28, 0x30, 0x30, 0x28, 0x8b,
  0x01, 0x1a, 0xd7, 0x48, 0x4a, 0x56, 0x58, 0x01, 0x79, 0x50, 0x44, 0x28,
  0x2c, 0x2f, 0x25, 0x26, 0x2e, 0xdd, 0x3f, 0x62, 0x4e, 0x42, 0x42, 0x52,
  0x00, 0x02, 0x00, 0x86, 0x01, 0x79, 0x01, 0xd2, 0x03, 0x3e, 0x00, 0x10,
  0x00, 0x1c, 0x00, 0x00, 0x01, 0x22, 0x26, 0x35, 0x34, 0x37, 0x37, 0x33,
  0x07, 0x33, 0x36, 0x33, 0x32, 0x16, 0x15, 0x14, 0x06, 0x27, 0x32, 0x36,
  0x35, 0x34, 0x26, 0x23, 0x22, 0x06, 0x15, 0x14, 0x16, 0x01, 0x2d, 0x4b,
  0x5c, 0x24, 0x7e, 0x4d, 0x81, 0x04, 0x1b, 0x31, 0x40, 0x4e, 0x5b, 0x4b,
  0x2a, 0x34, 0x34, 0x2a, 0x29, 0x35, 0x34, 0x01, 0x79, 0x55, 0x43, 0x32,
  0x39, 0xc2, 0xc5, 0x25, 0x4e, 0x3f, 0x43, 0x55, 0x40, 0x31, 0x27, 0x27,
  0x31, 0x31, 0x27, 0x27, 0x31, 0x00, 0x00, 0x01, 0x00, 0x94, 0x01, 0x7e,
  0x01, 0xce, 0x03, 0x3e, 0x00, 0x08, 0x00, 0x00, 0x13, 0x13, 0x23, 0x15,
  0x23, 0x35, 0x21, 0x15, 0x03, 0xd8, 0xb1, 0xaf, 0x46, 0x01, 0x3a, 0xa8,
  0x01, 0x7e, 0x01, 0x80, 0x4e, 0x8e, 0x4c, 0xfe, 0x8c, 0x00, 0x00, 0x03,
  0x00, 0x87, 0x01, 0x79, 0x01, 0xd1, 0x03, 0x43, 0x00, 0x19, 0x00, 0x25,
  0x00, 0x31, 0x00, 0x00, 0x01, 0x22, 0x26, 0x35, 0x34, 0x36, 0x37, 0x35,
  0x26, 0x26, 0x35, 0x34, 0x36, 0x33, 0x32, 0x16, 0x15, 0x14, 0x06, 0x07,
  0x15, 0x16, 0x16, 0x15, 0x14, 0x06, 0x03, 0x32, 0x36, 0x35, 0x34, 0x26,
  0x23, 0x22, 0x06, 0x15, 0x14, 0x16, 0x17, 0x32, 0x36, 0x35, 0x34, 0x26,
  0x23, 0x22, 0x06, 0x15, 0x14, 0x16, 0x01, 0x2c, 0x49, 0x5c, 0x3a, 0x2e,
  0x2a, 0x33, 0x55, 0x45, 0x46, 0x56, 0x34, 0x2c, 0x2f, 0x3a, 0x5b, 0x4a,
  0x27, 0x30, 0x30, 0x27, 0x26, 0x2f, 0x2f, 0x26, 0x2a, 0x36, 0x36, 0x2a,
  0x2a, 0x36, 0x36, 0x01, 0x79, 0x49, 0x3a, 0x2e, 0x3d, 0x04, 0x04, 0x08,
  0x34, 0x22, 0x35, 0x41, 0x41, 0x35, 0x22, 0x34, 0x08, 0x04, 0x04, 0x3d,
  0x2e, 0x3a, 0x49, 0x01, 0x0b, 0x24, 0x1d, 0x1d, 0x25, 0x25, 0x1d, 0x1d,
  0x24, 0xce, 0x29, 0x21, 0x21, 0x29, 0x29, 0x21, 0x21, 0x29, 0x00, 0x02,
  0x00, 0x8b, 0x01, 0x7e, 0x01, 0xcd, 0x03, 0x43, 0x00, 0x12, 0x00, 0x1e,
  0x00, 0x00, 0x13, 0x37, 0x23, 0x06, 0x06, 0x23, 0x22, 0x26, 0x35, 0x34,
  0x36, 0x33, 0x32, 0x16, 0x15, 0x14, 0x06, 0x07, 0x07, 0x27, 0x32, 0x36,
  0x35, 0x34, 0x26, 0x23, 0x22, 0x06, 0x15, 0x14, 0x16, 0xe7, 0x7e, 0x04,
  0x0a, 0x26, 0x1d, 0x3f, 0x4a, 0x57, 0x49, 0x4a, 0x58, 0x16, 0x16, 0x6d,
  0x08, 0x26, 0x33, 0x30, 0x29, 0x29, 0x30, 0x30, 0x01, 0x7e, 0xc5, 0x10,
  0x15, 0x4f, 0x3e, 0x44, 0x54, 0x54, 0x44, 0x21, 0x3c, 0x23, 0xad, 0xd5,
  0x31, 0x27, 0x27, 0x31, 0x31, 0x27, 0x27, 0x31, 0x00, 0x02, 0xfe, 0x34,
  0x01, 0x22, 0x01, 0xcc, 0x01, 0x72, 0x00, 0x03, 0x00, 0x07, 0x00, 0x00,
  0x13, 0x35, 0x21, 0x15, 0x21, 0x35, 0x21, 0x15, 0x2d, 0x01, 0x9f, 0xfc,
  0x68, 0x01, 0x9f, 0x01, 0x22, 0x50, 0x50, 0x50, 0x50, 0x00, 0x00, 0x03,
  0xfb, 0xdc, 0x01, 0x22, 0x01, 0xcc, 0x01, 0x72, 0x00, 0x03, 0x00, 0x07,
  0x00, 0x0b, 0x00, 0x00, 0x13, 0x35, 0x21, 0x15, 0x21, 0x35, 0x21, 0x15,
  0x33, 0x35, 0x21, 0x15, 0x0f, 0x01, 0xbd, 0xfa, 0x10, 0x01, 0xbd, 0x5f,
  0x01, 0xb8, 0x01, 0x22, 0x50, 0x50, 0x50, 0x50, 0x50, 0x50, 0x00, 0x02,
  0xf9, 0x4d, 0xff, 0x74, 0x01, 0xf4, 0x03, 0x20, 0x00, 0x29, 0x00, 0x50,
  0x00, 0x00, 0x05, 0x35, 0x33, 0x32, 0x36, 0x27, 0x27, 0x26, 0x36, 0x37,
  0x21, 0x35, 0x21, 0x26, 0x26, 0x37, 0x37, 0x36, 0x26, 0x23, 0x23, 0x35,
  0x33, 0x32, 0x16, 0x16, 0x07, 0x07, 0x06, 0x16, 0x33, 0x33, 0x15, 0x23,
  0x22, 0x06, 0x17, 0x17, 0x16, 0x06, 0x06, 0x23, 0x21, 0x35, 0x33, 0x32,
  0x36, 0x27, 0x27, 0x26, 0x36, 0x37, 0x26, 0x26, 0x37, 0x37, 0x36, 0x26,
  0x23, 0x23, 0x35, 0x33, 0x32, 0x16, 0x16, 0x07, 0x07, 0x06, 0x16, 0x33,
  0x33, 0x15, 0x23, 0x22, 0x06, 0x17, 0x17, 0x16, 0x06, 0x06, 0x23, 0xfe,
  0x34, 0x2d, 0x2f, 0x37, 0x07, 0x19, 0x04, 0x0c, 0x0f, 0xfa, 0x8f, 0x05,
  0x75, 0x11, 0x0f, 0x05, 0x19, 0x07, 0x37, 0x2f, 0x2d, 0x2d, 0x3b, 0x59,
  0x2d, 0x08, 0x19, 0x08, 0x2b, 0x41, 0x7d, 0x7d, 0x40, 0x2c, 0x08, 0x19,
  0x08, 0x2d, 0x59, 0x3b, 0x01, 0xe5, 0x2d, 0x2f, 0x37, 0x07, 0x19, 0x09,
  0x3a, 0x33, 0x33, 0x3a, 0x09, 0x19, 0x07, 0x37, 0x2f, 0x2d, 0x2d, 0x3b,
  0x59, 0x2d, 0x08, 0x19, 0x08, 0x2b, 0x41, 0x7d, 0x7d, 0x40, 0x2c, 0x08,
  0x19, 0x08, 0x2d, 0x59, 0x3b, 0x8c, 0x50, 0x2b, 0x2b, 0xa4, 0x1e, 0x33,
  0x13, 0x50, 0x11, 0x33, 0x20, 0xa4, 0x2b, 0x2b, 0x50, 0x27, 0x4a, 0x35,
  0xa4, 0x35, 0x2f, 0x50, 0x2f, 0x35, 0xa4, 0x34, 0x4b, 0x27, 0x50, 0x2b,
  0x2b, 0xa4, 0x39, 0x4f, 0x09, 0x08, 0x46, 0x39, 0xa4, 0x2b, 0x2b, 0x50,
  0x27, 0x4a, 0x35, 0xa4, 0x35, 0x2f, 0x50, 0x2f, 0x35, 0xa4, 0x34, 0x4b,
  0x27, 0x00, 0x00, 0x01, 0xfb, 0xa6, 0x00, 0x23, 0x02, 0x0d, 0x02, 0x71,
  0x00, 0x0c, 0x00, 0x00, 0x13, 0x33, 0x13, 0x03, 0x23, 0x37, 0x36, 0x37,
  0x21, 0x35, 0x21, 0x26, 0x27, 0xbc, 0x6a, 0xe7, 0xe8, 0x69, 0xbe, 0x08,
  0x08, 0xfa, 0x1c, 0x05, 0xe4, 0x0a, 0x0a, 0x02, 0x71, 0xfe, 0xd9, 0xfe,
  0xd9, 0xef, 0x0a, 0x06, 0x50, 0x08, 0x0c, 0x00, 0x00, 0x01, 0xfe, 0x5c,
  0xff, 0xab, 0x01, 0x59, 0x02, 0xee, 0x00, 0x07, 0x00, 0x00, 0x17, 0x11,
  0x21, 0x35, 0x21, 0x11, 0x33, 0x11, 0xff, 0xfd, 0x5d, 0x02, 0xa3, 0x5a,
  0x55, 0x01, 0x77, 0x50, 0x01, 0x7c, 0xfc, 0xbd, 0x00, 0x01, 0xfd, 0xfd,
  0x00, 0x23, 0x02, 0x0d, 0x02, 0x71, 0x00, 0x0e, 0x00, 0x00, 0x13, 0x33,
  0x13, 0x03, 0x23, 0x37, 0x36, 0x36, 0x37, 0x21, 0x35, 0x21, 0x26, 0x26,
  0x27, 0xbc, 0x6a, 0xe7, 0xe8, 0x69, 0xbe, 0x03, 0x07, 0x03, 0xfc, 0x76,
  0x03, 0x8a, 0x04, 0x08, 0x05, 0x02, 0x71, 0xfe, 0xd9, 0xfe, 0xd9, 0xef,
  0x04, 0x08, 0x04, 0x50, 0x05, 0x0a, 0x05, 0x00, 0x00, 0x02, 0xfb, 0xa5,
  0x00, 0x23, 0x02, 0x0d, 0x02, 0x71, 0x00, 0x0e, 0x00, 0x1a, 0x00, 0x00,
  0x27, 0x37, 0x36, 0x36, 0x37, 0x21, 0x35, 0x21, 0x26, 0x26, 0x27, 0x27,
  0x33, 0x13, 0x03, 0x33, 0x37, 0x36, 0x36, 0x37, 0x26, 0x26, 0x27, 0x27,
  0x33, 0x13, 0x03, 0x70, 0xbe, 0x03, 0x07, 0x03, 0xfb, 0x4a, 0x04, 0xb6,
  0x04, 0x08, 0x05, 0xba, 0x6a, 0xe7, 0xe8, 0xc3, 0xbe, 0x13, 0x1a, 0x05,
  0x05, 0x1c, 0x15, 0xba, 0x6a, 0xe7, 0xe8, 0x23, 0xef, 0x04, 0x08, 0x04,
  0x50, 0x05, 0x0a, 0x05, 0xeb, 0xfe, 0xd9, 0xfe, 0xd9, 0xef, 0x17, 0x1c,
  0x04, 0x05, 0x1f, 0x19, 0xeb, 0xfe, 0xd9, 0xfe, 0xd9, 0x00, 0x00, 0x01,
  0xfd, 0xfd, 0x00, 0x23, 0x01, 0xf4, 0x02, 0x71, 0x00, 0x0a, 0x00, 0x00,
  0x25, 0x27, 0x21, 0x35, 0x21, 0x37, 0x33, 0x07, 0x07, 0x17, 0x17, 0x01,
  0x8a, 0xc8, 0xfd, 0x3b, 0x02, 0xc5, 0xc9, 0x69, 0xbe, 0x2e, 0x32, 0xba,
  0x23, 0xff, 0x50, 0xff, 0xef, 0x37, 0x3d, 0xeb, 0x00, 0x02, 0xfb, 0xa5,
  0x00, 0x23, 0x01, 0xf4, 0x02, 0x71, 0x00, 0x0a, 0x00, 0x12, 0x00, 0x00,
  0x37, 0x27, 0x21, 0x35, 0x21, 0x37, 0x33, 0x07, 0x07, 0x17, 0x17, 0x33,
  0x03, 0x13, 0x33, 0x07, 0x07, 0x17, 0x17, 0x5e, 0xc8, 0xfc, 0x0f, 0x03,
  0xf1, 0xc9, 0x69, 0xbe, 0x2e, 0x32, 0xba, 0xc2, 0xe7, 0xe8, 0x69, 0xbe,
  0x2e, 0x32, 0xba, 0x23, 0xff, 0x50, 0xff, 0xef, 0x37, 0x3d, 0xeb, 0x01,
  0x27, 0x01, 0x27, 0xef, 0x37, 0x3d, 0xeb, 0x00, 0x00, 0x01, 0xfe, 0x11,
  0x00, 0xdc, 0x01, 0xef, 0x01, 0xb8, 0x00, 0x1d, 0x00, 0x00, 0x37, 0x22,
  0x27, 0x21, 0x35, 0x21, 0x15, 0x14, 0x16, 0x33, 0x32, 0x3e, 0x03, 0x33,
  0x32, 0x16, 0x15, 0x15, 0x23, 0x35, 0x34, 0x26, 0x23, 0x22, 0x0e, 0x03,
  0x64, 0x62, 0x27, 0xfe, 0x36, 0x02, 0x0d, 0x27, 0x1f, 0x1a, 0x27, 0x23,
  0x29, 0x39, 0x2a, 0x46, 0x55, 0x55, 0x26, 0x20, 0x1b, 0x27, 0x24, 0x29,
  0x38, 0xdc, 0x46, 0x50, 0x05, 0x22, 0x24, 0x1d, 0x2b, 0x2c, 0x1d, 0x50,
  0x41, 0x3c, 0x3c, 0x20, 0x26, 0x1d, 0x2b, 0x2c, 0x1d, 0x00, 0xff, 0xff,
  0xfe, 0x0c, 0xff, 0x92, 0x01, 0xcc, 0x03, 0x3e, 0x00, 0x27, 0x00, 0xb8,
  0xfd, 0xc1, 0x00, 0x00, 0x00, 0x06, 0x00, 0xb8, 0xd3, 0x00, 0x00, 0x03,
  0xf9, 0x7f, 0xff, 0x74, 0x02, 0x03, 0x03, 0x20, 0x00, 0x24, 0x00, 0x4a,
  0x00, 0x4f, 0x00, 0x00, 0x05, 0x22, 0x26, 0x37, 0x37, 0x36, 0x26, 0x23,
  0x23, 0x35, 0x33, 0x32, 0x36, 0x27, 0x27, 0x26, 0x36, 0x33, 0x33, 0x15,
  0x23, 0x22, 0x06, 0x17, 0x17, 0x16, 0x06, 0x07, 0x16, 0x16, 0x07, 0x07,
  0x06, 0x16, 0x33, 0x33, 0x15, 0x21, 0x22, 0x26, 0x37, 0x37, 0x36, 0x26,
  0x23, 0x23, 0x35, 0x33, 0x32, 0x36, 0x27, 0x27, 0x26, 0x36, 0x33, 0x33,
  0x15, 0x23, 0x22, 0x06, 0x17, 0x17, 0x16, 0x07, 0x21, 0x15, 0x21, 0x16,
  0x07, 0x07, 0x06, 0x16, 0x33, 0x33, 0x15, 0x01, 0x16, 0x17, 0x35, 0x06,
  0xfb, 0x00, 0x58, 0x68, 0x07, 0x0f, 0x05, 0x28, 0x41, 0x73, 0x73, 0x41,
  0x28, 0x05, 0x0f, 0x07, 0x68, 0x58, 0x2d, 0x2d, 0x2f, 0x34, 0x04, 0x0f,
  0x05, 0x42, 0x4b, 0x4b, 0x42, 0x05, 0x0f, 0x04, 0x34, 0x2f, 0x2d, 0x01,
  0xe8, 0x58, 0x68, 0x07, 0x0f, 0x05, 0x28, 0x41, 0x73, 0x73, 0x41, 0x28,
  0x05, 0x0f, 0x07, 0x68, 0x58, 0x2d, 0x2d, 0x2f, 0x34, 0x04, 0x0f, 0x06,
  0x27, 0x05, 0x5f, 0xfa, 0xa3, 0x25, 0x06, 0x0f, 0x04, 0x34, 0x2f, 0x2d,
  0xfe, 0xfb, 0x17, 0x14, 0x14, 0x8c, 0x57, 0x4f, 0xa4, 0x35, 0x2f, 0x50,
  0x2f, 0x35, 0xa4, 0x4f, 0x57, 0x50, 0x2b, 0x2b, 0xa4, 0x3b, 0x47, 0x07,
  0x07, 0x4e, 0x3a, 0xa4, 0x2b, 0x2b, 0x50, 0x57, 0x4f, 0xa4, 0x35, 0x2f,
  0x50, 0x2f, 0x35, 0xa4, 0x4f, 0x57, 0x50, 0x2b, 0x2b, 0xa4, 0x41, 0x23,
  0x50, 0x25, 0x3f, 0xa4, 0x2b, 0x2b, 0x50, 0x01, 0xd9, 0x02, 0x06, 0x0f,
  0x05, 0x00, 0x00, 0x05, 0xf9, 0x7f, 0xff, 0x74, 0x02, 0x03, 0x03, 0x20,
  0x00, 0x25, 0x00, 0x29, 0x00, 0x2d, 0x00, 0x32, 0x00, 0x40, 0x00, 0x00,
  0x05, 0x22, 0x26, 0x37, 0x37, 0x36, 0x26, 0x23, 0x23, 0x35, 0x33, 0x32,
  0x36, 0x27, 0x27, 0x26, 0x36, 0x33, 0x33, 0x15, 0x23, 0x22, 0x06, 0x17,
  0x17, 0x16, 0x07, 0x21, 0x15, 0x21, 0x16, 0x07, 0x07, 0x06, 0x16, 0x33,
  0x33, 0x15, 0x01, 0x03, 0x33, 0x03, 0x37, 0x35, 0x21, 0x15, 0x25, 0x16,
  0x17, 0x35, 0x06, 0x01, 0x22, 0x26, 0x35, 0x34, 0x36, 0x33, 0x33, 0x32,
  0x16, 0x15, 0x14, 0x06, 0x23, 0xfb, 0x00, 0x58, 0x68, 0x07, 0x0f, 0x05,
  0x28, 0x41, 0x73, 0x73, 0x41, 0x28, 0x05, 0x0f, 0x07, 0x68, 0x58, 0x2d,
  0x2d, 0x2f, 0x34, 0x04, 0x0f, 0x06, 0x27, 0x01, 0x25, 0xfe, 0xdd, 0x25,
  0x06, 0x0f, 0x04, 0x34, 0x2f, 0x2d, 0x01, 0x28, 0x0c, 0x6a, 0x0c, 0x9d,
  0x04, 0xbf, 0xf8, 0x25, 0x0e, 0x0c, 0x0c, 0x02, 0x39, 0x1a, 0x22, 0x22,
  0x1a, 0x1e, 0x1d, 0x1f, 0x22, 0x1a, 0x8c, 0x57, 0x4f, 0xa4, 0x35, 0x2f,
  0x50, 0x2f, 0x35, 0xa4, 0x4f, 0x57, 0x50, 0x2b, 0x2b, 0xa4, 0x41, 0x23,
  0x50, 0x25, 0x3f, 0xa4, 0x2b, 0x2b, 0x50, 0x01, 0x63, 0x02, 0x03, 0xfd,
  0xfd, 0x4b, 0x50, 0x50, 0x2b, 0x01, 0x03, 0x08, 0x02, 0xfe, 0xac, 0x22,
  0x1a, 0x1a, 0x22, 0x21, 0x1a, 0x1a, 0x23, 0x00, 0xff, 0xff, 0xfc, 0x09,
  0xff, 0x92, 0x01, 0x40, 0x03, 0x3e, 0x00, 0x27, 0x00, 0xb8, 0xfb, 0xbe,
  0x00, 0x00, 0x00, 0x27, 0x00, 0xac, 0xfd, 0xf3, 0x00, 0x00, 0x00, 0x06,
  0x00, 0xac, 0xc9, 0x00, 0x00, 0x02, 0xfe, 0x43, 0xff, 0x92, 0x01, 0x45,
  0x03, 0x3e, 0x00, 0x24, 0x00, 0x28, 0x00, 0x00, 0x07, 0x22, 0x26, 0x37,
  0x37, 0x36, 0x26, 0x23, 0x23, 0x35, 0x33, 0x32, 0x36, 0x27, 0x27, 0x26,
  0x36, 0x33, 0x33, 0x15, 0x23, 0x22, 0x06, 0x17, 0x17, 0x16, 0x06, 0x07,
  0x16, 0x16, 0x07, 0x07, 0x06, 0x16, 0x33, 0x33, 0x15, 0x33, 0x11, 0x33,
  0x11, 0x3c, 0x58, 0x65, 0x04, 0x0a, 0x03, 0x26, 0x41, 0x6e, 0x6e, 0x41,
  0x26, 0x03, 0x0a, 0x04, 0x65, 0x58, 0x73, 0x73, 0x2f, 0x32, 0x02, 0x0a,
  0x03, 0x35, 0x32, 0x31, 0x36, 0x03, 0x0a, 0x02, 0x32, 0x2f, 0x73, 0xb4,
  0x5a, 0x6e, 0x57, 0x4f, 0xa4, 0x35, 0x2f, 0x50, 0x2f, 0x35, 0xa4, 0x4f,
  0x57, 0x50, 0x2b, 0x2b, 0xa4, 0x39, 0x4a, 0x09, 0x09, 0x4a, 0x39, 0xa4,
  0x2b, 0x2b, 0x50, 0x03, 0xac, 0xfc, 0x54, 0x00, 0xff, 0xff, 0xfe, 0x34,
  0xff, 0x92, 0x01, 0xf4, 0x03, 0x3e, 0x00, 0x27, 0x00, 0xb9, 0xfd, 0xd5,
  0x00, 0x00, 0x00, 0x06, 0x00, 0xb9, 0xe7, 0x00, 0x00, 0x02, 0xfe, 0xbb,
  0xff, 0x92, 0x01, 0x45, 0x03, 0x3e, 0x00, 0x07, 0x00, 0x0b, 0x00, 0x00,
  0x05, 0x11, 0x21, 0x15, 0x21, 0x11, 0x21, 0x15, 0x33, 0x11, 0x33, 0x11,
  0xfe, 0xbb, 0x01, 0x81, 0xfe, 0xd9, 0x01, 0x27, 0xaf, 0x5a, 0x6e, 0x03,
  0xac, 0x50, 0xfc, 0xf4, 0x50, 0x03, 0xac, 0xfc, 0x54, 0x00, 0xff, 0xff,
  0xfe, 0x8e, 0xff, 0x92, 0x01, 0x9f, 0x03, 0x3e, 0x00, 0x27, 0x00, 0xba,
  0xfd, 0xc1, 0x00, 0x00, 0x00, 0x06, 0x01, 0x17, 0x9c, 0x0f, 0x00, 0x03,
  0xfe, 0x3e, 0xff, 0x92, 0x02, 0x35, 0x03, 0x3e, 0x00, 0x1f, 0x00, 0x23,
  0x00, 0x27, 0x00, 0x00, 0x33, 0x37, 0x21, 0x11, 0x23, 0x35, 0x33, 0x11,
  0x23, 0x35, 0x33, 0x11, 0x21, 0x37, 0x33, 0x07, 0x33, 0x37, 0x33, 0x07,
  0x33, 0x15, 0x23, 0x07, 0x33, 0x15, 0x23, 0x07, 0x23, 0x37, 0x23, 0x07,
  0x13, 0x21, 0x15, 0x21, 0x33, 0x33, 0x37, 0x23, 0x53, 0x27, 0xfe, 0xb9,
  0xf5, 0x9b, 0x9b, 0xf5, 0x01, 0x7f, 0x27, 0x46, 0x27, 0xa0, 0x27, 0x46,
  0x27, 0x57, 0x62, 0x22, 0x61, 0x6c, 0x27, 0x46, 0x27, 0xa0, 0x27, 0x0e,
  0xfe, 0x8c, 0x01, 0x52, 0x46, 0xa0, 0x22, 0xa0, 0xd2, 0xfe, 0xc0, 0x50,
  0x03, 0x0c, 0x50, 0xfe, 0xca, 0xd2, 0xd2, 0xd2, 0xd2, 0x41, 0xb4, 0x41,
  0xd2, 0xd2, 0xd2, 0x01, 0xc7, 0xb4, 0xb4, 0x00, 0xff, 0xff, 0xfe, 0xd4,
  0xff, 0xf6, 0x01, 0x2e, 0x00, 0x98, 0x00, 0x27, 0x00, 0xa8, 0xfd, 0xfa,
  0x00, 0x00, 0x00, 0x06, 0x00, 0xa8, 0xb0, 0x00, 0xff, 0xff, 0xfc, 0x90,
  0xff, 0xf6, 0x01, 0x1a, 0x00, 0x98, 0x00, 0x27, 0x00, 0xa8, 0xfb, 0xb6,
  0x00, 0x00, 0x00, 0x27, 0x00, 0xa8, 0xfd, 0xa9, 0x00, 0x00, 0x00, 0x06,
  0x00, 0xa8, 0x9c, 0x00, 0xff, 0xff, 0xfc, 0x71, 0xff, 0xf6, 0x01, 0x45,
  0x02, 0x53, 0x00, 0x27, 0x01, 0x17, 0xff, 0x42, 0x00, 0x00, 0x00, 0x27,
  0x00, 0xa8, 0xfb, 0x97, 0x00, 0x00, 0x00, 0x07, 0x00, 0xa8, 0xfd, 0x4d,
  0x00, 0x00, 0xff, 0xff, 0xfe, 0x82, 0xff, 0xf6, 0x01, 0x81, 0x02, 0xda,
  0x00, 0x27, 0x00, 0xa8, 0xfd, 0xa8, 0x00, 0x00, 0x00, 0x06, 0x00, 0xad,
  0x9c, 0x00, 0xff, 0xff, 0xfe, 0x5c, 0x00, 0xaa, 0x02, 0x03, 0x01, 0xea,
  0x00, 0x27, 0x00, 0xae, 0xfd, 0xa8, 0xff, 0xdd, 0x02, 0x06, 0x01, 0x15,
  0x00, 0x00, 0xff, 0xff, 0xfe, 0xd1, 0xff, 0xf6, 0x01, 0x2f, 0x02, 0x30,
  0x00, 0x27, 0x00, 0xaa, 0xfd, 0xf8, 0x00, 0x00, 0x00, 0x06, 0x00, 0xaa,
  0xb0, 0x00, 0xff, 0xff, 0xfc, 0xc9, 0xff, 0xf6, 0x00, 0xdf, 0x02, 0x30,
  0x00, 0x27, 0x00, 0xaa, 0xfb, 0xf0, 0x00, 0x00, 0x00, 0x27, 0x00, 0xaa,
  0xfd, 0xa8, 0x00, 0x00, 0x00, 0x07, 0x00, 0xaa, 0xff, 0x60, 0x00, 0x00,
  0xff, 0xff, 0xfc, 0x44, 0x00, 0x2d, 0x01, 0x81, 0x02, 0x67, 0x00, 0x27,
  0x00, 0xaa, 0xfb, 0x6b, 0x00, 0x37, 0x00, 0x27, 0x00, 0xaa, 0xfd, 0x2f,
  0x00, 0x37, 0x00, 0x07, 0x01, 0x15, 0xff, 0x7e, 0x00, 0x00, 0xff, 0xff,
  0xfe, 0xb3, 0xff, 0xf6, 0x01, 0x81, 0x02, 0xda, 0x00, 0x26, 0x00, 0xad,
  0x9c, 0x00, 0x00, 0x07, 0x00, 0xaa, 0xfd, 0xda, 0x00, 0x00, 0x00, 0x05,
  0xfc, 0x2c, 0xff, 0xf6, 0x01, 0xae, 0x02, 0xda, 0x00, 0x14, 0x00, 0x21,
  0x00, 0x2f, 0x00, 0x3d, 0x00, 0x4b, 0x00, 0x00, 0x25, 0x35, 0x33, 0x32,
  0x36, 0x35, 0x34, 0x26, 0x23, 0x23, 0x35, 0x33, 0x32, 0x16, 0x16, 0x15,
  0x14, 0x06, 0x06, 0x07, 0x15, 0x05, 0x35, 0x25, 0x36, 0x36, 0x37, 0x26,
  0x26, 0x27, 0x25, 0x35, 0x05, 0x15, 0x25, 0x22, 0x26, 0x35, 0x34, 0x36,
  0x33, 0x33, 0x32, 0x16, 0x15, 0x14, 0x06, 0x23, 0x03, 0x22, 0x26, 0x35,
  0x34, 0x36, 0x33, 0x33, 0x32, 0x16, 0x15, 0x14, 0x06, 0x23, 0x25, 0x22,
  0x26, 0x35, 0x34, 0x36, 0x33, 0x33, 0x32, 0x16, 0x15, 0x14, 0x06, 0x23,
  0xfe, 0x09, 0x32, 0x40, 0x4b, 0x4b, 0x41, 0x7d, 0x7d, 0x46, 0x67, 0x39,
  0x30, 0x55, 0x38, 0x01, 0x9d, 0x01, 0x36, 0x13, 0x21, 0x08, 0x09, 0x22,
  0x11, 0xfe, 0xca, 0x01, 0xae, 0xfa, 0xc9, 0x21, 0x2a, 0x2b, 0x20, 0x14,
  0x20, 0x2b, 0x2a, 0x21, 0x14, 0x21, 0x2a, 0x2b, 0x20, 0x14, 0x20, 0x2b,
  0x2a, 0x21, 0x01, 0x9b, 0x1a, 0x22, 0x22, 0x1a, 0x1e, 0x1d, 0x1f, 0x22,
  0x1a, 0xd7, 0xaa, 0x47, 0x3b, 0x3b, 0x47, 0x55, 0x35, 0x60, 0x42, 0x39,
  0x5b, 0x36, 0x03, 0x5f, 0x96, 0x57, 0x98, 0x09, 0x0d, 0x02, 0x02, 0x0d,
  0x09, 0x99, 0x5a, 0xd7, 0x64, 0x82, 0x2a, 0x21, 0x20, 0x2b, 0x2b, 0x20,
  0x21, 0x2a, 0xfe, 0x5c, 0x2a, 0x21, 0x20, 0x2b, 0x2b, 0x20, 0x21, 0x2a,
  0x05, 0x22, 0x1a, 0x1a, 0x22, 0x21, 0x1a, 0x1a, 0x23, 0x00, 0x00, 0x04,
  0xfe, 0x52, 0x00, 0x64, 0x01, 0xd6, 0x02, 0x30, 0x00, 0x0b, 0x00, 0x0f,
  0x00, 0x1b, 0x00, 0x1f, 0x00, 0x00, 0x01, 0x22, 0x26, 0x35, 0x34, 0x36,
  0x33, 0x32, 0x16, 0x15, 0x14, 0x06, 0x37, 0x35, 0x21, 0x15, 0x01, 0x22,
  0x26, 0x35, 0x34, 0x36, 0x33, 0x32, 0x16, 0x15, 0x14, 0x06, 0x37, 0x35,
  0x21, 0x15, 0xfe, 0xa2, 0x24, 0x2c, 0x2c, 0x24, 0x24, 0x2c, 0x2c, 0xea,
  0x02, 0x26, 0xfc, 0xcc, 0x24, 0x2c, 0x2c, 0x24, 0x24, 0x2c, 0x2c, 0xea,
  0x02, 0x26, 0x01, 0x90, 0x2b, 0x25, 0x24, 0x2c, 0x2c, 0x24, 0x25, 0x2b,
  0x0a, 0x50, 0x50, 0xfe, 0xca, 0x2c, 0x25, 0x24, 0x2b, 0x2b, 0x24, 0x25,
  0x2c, 0x46, 0x50, 0x50, 0xff, 0xff, 0xfe, 0x81, 0x00, 0x2d, 0x01, 0x9f,
  0x02, 0x67, 0x00, 0x26, 0x01, 0x16, 0x9c, 0x00, 0x00, 0x07, 0x00, 0xaa,
  0xfd, 0xa8, 0x00, 0x37, 0xff, 0xff, 0xfe, 0x81, 0x00, 0x2d, 0x01, 0x77,
  0x02, 0x67, 0x00, 0x27, 0x00, 0xaa, 0xfd, 0xa8, 0x00, 0x37, 0x00, 0x07,
  0x01, 0x17, 0xff, 0x74, 0x00, 0x00, 0xff, 0xff, 0xfe, 0xc5, 0xff, 0x60,
  0x01, 0x31, 0x02, 0x30, 0x00, 0x27, 0x00, 0xab, 0xfd, 0xf8, 0x00, 0x00,
  0x00, 0x06, 0x00, 0xab, 0xb0, 0x00, 0xff, 0xff, 0xfc, 0xbd, 0xff, 0x60,
  0x00, 0xe1, 0x02, 0x30, 0x00, 0x27, 0x00, 0xab, 0xfd, 0xa8, 0x00, 0x00,
  0x00, 0x27, 0x00, 0xab, 0xff, 0x60, 0x00, 0x00, 0x00, 0x07, 0x00, 0xab,
  0xfb, 0xf0, 0x00, 0x00, 0xff, 0xff, 0xfe, 0xc5, 0xff, 0xfb, 0x01, 0x3b,
  0x02, 0xda, 0x00, 0x27, 0x00, 0xac, 0xfd, 0xe4, 0x00, 0x00, 0x00, 0x06,
  0x00, 0xac, 0xc4, 0x00, 0xff, 0xff, 0xfc, 0x68, 0xff, 0x92, 0x01, 0x9f,
  0x03, 0x3e, 0x00, 0x27, 0x00, 0xac, 0xfb, 0x87, 0x00, 0x00, 0x00, 0x27,
  0x00, 0xac, 0xfd, 0x5d, 0x00, 0x00, 0x00, 0x06, 0x00, 0xb9, 0x92, 0x00,
  0x00, 0x01, 0xfd, 0xf8, 0x00, 0x00, 0x02, 0x08, 0x02, 0x99, 0x00, 0x13,
  0x00, 0x00, 0x23, 0x37, 0x21, 0x35, 0x21, 0x37, 0x21, 0x35, 0x21, 0x37,
  0x33, 0x07, 0x21, 0x15, 0x21, 0x07, 0x21, 0x15, 0x21, 0x07, 0x98, 0x3e,
  0xfe, 0x52, 0x01, 0xcc, 0x3a, 0xfd, 0xfa, 0x02, 0x24, 0x40, 0x46, 0x40,
  0x01, 0xa6, 0xfe, 0x3c, 0x3a, 0x01, 0xfe, 0xfd, 0xe4, 0x3e, 0xaa, 0x50,
  0xa0, 0x50, 0xaf, 0xaf, 0x50, 0xa0, 0x50, 0xaa, 0x00, 0x01, 0xfb, 0xa5,
  0xff, 0x92, 0x02, 0x03, 0x03, 0x3e, 0x00, 0x1b, 0x00, 0x00, 0x05, 0x37,
  0x21, 0x35, 0x21, 0x37, 0x21, 0x35, 0x21, 0x37, 0x21, 0x35, 0x21, 0x37,
  0x33, 0x07, 0x21, 0x15, 0x21, 0x07, 0x21, 0x15, 0x21, 0x07, 0x21, 0x15,
  0x21, 0x07, 0xfe, 0x1f, 0x44, 0xfd, 0x42, 0x02, 0xda, 0x34, 0xfc, 0xf2,
  0x03, 0x29, 0x34, 0xfc, 0xa3, 0x03, 0x79, 0x5a, 0x46, 0x5a, 0x02, 0x9f,
  0xfd, 0x45, 0x34, 0x02, 0xef, 0xfc, 0xf6, 0x34, 0x03, 0x3e, 0xfc, 0xa6,
  0x44, 0x6e, 0xba, 0x4c, 0x8c, 0x4c, 0x8c, 0x4c, 0xf6, 0xf6, 0x4c, 0x8c,
  0x4c, 0x8c, 0x4c, 0xba, 0xff, 0xff, 0xfe, 0x90, 0xff, 0xf6, 0x01, 0x2d,
  0x02, 0xda, 0x00, 0x27, 0x00, 0xad, 0xfe, 0x0e, 0x00, 0x00, 0x00, 0x06,
  0x00, 0xa8, 0xaf, 0x00, 0xff, 0xff, 0xfe, 0x90, 0xff, 0xf6, 0x01, 0x4d,
  0x02, 0xda, 0x00, 0x27, 0x00, 0xad, 0xfe, 0x0e, 0x00, 0x00, 0x00, 0x06,
  0x00, 0xaa, 0xce, 0x00, 0xff, 0xff, 0xfe, 0x5c, 0xff, 0xfb, 0x01, 0xb8,
  0x02, 0xda, 0x00, 0x27, 0x00, 0xad, 0xfd, 0xda, 0x00, 0x00, 0x00, 0x06,
  0x00, 0xad, 0xd3, 0x00, 0xff, 0xff, 0xfb, 0xfa, 0xff, 0xfb, 0x01, 0xbd,
  0x02, 0xda, 0x00, 0x27, 0x00, 0xad, 0xfb, 0x78, 0x00, 0x00, 0x00, 0x27,
  0x00, 0xad, 0xfd, 0xa8, 0x00, 0x00, 0x00, 0x06, 0x00, 0xad, 0xd8, 0x00,
  0x00, 0x04, 0xfe, 0x52, 0xff, 0xfb, 0x01, 0xcc, 0x02, 0xda, 0x00, 0x14,
  0x00, 0x18, 0x00, 0x1e, 0x00, 0x2c, 0x00, 0x00, 0x25, 0x35, 0x33, 0x32,
  0x36, 0x35, 0x34, 0x26, 0x23, 0x23, 0x35, 0x33, 0x32, 0x16, 0x16, 0x15,
  0x14, 0x06, 0x06, 0x07, 0x15, 0x25, 0x35, 0x21, 0x15, 0x05, 0x35, 0x36,
  0x37, 0x21, 0x15, 0x05, 0x22, 0x26, 0x35, 0x34, 0x36, 0x33, 0x33, 0x32,
  0x16, 0x15, 0x14, 0x06, 0x23, 0xfe, 0x9e, 0x32, 0x40, 0x4b, 0x4b, 0x41,
  0x7d, 0x7d, 0x46, 0x67, 0x39, 0x30, 0x55, 0x38, 0x01, 0x1c, 0x01, 0xb8,
  0xfd, 0xa8, 0x27, 0x09, 0x02, 0x28, 0xfc, 0xef, 0x1a, 0x22, 0x22, 0x1a,
  0x1e, 0x1d, 0x1f, 0x22, 0x1a, 0xd7, 0xaa, 0x47, 0x3b, 0x3b, 0x47, 0x55,
  0x35, 0x60, 0x42, 0x39, 0x5b, 0x36, 0x03, 0x5f, 0xe6, 0x50, 0x50, 0xf0,
  0x24, 0x13, 0x19, 0x50, 0xd2, 0x22, 0x1a, 0x1a, 0x22, 0x21, 0x1a, 0x1a,
  0x23, 0x00, 0xff, 0xff, 0xfb, 0x9c, 0x00, 0x67, 0x02, 0x0c, 0x03, 0x0c,
  0x00, 0x27, 0x00, 0xaf, 0xfb, 0x78, 0x00, 0x00, 0x00, 0x27, 0x00, 0xaf,
  0xfd, 0xa8, 0x00, 0xa0, 0x00, 0x06, 0x00, 0xaf, 0xd8, 0x00, 0xff, 0xff,
  0xfd, 0xe5, 0x00, 0x41, 0x02, 0x12, 0x02, 0x6c, 0x00, 0x26, 0x01, 0x16,
  0x0f, 0x00, 0x00, 0x07, 0x00, 0xaf, 0xfd, 0xc1, 0x00, 0x00, 0xff, 0xff,
  0xfd, 0xcc, 0xff, 0x92, 0x02, 0x0d, 0x03, 0x3e, 0x00, 0x27, 0x00, 0xaf,
  0xfd, 0xa8, 0xff, 0xb0, 0x02, 0x06, 0x00, 0xb1, 0x00, 0x00, 0x00, 0x03,
  0xfd, 0xcb, 0xff, 0x88, 0x01, 0xe5, 0x03, 0x48, 0x00, 0x27, 0x00, 0x2d,
  0x00, 0x31, 0x00, 0x00, 0x05, 0x26, 0x26, 0x27, 0x21, 0x07, 0x23, 0x37,
  0x23, 0x07, 0x23, 0x37, 0x23, 0x35, 0x33, 0x37, 0x23, 0x35, 0x33, 0x37,
  0x33, 0x07, 0x33, 0x37, 0x33, 0x07, 0x21, 0x36, 0x36, 0x37, 0x15, 0x0e,
  0x02, 0x15, 0x15, 0x14, 0x16, 0x16, 0x17, 0x01, 0x21, 0x35, 0x34, 0x35,
  0x21, 0x05, 0x33, 0x37, 0x23, 0x01, 0xe5, 0x81, 0x99, 0x0f, 0xfe, 0x92,
  0x27, 0x46, 0x27, 0xa0, 0x27, 0x46, 0x27, 0x57, 0x62, 0x22, 0x61, 0x6c,
  0x27, 0x46, 0x27, 0xa0, 0x27, 0x46, 0x27, 0x01, 0x38, 0x10, 0x99, 0x7e,
  0x40, 0x5f, 0x33, 0x33, 0x5f, 0x40, 0xfd, 0x74, 0x01, 0x60, 0xfe, 0xc2,
  0xfe, 0xf8, 0xa0, 0x22, 0xa0, 0x78, 0x1d, 0xac, 0x81, 0xd2, 0xd2, 0xd2,
  0xd2, 0x41, 0xb4, 0x41, 0xd2, 0xd2, 0xd2, 0xd2, 0x7d, 0xa7, 0x1c, 0x57,
  0x0f, 0x54, 0x7d, 0x4f, 0xb4, 0x4e, 0x7e, 0x54, 0x0f, 0x01, 0x34, 0xaf,
  0x03, 0x02, 0xb4, 0xb4, 0x00, 0x03, 0xfd, 0xcb, 0xff, 0x92, 0x02, 0x03,
  0x03, 0x3e, 0x00, 0x33, 0x00, 0x3f, 0x00, 0x43, 0x00, 0x00, 0x05, 0x22,
  0x26, 0x37, 0x37, 0x21, 0x07, 0x23, 0x37, 0x23, 0x07, 0x23, 0x37, 0x23,
  0x35, 0x33, 0x37, 0x23, 0x35, 0x33, 0x37, 0x33, 0x07, 0x33, 0x37, 0x33,
  0x07, 0x21, 0x27, 0x26, 0x36, 0x33, 0x33, 0x15, 0x23, 0x22, 0x06, 0x17,
  0x17, 0x16, 0x06, 0x07, 0x15, 0x16, 0x16, 0x07, 0x07, 0x06, 0x16, 0x33,
  0x33, 0x15, 0x01, 0x21, 0x26, 0x26, 0x23, 0x23, 0x35, 0x33, 0x32, 0x36,
  0x37, 0x21, 0x05, 0x33, 0x37, 0x23, 0x01, 0xd6, 0x58, 0x65, 0x04, 0x09,
  0xfe, 0x28, 0x27, 0x46, 0x27, 0xa0, 0x27, 0x46, 0x27, 0x57, 0x62, 0x22,
  0x61, 0x6c, 0x27, 0x46, 0x27, 0xa0, 0x27, 0x46, 0x27, 0x01, 0xa0, 0x09,
  0x05, 0x66, 0x58, 0x2d, 0x2d, 0x2f, 0x33, 0x03, 0x0a, 0x04, 0x3c, 0x3b,
  0x3c, 0x3a, 0x03, 0x0a, 0x02, 0x32, 0x2f, 0x2d, 0xfd, 0x56, 0x01, 0xcb,
  0x06, 0x2c, 0x2f, 0x4b, 0x4b, 0x2e, 0x2d, 0x06, 0xfe, 0x57, 0xfe, 0xf8,
  0xa0, 0x22, 0xa0, 0x6e, 0x57, 0x4f, 0x9a, 0xd2, 0xd2, 0xd2, 0xd2, 0x41,
  0xb4, 0x41, 0xd2, 0xd2, 0xd2, 0xd2, 0x90, 0x4f, 0x57, 0x50, 0x2b, 0x2b,
  0x9f, 0x37, 0x4f, 0x02, 0x05, 0x02, 0x52, 0x37, 0xa9, 0x2b, 0x2b, 0x50,
  0x01, 0x81, 0x1a, 0x18, 0x50, 0x18, 0x1a, 0xb4, 0xb4, 0x00, 0x00, 0x03,
  0xfd, 0xcb, 0xff, 0x92, 0x01, 0xc2, 0x03, 0x3e, 0x00, 0x1f, 0x00, 0x23,
  0x00, 0x27, 0x00, 0x00, 0x17, 0x11, 0x21, 0x07, 0x23, 0x37, 0x23, 0x07,
  0x23, 0x37, 0x23, 0x35, 0x33, 0x37, 0x23, 0x35, 0x33, 0x37, 0x33, 0x07,
  0x33, 0x37, 0x33, 0x07, 0x21, 0x11, 0x33, 0x15, 0x23, 0x11, 0x33, 0x15,
  0x01, 0x21, 0x35, 0x21, 0x05, 0x33, 0x37, 0x23, 0xcd, 0xfe, 0x81, 0x27,
  0x46, 0x27, 0xa0, 0x27, 0x46, 0x27, 0x57, 0x62, 0x22, 0x61, 0x6c, 0x27,
  0x46, 0x27, 0xa0, 0x27, 0x46, 0x27, 0x01, 0x47, 0xf5, 0x9b, 0x9b, 0xfd,
  0x97, 0x01, 0x74, 0xfe, 0xae, 0xfe, 0xf8, 0xa0, 0x22, 0xa0, 0x6e, 0x01,
  0x40, 0xd2, 0xd2, 0xd2, 0xd2, 0x41, 0xb4, 0x41, 0xd2, 0xd2, 0xd2, 0xd2,
  0x01, 0x36, 0x50, 0xfc, 0xf4, 0x50, 0x01, 0x81, 0xb4, 0xb4, 0xb4, 0x00,
  0x00, 0x04, 0xfd, 0xcb, 0x00, 0x00, 0x01, 0x7c, 0x02, 0xda, 0x00, 0x1b,
  0x00, 0x27, 0x00, 0x2b, 0x00, 0x37, 0x00, 0x00, 0x21, 0x37, 0x23, 0x35,
  0x33, 0x37, 0x23, 0x35, 0x33, 0x37, 0x33, 0x07, 0x33, 0x37, 0x33, 0x07,
  0x33, 0x15, 0x23, 0x07, 0x33, 0x15, 0x23, 0x07, 0x23, 0x37, 0x23, 0x07,
  0x01, 0x22, 0x26, 0x35, 0x34, 0x36, 0x33, 0x32, 0x16, 0x15, 0x14, 0x06,
  0x05, 0x33, 0x37, 0x23, 0x01, 0x22, 0x26, 0x35, 0x34, 0x36, 0x33, 0x32,
  0x16, 0x15, 0x14, 0x06, 0xfd, 0xfb, 0x27, 0x57, 0x62, 0x22, 0x61, 0x6c,
  0x27, 0x46, 0x27, 0xa0, 0x27, 0x46, 0x27, 0x57, 0x62, 0x22, 0x61, 0x6c,
  0x27, 0x46, 0x27, 0xa0, 0x27, 0x02, 0xeb, 0x24, 0x2c, 0x2c, 0x24, 0x24,
  0x2c, 0x2c, 0xfd, 0x23, 0xa0, 0x22, 0xa0, 0x02, 0x97, 0x24, 0x2c, 0x2c,
  0x24, 0x24, 0x2c, 0x2c, 0xd2, 0x41, 0xb4, 0x41, 0xd2, 0xd2, 0xd2, 0xd2,
  0x41, 0xb4, 0x41, 0xd2, 0xd2, 0xd2, 0x01, 0xae, 0x2b, 0x25, 0x24, 0x2c,
  0x2c, 0x24, 0x25, 0x2b, 0x9b, 0xb4, 0xfe, 0xbb, 0x2c, 0x25, 0x24, 0x2b,
  0x2b, 0x24, 0x25, 0x2c, 0x00, 0x04, 0xfd, 0xcb, 0xff, 0xfb, 0x01, 0x8b,
  0x02, 0xda, 0x00, 0x03, 0x00, 0x1f, 0x00, 0x23, 0x00, 0x31, 0x00, 0x00,
  0x37, 0x13, 0x33, 0x03, 0x05, 0x37, 0x23, 0x35, 0x33, 0x37, 0x23, 0x35,
  0x33, 0x37, 0x33, 0x07, 0x33, 0x37, 0x33, 0x07, 0x33, 0x15, 0x23, 0x07,
  0x33, 0x15, 0x23, 0x07, 0x23, 0x37, 0x23, 0x07, 0x13, 0x33, 0x37, 0x23,
  0x01, 0x22, 0x26, 0x37, 0x36, 0x36, 0x33, 0x33, 0x32, 0x16, 0x07, 0x06,
  0x06, 0x23, 0xc9, 0x58, 0x6a, 0x70, 0xfc, 0xe0, 0x27, 0x57, 0x62, 0x22,
  0x61, 0x6c, 0x27, 0x46, 0x27, 0xa0, 0x27, 0x46, 0x27, 0x57, 0x62, 0x22,
  0x61, 0x6c, 0x27, 0x46, 0x27, 0xa0, 0x27, 0x32, 0xa0, 0x22, 0xa0, 0x02,
  0x23, 0x1a, 0x1b, 0x05, 0x05, 0x28, 0x1a, 0x1e, 0x1d, 0x19, 0x05, 0x05,
  0x29, 0x1a, 0xd7, 0x02, 0x03, 0xfd, 0xfd, 0xd7, 0xd2, 0x41, 0xb4, 0x41,
  0xd2, 0xd2, 0xd2, 0xd2, 0x41, 0xb4, 0x41, 0xd2, 0xd2, 0xd2, 0x01, 0x13,
  0xb4, 0xfe, 0x34, 0x22, 0x1a, 0x1a, 0x22, 0x21, 0x1a, 0x1a, 0x23, 0x00,
  0x00, 0x03, 0xfd, 0xcb, 0xff, 0xfb, 0x02, 0x08, 0x02, 0xe4, 0x00, 0x34,
  0x00, 0x38, 0x00, 0x46, 0x00, 0x00, 0x21, 0x37, 0x23, 0x35, 0x33, 0x37,
  0x23, 0x35, 0x33, 0x37, 0x33, 0x07, 0x33, 0x37, 0x33, 0x07, 0x33, 0x35,
  0x34, 0x36, 0x36, 0x33, 0x32, 0x16, 0x16, 0x15, 0x14, 0x06, 0x07, 0x15,
  0x23, 0x35, 0x33, 0x32, 0x36, 0x35, 0x34, 0x26, 0x23, 0x22, 0x06, 0x15,
  0x15, 0x21, 0x07, 0x33, 0x15, 0x23, 0x07, 0x23, 0x37, 0x23, 0x07, 0x13,
  0x33, 0x37, 0x23, 0x01, 0x22, 0x26, 0x35, 0x34, 0x36, 0x33, 0x33, 0x32,
  0x16, 0x15, 0x14, 0x06, 0x23, 0xfd, 0xfb, 0x27, 0x57, 0x62, 0x22, 0x61,
  0x6c, 0x27, 0x46, 0x27, 0xa0, 0x27, 0x46, 0x27, 0xa2, 0x3d, 0x6c, 0x47,
  0x49, 0x6c, 0x3b, 0x67, 0x56, 0x5a, 0x32, 0x41, 0x48, 0x50, 0x44, 0x45,
  0x51, 0xfe, 0xf9, 0x22, 0x61, 0x6c, 0x27, 0x46, 0x27, 0xa0, 0x27, 0x32,
  0xa0, 0x22, 0xa0, 0x02, 0x7e, 0x1d, 0x24, 0x24, 0x1d, 0x14, 0x1d, 0x24,
  0x24, 0x1d, 0xd2, 0x41, 0xb4, 0x41, 0xd2, 0xd2, 0xd2, 0xd2, 0x01, 0x41,
  0x63, 0x37, 0x36, 0x63, 0x43, 0x5b, 0x76, 0x06, 0x64, 0xaf, 0x4a, 0x42,
  0x41, 0x4b, 0x4b, 0x41, 0x41, 0xb4, 0x41, 0xd2, 0xd2, 0xd2, 0x01, 0x13,
  0xb4, 0xfe, 0x34, 0x1f, 0x1c, 0x1b, 0x22, 0x22, 0x1b, 0x1b, 0x20, 0x00,
  0x00, 0x04, 0xfd, 0xe9, 0x00, 0x00, 0x02, 0x17, 0x02, 0xda, 0x00, 0x2b,
  0x00, 0x2f, 0x00, 0x33, 0x00, 0x37, 0x00, 0x00, 0x21, 0x37, 0x23, 0x35,
  0x33, 0x37, 0x23, 0x35, 0x33, 0x37, 0x33, 0x07, 0x33, 0x37, 0x33, 0x07,
  0x33, 0x37, 0x33, 0x07, 0x33, 0x37, 0x33, 0x07, 0x33, 0x15, 0x23, 0x07,
  0x33, 0x15, 0x23, 0x07, 0x23, 0x37, 0x23, 0x07, 0x23, 0x37, 0x23, 0x07,
  0x23, 0x37, 0x23, 0x07, 0x13, 0x33, 0x37, 0x23, 0x17, 0x33, 0x37, 0x23,
  0x05, 0x33, 0x37, 0x23, 0xfe, 0x19, 0x27, 0x57, 0x62, 0x22, 0x61, 0x6c,
  0x27, 0x46, 0x27, 0xa0, 0x27, 0x46, 0x27, 0xf0, 0x27, 0x46, 0x27, 0xa0,
  0x27, 0x46, 0x27, 0x57, 0x62, 0x22, 0x61, 0x6c, 0x27, 0x46, 0x27, 0xa0,
  0x27, 0x46, 0x27, 0xf0, 0x27, 0x46, 0x27, 0xa0, 0x27, 0x32, 0xa0, 0x22,
  0xa0, 0xc4, 0xf0, 0x22, 0xf0, 0x01, 0x14, 0xa0, 0x22, 0xa0, 0xd2, 0x41,
  0xb4, 0x41, 0xd2, 0xd2, 0xd2, 0xd2, 0xd2, 0xd2, 0xd2, 0xd2, 0x41, 0xb4,
  0x41, 0xd2, 0xd2, 0xd2, 0xd2, 0xd2, 0xd2, 0xd2, 0x01, 0x13, 0xb4, 0xb4,
  0xb4, 0xb4, 0xb4, 0x00, 0x00, 0x06, 0xfb, 0x91, 0x00, 0x00, 0x02, 0x17,
  0x02, 0xda, 0x00, 0x3b, 0x00, 0x3f, 0x00, 0x43, 0x00, 0x47, 0x00, 0x4b,
  0x00, 0x4f, 0x00, 0x00, 0x21, 0x37, 0x23, 0x35, 0x33, 0x37, 0x23, 0x35,
  0x33, 0x37, 0x33, 0x07, 0x33, 0x37, 0x33, 0x07, 0x21, 0x37, 0x33, 0x07,
  0x33, 0x37, 0x33, 0x07, 0x21, 0x37, 0x33, 0x07, 0x33, 0x37, 0x33, 0x07,
  0x33, 0x15, 0x23, 0x07, 0x33, 0x15, 0x23, 0x07, 0x23, 0x37, 0x23, 0x07,
  0x23, 0x37, 0x21, 0x07, 0x23, 0x37, 0x23, 0x07, 0x23, 0x37, 0x21, 0x07,
  0x23, 0x37, 0x23, 0x07, 0x13, 0x33, 0x37, 0x23, 0x17, 0x21, 0x37, 0x21,
  0x05, 0x33, 0x37, 0x23, 0x17, 0x21, 0x37, 0x21, 0x05, 0x33, 0x37, 0x23,
  0xfb, 0xc1, 0x27, 0x57, 0x62, 0x22, 0x61, 0x6c, 0x27, 0x46, 0x27, 0xa0,
  0x27, 0x46, 0x27, 0x01, 0x0e, 0x27, 0x46, 0x27, 0xa0, 0x27, 0x46, 0x27,
  0x01, 0x0e, 0x27, 0x46, 0x27, 0xa0, 0x27, 0x46, 0x27, 0x57, 0x62, 0x22,
  0x61, 0x6c, 0x27, 0x46, 0x27, 0xa0, 0x27, 0x46, 0x27, 0xfe, 0xf2, 0x27,
  0x46, 0x27, 0xa0, 0x27, 0x46, 0x27, 0xfe, 0xf2, 0x27, 0x46, 0x27, 0xa0,
  0x27, 0x32, 0xa0, 0x22, 0xa0, 0xc4, 0x01, 0x0e, 0x22, 0xfe, 0xf2, 0x01,
  0x32, 0xa0, 0x22, 0xa0, 0xc4, 0x01, 0x0e, 0x22, 0xfe, 0xf2, 0x01, 0x32,
  0xa0, 0x22, 0xa0, 0xd2, 0x41, 0xb4, 0x41, 0xd2, 0xd2, 0xd2, 0xd2, 0xd2,
  0xd2, 0xd2, 0xd2, 0xd2, 0xd2, 0xd2, 0xd2, 0x41, 0xb4, 0x41, 0xd2, 0xd2,
  0xd2, 0xd2, 0xd2, 0xd2, 0xd2, 0xd2, 0xd2, 0xd2, 0xd2, 0x01, 0x13, 0xb4,
  0xb4, 0xb4, 0xb4, 0xb4, 0xb4, 0xb4, 0xb4, 0xb4, 0x00, 0x08, 0xf9, 0x39,
  0x00, 0x00, 0x02, 0x17, 0x02, 0xda, 0x00, 0x4b, 0x00, 0x4f, 0x00, 0x53,
  0x00, 0x57, 0x00, 0x5b, 0x00, 0x5f, 0x00, 0x63, 0x00, 0x67, 0x00, 0x00,
  0x21, 0x37, 0x23, 0x35, 0x33, 0x37, 0x23, 0x35, 0x33, 0x37, 0x33, 0x07,
  0x33, 0x37, 0x33, 0x07, 0x21, 0x37, 0x33, 0x07, 0x33, 0x37, 0x33, 0x07,
  0x21, 0x37, 0x33, 0x07, 0x33, 0x37, 0x33, 0x07, 0x21, 0x37, 0x33, 0x07,
  0x33, 0x37, 0x33, 0x07, 0x33, 0x15, 0x23, 0x07, 0x33, 0x15, 0x23, 0x07,
  0x23, 0x37, 0x23, 0x07, 0x23, 0x37, 0x21, 0x07, 0x23, 0x37, 0x23, 0x07,
  0x23, 0x37, 0x21, 0x07, 0x23, 0x37, 0x23, 0x07, 0x23, 0x37, 0x21, 0x07,
  0x23, 0x37, 0x23, 0x07, 0x13, 0x33, 0x37, 0x23, 0x17, 0x21, 0x37, 0x21,
  0x05, 0x33, 0x37, 0x23, 0x17, 0x21, 0x37, 0x21, 0x05, 0x33, 0x37, 0x23,
  0x17, 0x21, 0x37, 0x21, 0x05, 0x33, 0x37, 0x23, 0xf9, 0x69, 0x27, 0x57,
  0x62, 0x22, 0x61, 0x6c, 0x27, 0x46, 0x27, 0xa0, 0x27, 0x46, 0x27, 0x01,
  0x18, 0x27, 0x46, 0x27, 0xa0, 0x27, 0x46, 0x27, 0x01, 0x18, 0x27, 0x46,
  0x27, 0xa0, 0x27, 0x46, 0x27, 0x01, 0x18, 0x27, 0x46, 0x27, 0xa0, 0x27,
  0x46, 0x27, 0x57, 0x62, 0x22, 0x61, 0x6c, 0x27, 0x46, 0x27, 0xa0, 0x27,
  0x46, 0x27, 0xfe, 0xe8, 0x27, 0x46, 0x27, 0xa0, 0x27, 0x46, 0x27, 0xfe,
  0xe8, 0x27, 0x46, 0x27, 0xa0, 0x27, 0x46, 0x27, 0xfe, 0xe8, 0x27, 0x46,
  0x27, 0xa0, 0x27, 0x32, 0xa0, 0x22, 0xa0, 0xc4, 0x01, 0x18, 0x22, 0xfe,
  0xe8, 0x01, 0x3c, 0xa0, 0x22, 0xa0, 0xc4, 0x01, 0x18, 0x22, 0xfe, 0xe8,
  0x01, 0x3c, 0xa0, 0x22, 0xa0, 0xc4, 0x01, 0x18, 0x22, 0xfe, 0xe8, 0x01,
  0x3c, 0xa0, 0x22, 0xa0, 0xd2, 0x41, 0xb4, 0x41, 0xd2, 0xd2, 0xd2, 0xd2,
  0xd2, 0xd2, 0xd2, 0xd2, 0xd2, 0xd2, 0xd2, 0xd2, 0xd2, 0xd2, 0xd2, 0xd2,
  0x41, 0xb4, 0x41, 0xd2, 0xd2, 0xd2, 0xd2, 0xd2, 0xd2, 0xd2, 0xd2, 0xd2,
  0xd2, 0xd2, 0xd2, 0xd2, 0xd2, 0xd2, 0x01, 0x13, 0xb4, 0xb4, 0xb4, 0xb4,
  0xb4, 0xb4, 0xb4, 0xb4, 0xb4, 0xb4, 0xb4, 0xb4, 0xb4, 0x00, 0x00, 0x04,
  0xfd, 0xcb, 0x00, 0x00, 0x02, 0x08, 0x02, 0xda, 0x00, 0x1b, 0x00, 0x1f,
  0x00, 0x23, 0x00, 0x27, 0x00, 0x00, 0x21, 0x37, 0x23, 0x35, 0x33, 0x37,
  0x23, 0x35, 0x33, 0x37, 0x33, 0x07, 0x33, 0x37, 0x33, 0x07, 0x33, 0x15,
  0x23, 0x07, 0x33, 0x15, 0x23, 0x07, 0x23, 0x37, 0x23, 0x07, 0x01, 0x35,
  0x21, 0x15, 0x05, 0x33, 0x37, 0x23, 0x05, 0x35, 0x21, 0x15, 0xfd, 0xfb,
  0x27, 0x57, 0x62, 0x22, 0x61, 0x6c, 0x27, 0x46, 0x27, 0xa0, 0x27, 0x46,
  0x27, 0x57, 0x62, 0x22, 0x61, 0x6c, 0x27, 0x46, 0x27, 0xa0, 0x27, 0x02,
  0x0f, 0x01, 0xb8, 0xfc, 0x6b, 0xa0, 0x22, 0xa0, 0x01, 0xbb, 0x01, 0xb8,
  0xd2, 0x41, 0xb4, 0x41, 0xd2, 0xd2, 0xd2, 0xd2, 0x41, 0xb4, 0x41, 0xd2,
  0xd2, 0xd2, 0x01, 0xc2, 0x50, 0x50, 0xaf, 0xb4, 0xff, 0x50, 0x50, 0x00,
  0x00, 0x02, 0xfd, 0xcb, 0xff, 0x9c, 0x02, 0x1c, 0x02, 0xda, 0x00, 0x1d,
  0x00, 0x21, 0x00, 0x00, 0x05, 0x13, 0x23, 0x07, 0x23, 0x37, 0x23, 0x35,
  0x33, 0x37, 0x23, 0x35, 0x33, 0x37, 0x33, 0x07, 0x33, 0x37, 0x33, 0x07,
  0x33, 0x15, 0x23, 0x07, 0x33, 0x15, 0x23, 0x07, 0x21, 0x15, 0x01, 0x33,
  0x37, 0x23, 0xfe, 0xce, 0x3a, 0xa0, 0x27, 0x46, 0x27, 0x57, 0x62, 0x22,
  0x61, 0x6c, 0x27, 0x46, 0x27, 0xa0, 0x27, 0x46, 0x27, 0x57, 0x62, 0x22,
  0x61, 0x6c, 0x2c, 0x02, 0xfa, 0xfc, 0x57, 0xa0, 0x22, 0xa0, 0x64, 0x01,
  0x36, 0xd2, 0xd2, 0x41, 0xb4, 0x41, 0xd2, 0xd2, 0xd2, 0xd2, 0x41, 0xb4,
  0x41, 0xeb, 0x4b, 0x01, 0x77, 0xb4, 0x00, 0x02, 0xfb, 0x73, 0xff, 0x9c,
  0x01, 0xdb, 0x03, 0x43, 0x00, 0x2f, 0x00, 0x33, 0x00, 0x00, 0x05, 0x13,
  0x23, 0x07, 0x23, 0x37, 0x23, 0x35, 0x33, 0x37, 0x23, 0x35, 0x33, 0x37,
  0x33, 0x07, 0x33, 0x37, 0x33, 0x07, 0x33, 0x15, 0x23, 0x07, 0x33, 0x15,
  0x23, 0x07, 0x21, 0x26, 0x26, 0x35, 0x35, 0x34, 0x36, 0x36, 0x37, 0x15,
  0x0e, 0x02, 0x15, 0x15, 0x14, 0x16, 0x16, 0x17, 0x15, 0x01, 0x33, 0x37,
  0x23, 0xfc, 0x76, 0x3a, 0xa0, 0x27, 0x46, 0x27, 0x57, 0x62, 0x22, 0x61,
  0x6c, 0x27, 0x46, 0x27, 0xa0, 0x27, 0x46, 0x27, 0x57, 0x62, 0x22, 0x61,
  0x6c, 0x2c, 0x04, 0x73, 0x42, 0x4c, 0x49, 0x87, 0x5c, 0x40, 0x5e, 0x34,
  0x32, 0x5d, 0x3f, 0xfa, 0x44, 0xa0, 0x22, 0xa0, 0x64, 0x01, 0x36, 0xd2,
  0xd2, 0x41, 0xb4, 0x41, 0xd2, 0xd2, 0xd2, 0xd2, 0x41, 0xb4, 0x41, 0xeb,
  0x2a, 0x9f, 0x63, 0xaa, 0x62, 0x9f, 0x6e, 0x17, 0x55, 0x0f, 0x55, 0x7e,
  0x4f, 0xaa, 0x4c, 0x7c, 0x54, 0x10, 0x4b, 0x01, 0x77, 0xb4, 0xff, 0xff,
  0xfd, 0xf3, 0xff, 0x92, 0x02, 0x34, 0x03, 0x3e, 0x00, 0x27, 0x00, 0xb1,
  0xfd, 0xa8, 0x00, 0x00, 0x02, 0x07, 0x00, 0xaf, 0x00, 0x00, 0x00, 0x82,
  0xff, 0xff, 0xfb, 0x9b, 0xff, 0x92, 0x02, 0x34, 0x03, 0x3e, 0x00, 0x27,
  0x00, 0xb1, 0xfb, 0x50, 0x00, 0x00, 0x00, 0x27, 0x00, 0xaf, 0xfd, 0xa8,
  0x00, 0x82, 0x02, 0x07, 0x00, 0xaf, 0x00, 0x00, 0x00, 0x82, 0x00, 0x01,
  0xfe, 0x11, 0xff, 0x92, 0x01, 0xea, 0x03, 0x3e, 0x00, 0x0b, 0x00, 0x00,
  0x05, 0x01, 0x33, 0x03, 0x21, 0x15, 0x21, 0x07, 0x21, 0x15, 0x21, 0x03,
  0xfe, 0x11, 0x01, 0x63, 0x5f, 0x80, 0x02, 0x97, 0xfd, 0x4a, 0x3c, 0x02,
  0xf2, 0xfc, 0xf0, 0x6a, 0x6e, 0x03, 0xac, 0xfe, 0xac, 0x50, 0xa0, 0x50,
  0xfe, 0xe8, 0x00, 0x01, 0xfb, 0xa0, 0xff, 0x92, 0x01, 0xea, 0x03, 0x3e,
  0x00, 0x0b, 0x00, 0x00, 0x05, 0x01, 0x33, 0x03, 0x21, 0x15, 0x21, 0x07,
  0x21, 0x15, 0x21, 0x03, 0xfb, 0xa0, 0x01, 0x63, 0x5f, 0x80, 0x05, 0x08,
  0xfa, 0xd9, 0x3c, 0x05, 0x63, 0xfa, 0x7f, 0x6a, 0x6e, 0x03, 0xac, 0xfe,
  0xac, 0x50, 0xa0, 0x50, 0xfe, 0xe8, 0x00, 0x01, 0xfe, 0x16, 0xff, 0x92,
  0x01, 0xd6, 0x03, 0x3e, 0x00, 0x10, 0x00, 0x00, 0x05, 0x01, 0x33, 0x07,
  0x01, 0x15, 0x05, 0x35, 0x25, 0x36, 0x36, 0x37, 0x26, 0x26, 0x27, 0x25,
  0x01, 0xfe, 0x16, 0x01, 0x63, 0x5f, 0x41, 0x02, 0x3f, 0xfe, 0x52, 0x01,
  0x36, 0x13, 0x21, 0x08, 0x09, 0x21, 0x12, 0xfe, 0x1d, 0xfe, 0xfa, 0x6e,
  0x03, 0xac, 0xad, 0xfe, 0xeb, 0x64, 0xd7, 0x5a, 0x97, 0x09, 0x0b, 0x02,
  0x02, 0x0b, 0x09, 0xe9, 0xfd, 0x4b, 0xff, 0xff, 0xfe, 0x3e, 0xff, 0x92,
  0x01, 0xc2, 0x03, 0x3e, 0x00, 0x26, 0x00, 0xb1, 0xb5, 0x00, 0x00, 0x07,
  0x00, 0xb1, 0xfd, 0xf3, 0x00, 0x00, 0x00, 0x02, 0xfb, 0xfa, 0xff, 0x92,
  0x01, 0xd6, 0x03, 0x3e, 0x00, 0x0b, 0x00, 0x0f, 0x00, 0x00, 0x05, 0x01,
  0x33, 0x03, 0x21, 0x15, 0x21, 0x07, 0x21, 0x15, 0x21, 0x03, 0x21, 0x01,
  0x33, 0x01, 0xfd, 0xbd, 0x01, 0x63, 0x5f, 0x80, 0x02, 0xd7, 0xfd, 0x0a,
  0x3c, 0x03, 0x32, 0xfc, 0xb0, 0x6a, 0xfd, 0xde, 0x01, 0x63, 0x5f, 0xfe,
  0x9d, 0x6e, 0x03, 0xac, 0xfe, 0xac, 0x50, 0xa0, 0x50, 0xfe, 0xe8, 0x03,
  0xac, 0xfc, 0x54, 0x00, 0xff, 0xff, 0xfc, 0x13, 0xff, 0x92, 0x01, 0x95,
  0x03, 0x3e, 0x00, 0x27, 0x00, 0xb1, 0xfb, 0xc8, 0x00, 0x00, 0x00, 0x27,
  0x00, 0xb1, 0xfd, 0xa8, 0x00, 0x00, 0x00, 0x06, 0x00, 0xb1, 0x88, 0x00,
  0x00, 0x01, 0xfe, 0x66, 0xff, 0x92, 0x01, 0x9a, 0x03, 0x3e, 0x00, 0x08,
  0x00, 0x00, 0x05, 0x01, 0x33, 0x01, 0x23, 0x01, 0x27, 0x07, 0x01, 0xfe,
  0x66, 0x01, 0x63, 0x6e, 0x01, 0x63, 0x5f, 0xfe, 0xdc, 0x17, 0x16, 0xfe,
  0xdc, 0x6e, 0x03, 0xac, 0xfc, 0x54, 0x03, 0x0a, 0x44, 0x44, 0xfc, 0xf6,
  0x00, 0x01, 0xfe, 0x66, 0xff, 0x92, 0x01, 0x9a, 0x03, 0x3e, 0x00, 0x08,
  0x00, 0x00, 0x07, 0x01, 0x33, 0x01, 0x17, 0x37, 0x01, 0x33, 0x01, 0x37,
  0xfe, 0x9d, 0x5f, 0x01, 0x24, 0x17, 0x16, 0x01, 0x24, 0x60, 0xfe, 0x9d,
  0x6e, 0x03, 0xac, 0xfc, 0xf6, 0x44, 0x44, 0x03, 0x0a, 0xfc, 0x54, 0x00,
  0x00, 0x01, 0xfc, 0x22, 0xff, 0x9c, 0x01, 0x86, 0x02, 0xee, 0x00, 0x07,
  0x00, 0x00, 0x05, 0x35, 0x21, 0x11, 0x33, 0x11, 0x21, 0x15, 0xfc, 0x22,
  0x02, 0x85, 0x5a, 0x02, 0x85, 0x64, 0x4b, 0x03, 0x07, 0xfc, 0xf9, 0x4b,
  0x00, 0x01, 0xfd, 0xe4, 0xff, 0x9c, 0x02, 0x1c, 0xff, 0xe7, 0x00, 0x03,
  0x00, 0x00, 0x05, 0x35, 0x21, 0x15, 0xfd, 0xe4, 0x04, 0x38, 0x64, 0x4b,
  0x4b, 0x00, 0x00, 0x01, 0x00, 0xda, 0xff, 0xf6, 0x01, 0x7e, 0x00, 0x98,
  0x00, 0x0b, 0x00, 0x00, 0x05, 0x22, 0x26, 0x35, 0x34, 0x36, 0x33, 0x32,
  0x16, 0x15, 0x14, 0x06, 0x01, 0x2c, 0x25, 0x2d, 0x2d, 0x25, 0x25, 0x2d,
  0x2d, 0x0a, 0x2c, 0x23, 0x25, 0x2e, 0x2e, 0x25, 0x23, 0x2c, 0x00, 0x01,
  0x00, 0xd2, 0xff, 0x60, 0x01, 0x75, 0x00, 0x92, 0x00, 0x03, 0x00, 0x00,
  0x17, 0x13, 0x33, 0x03, 0xd2, 0x37, 0x6c, 0x46, 0xa0, 0x01, 0x32, 0xfe,
  0xce, 0x00, 0x00, 0x02, 0x00, 0xd9, 0xff, 0xf6, 0x01, 0x7f, 0x02, 0x30,
  0x00, 0x0b, 0x00, 0x17, 0x00, 0x00, 0x01, 0x22, 0x26, 0x35, 0x34, 0x36,
  0x33, 0x32, 0x16, 0x15, 0x14, 0x06, 0x03, 0x22, 0x26, 0x35, 0x34, 0x36,
  0x33, 0x32, 0x16, 0x15, 0x14, 0x06, 0x01, 0x2c, 0x29, 0x2a, 0x2a, 0x29,
  0x29, 0x2a, 0x2a, 0x29, 0x29, 0x2a, 0x2a, 0x29, 0x29, 0x2a, 0x2a, 0x01,
  0x9c, 0x28, 0x22, 0x22, 0x28, 0x28, 0x22, 0x22, 0x28, 0xfe, 0x5a, 0x28,
  0x22, 0x22, 0x28, 0x28, 0x22, 0x22, 0x28, 0x00, 0x00, 0x02, 0x00, 0xcd,
  0xff, 0x60, 0x01, 0x81, 0x02, 0x30, 0x00, 0x0d, 0x00, 0x11, 0x00, 0x00,
  0x01, 0x22, 0x26, 0x35, 0x34, 0x36, 0x33, 0x33, 0x32, 0x16, 0x15, 0x14,
  0x06, 0x23, 0x03, 0x13, 0x33, 0x03, 0x01, 0x22, 0x21, 0x2a, 0x2b, 0x20,
  0x14, 0x20, 0x2b, 0x2a, 0x21, 0x69, 0x37, 0x6c, 0x46, 0x01, 0x9a, 0x2a,
  0x21, 0x20, 0x2b, 0x2b, 0x20, 0x21, 0x2a, 0xfd, 0xc6, 0x01, 0x32, 0xfe,
  0xce, 0x00, 0x00, 0x02, 0x00, 0xe1, 0xff, 0xfb, 0x01, 0x77, 0x02, 0xda,
  0x00, 0x03, 0x00, 0x11, 0x00, 0x00, 0x25, 0x03, 0x33, 0x03, 0x07, 0x22,
  0x26, 0x35, 0x34, 0x36, 0x33, 0x33, 0x32, 0x16, 0x15, 0x14, 0x06, 0x23,
  0x01, 0x03, 0x0c, 0x6a, 0x0c, 0x38, 0x1a, 0x22, 0x22, 0x1a, 0x1e, 0x1d,
  0x1f, 0x22, 0x1a, 0xd7, 0x02, 0x03, 0xfd, 0xfd, 0xdc, 0x22, 0x1a, 0x1a,
  0x22, 0x21, 0x1a, 0x1a, 0x23, 0x00, 0x00, 0x02, 0x00, 0x82, 0xff, 0xfb,
  0x01, 0xe5, 0x02, 0xda, 0x00, 0x14, 0x00, 0x22, 0x00, 0x00, 0x37, 0x35,
  0x33, 0x32, 0x36, 0x35, 0x34, 0x26, 0x23, 0x23, 0x35, 0x33, 0x32, 0x16,
  0x16, 0x15, 0x14, 0x06, 0x06, 0x07, 0x15, 0x07, 0x22, 0x26, 0x35, 0x34,
  0x36, 0x33, 0x33, 0x32, 0x16, 0x15, 0x14, 0x06, 0x23, 0xce, 0x32, 0x40,
  0x4b, 0x4b, 0x41, 0x7d, 0x7d, 0x46, 0x67, 0x39, 0x30, 0x55, 0x38, 0x3d,
  0x1a, 0x22, 0x22, 0x1a, 0x1e, 0x1d, 0x1f, 0x22, 0x1a, 0xd7, 0xaa, 0x47,
  0x3b, 0x3b, 0x47, 0x55, 0x35, 0x60, 0x42, 0x39, 0x5b, 0x36, 0x03, 0x5f,
  0xdc, 0x22, 0x1a, 0x1a, 0x22, 0x21, 0x1a, 0x1a, 0x23, 0x00, 0x00, 0x01,
  0x00, 0xb4, 0x00, 0xf5, 0x01, 0xa4, 0x01, 0xe5, 0x00, 0x0b, 0x00, 0x00,
  0x25, 0x22, 0x26, 0x35, 0x34, 0x36, 0x33, 0x32, 0x16, 0x15, 0x14, 0x06,
  0x01, 0x2c, 0x34, 0x44, 0x44, 0x34, 0x35, 0x43, 0x43, 0xf5, 0x44, 0x34,
  0x35, 0x43, 0x43, 0x35, 0x34, 0x44, 0x00, 0x01, 0x00, 0x24, 0x00, 0x67,
  0x02, 0x34, 0x02, 0x6c, 0x00, 0x2c, 0x00, 0x00, 0x37, 0x27, 0x37, 0x36,
  0x36, 0x37, 0x26, 0x26, 0x27, 0x27, 0x37, 0x17, 0x16, 0x16, 0x17, 0x26,
  0x26, 0x35, 0x35, 0x33, 0x15, 0x14, 0x06, 0x07, 0x36, 0x36, 0x37, 0x37,
  0x17, 0x07, 0x06, 0x06, 0x07, 0x16, 0x16, 0x17, 0x17, 0x07, 0x27, 0x26,
  0x26, 0x27, 0x06, 0x06, 0x07, 0xb1, 0x45, 0x41, 0x0d, 0x2d, 0x14, 0x1c,
  0x3e, 0x12, 0x6b, 0x1c, 0x6c, 0x11, 0x38, 0x17, 0x05, 0x05, 0x54, 0x06,
  0x05, 0x18, 0x37, 0x12, 0x6c, 0x1c, 0x6b, 0x12, 0x3e, 0x1c, 0x14, 0x2e,
  0x0c, 0x41, 0x45, 0x41, 0x0c, 0x22, 0x0c, 0x0c, 0x22, 0x0c, 0x67, 0x31,
  0x5d, 0x12, 0x34, 0x14, 0x04, 0x10, 0x07, 0x28, 0x4f, 0x28, 0x06, 0x1a,
  0x0e, 0x1a, 0x37, 0x13, 0x7d, 0x7d, 0x13, 0x37, 0x1a, 0x0e, 0x1a, 0x06,
  0x28, 0x4f, 0x28, 0x07, 0x10, 0x04, 0x14, 0x35, 0x11, 0x5d, 0x31, 0x5e,
  0x11, 0x3c, 0x1a, 0x1a, 0x3b, 0x12, 0x00, 0x02, 0x00, 0x23, 0x00, 0x00,
  0x02, 0x35, 0x02, 0xda, 0x00, 0x1b, 0x00, 0x1f, 0x00, 0x00, 0x33, 0x37,
  0x23, 0x35, 0x33, 0x37, 0x23, 0x35, 0x33, 0x37, 0x33, 0x07, 0x33, 0x37,
  0x33, 0x07, 0x33, 0x15, 0x23, 0x07, 0x33, 0x15, 0x23, 0x07, 0x23, 0x37,
  0x23, 0x07, 0x13, 0x33, 0x37, 0x23, 0x53, 0x27, 0x57, 0x62, 0x22, 0x61,
  0x6c, 0x27, 0x46, 0x27, 0xa0, 0x27, 0x46, 0x27, 0x57, 0x62, 0x22, 0x61,
  0x6c, 0x27, 0x46, 0x27, 0xa0, 0x27, 0x32, 0xa0, 0x22, 0xa0, 0xd2, 0x41,
  0xb4, 0x41, 0xd2, 0xd2, 0xd2, 0xd2, 0x41, 0xb4, 0x41, 0xd2, 0xd2, 0xd2,
  0x01, 0x13, 0xb4, 0x00, 0x00, 0x01, 0x00, 0x4b, 0xff, 0x92, 0x02, 0x0d,
  0x03, 0x3e, 0x00, 0x03, 0x00, 0x00, 0x17, 0x01, 0x33, 0x01, 0x4b, 0x01,
  0x63, 0x5f, 0xfe, 0x9d, 0x6e, 0x03, 0xac, 0xfc, 0x54, 0x00, 0x00, 0x01,
  0x00, 0x4b, 0xff, 0x92, 0x02, 0x0d, 0x03, 0x3e, 0x00, 0x03, 0x00, 0x00,
  0x05, 0x01, 0x33, 0x01, 0x01, 0xae, 0xfe, 0x9d, 0x5f, 0x01, 0x63, 0x6e,
  0x03, 0xac, 0xfc, 0x54, 0x00, 0x02, 0x00, 0xd9, 0x00, 0x46, 0x01, 0x7f,
  0x02, 0x80, 0x00, 0x0b, 0x00, 0x17, 0x00, 0x00, 0x01, 0x22, 0x26, 0x35,
  0x34, 0x36, 0x33, 0x32, 0x16, 0x15, 0x14, 0x06, 0x03, 0x22, 0x26, 0x35,
  0x34, 0x36, 0x33, 0x32, 0x16, 0x15, 0x14, 0x06, 0x01, 0x2c, 0x25, 0x2e,
  0x2e, 0x25, 0x26, 0x2d, 0x2d, 0x26, 0x25, 0x2e, 0x2e, 0x25, 0x26, 0x2d,
  0x2d, 0x01, 0xea, 0x29, 0x22, 0x22, 0x29, 0x29, 0x22, 0x22, 0x29, 0xfe,
  0x5c, 0x29, 0x22, 0x22, 0x29, 0x29, 0x22, 0x22, 0x29, 0x00, 0x00, 0x01,
  0x00, 0x8c, 0x01, 0x22, 0x01, 0xcc, 0x01, 0x72, 0x00, 0x03, 0x00, 0x00,
  0x13, 0x35, 0x21, 0x15, 0x8c, 0x01, 0x40, 0x01, 0x22, 0x50, 0x50, 0x00,
  0x00, 0x01, 0x00, 0x3c, 0xff, 0x9c, 0x02, 0x1c, 0xff, 0xe7, 0x00, 0x03,
  0x00, 0x00, 0x17, 0x35, 0x21, 0x15, 0x3c, 0x01, 0xe0, 0x64, 0x4b, 0x4b,
  0x00, 0x01, 0x00, 0xb9, 0xff, 0x88, 0x01, 0xe5, 0x03, 0x48, 0x00, 0x11,
  0x00, 0x00, 0x05, 0x26, 0x26, 0x35, 0x35, 0x34, 0x36, 0x37, 0x15, 0x0e,
  0x02, 0x15, 0x15, 0x14, 0x16, 0x16, 0x17, 0x01, 0xe5, 0x8f, 0x9d, 0x9d,
  0x8f, 0x40, 0x5f, 0x33, 0x33, 0x5f, 0x40, 0x78, 0x20, 0xcc, 0x9a, 0xb4,
  0x9a, 0xcc, 0x20, 0x57, 0x0f, 0x54, 0x7d, 0x4f, 0xb4, 0x4e, 0x7e, 0x54,
  0x0f, 0x00, 0x00, 0x01, 0x00, 0x73, 0xff, 0x88, 0x01, 0x9f, 0x03, 0x48,
  0x00, 0x11, 0x00, 0x00, 0x17, 0x35, 0x3e, 0x02, 0x35, 0x35, 0x34, 0x26,
  0x26, 0x27, 0x35, 0x16, 0x16, 0x15, 0x15, 0x14, 0x06, 0x73, 0x41, 0x5e,
  0x33, 0x33, 0x5e, 0x41, 0x8f, 0x9d, 0x9d, 0x78, 0x57, 0x0f, 0x54, 0x7e,
  0x4e, 0xb4, 0x4f, 0x7d, 0x54, 0x0f, 0x57, 0x20, 0xcc, 0x9a, 0xb4, 0x9a,
  0xcc, 0x00, 0x00, 0x01, 0x00, 0x4b, 0xff, 0x92, 0x01, 0xf9, 0x03, 0x3e,
  0x00, 0x24, 0x00, 0x00, 0x05, 0x22, 0x26, 0x37, 0x37, 0x36, 0x26, 0x23,
  0x23, 0x35, 0x33, 0x32, 0x36, 0x27, 0x27, 0x26, 0x36, 0x33, 0x33, 0x15,
  0x23, 0x22, 0x06, 0x17, 0x17, 0x16, 0x06, 0x07, 0x16, 0x16, 0x07, 0x07,
  0x06, 0x16, 0x33, 0x33, 0x15, 0x01, 0xcc, 0x58, 0x68, 0x07, 0x0f, 0x05,
  0x28, 0x41, 0x73, 0x73, 0x41, 0x28, 0x05, 0x0f, 0x07, 0x68, 0x58, 0x2d,
  0x2d, 0x2f, 0x34, 0x04, 0x0f, 0x05, 0x42, 0x4b, 0x4b, 0x42, 0x05, 0x0f,
  0x04, 0x34, 0x2f, 0x2d, 0x6e, 0x57, 0x4f, 0xa4, 0x35, 0x2f, 0x50, 0x2f,
  0x35, 0xa4, 0x4f, 0x57, 0x50, 0x2b, 0x2b, 0xa4, 0x3b, 0x47, 0x07, 0x07,
  0x4e, 0x3a, 0xa4, 0x2b, 0x2b, 0x50, 0x00, 0x01, 0x00, 0x5f, 0xff, 0x92,
  0x02, 0x0d, 0x03, 0x3e, 0x00, 0x26, 0x00, 0x00, 0x17, 0x35, 0x33, 0x32,
  0x36, 0x27, 0x27, 0x26, 0x36, 0x37, 0x26, 0x26, 0x37, 0x37, 0x36, 0x26,
  0x23, 0x23, 0x35, 0x33, 0x32, 0x16, 0x16, 0x07, 0x07, 0x06, 0x16, 0x33,
  0x33, 0x15, 0x23, 0x22, 0x06, 0x17, 0x17, 0x16, 0x06, 0x06, 0x23, 0x5f,
  0x2d, 0x2f, 0x37, 0x07, 0x19, 0x09, 0x3a, 0x33, 0x33, 0x3a, 0x09, 0x19,
  0x07, 0x37, 0x2f, 0x2d, 0x2d, 0x3b, 0x59, 0x2d, 0x08, 0x19, 0x08, 0x2b,
  0x41, 0x7d, 0x7d, 0x40, 0x2c, 0x08, 0x19, 0x08, 0x2d, 0x59, 0x3b, 0x6e,
  0x50, 0x2b, 0x2b, 0xa4, 0x39, 0x4f, 0x09, 0x08, 0x46, 0x39, 0xa4, 0x2b,
  0x2b, 0x50, 0x27, 0x4a, 0x35, 0xa4, 0x35, 0x2f, 0x50, 0x2f, 0x35, 0xa4,
  0x34, 0x4b, 0x27, 0x00, 0x00, 0x01, 0x00, 0xcd, 0xff, 0x92, 0x01, 0xc2,
  0x03, 0x3e, 0x00, 0x07, 0x00, 0x00, 0x17, 0x11, 0x33, 0x15, 0x23, 0x11,
  0x33, 0x15, 0xcd, 0xf5, 0x9b, 0x9b, 0x6e, 0x03, 0xac, 0x50, 0xfc, 0xf4,
  0x50, 0x00, 0x00, 0x01, 0x00, 0x96, 0xff, 0x92, 0x01, 0x8b, 0x03, 0x3e,
  0x00, 0x07, 0x00, 0x00, 0x17, 0x35, 0x33, 0x11, 0x23, 0x35, 0x33, 0x11,
  0x96, 0x9b, 0x9b, 0xf5, 0x6e, 0x50, 0x03, 0x0c, 0x50, 0xfc, 0x54, 0x00,
  0xff, 0xff, 0x00, 0x8f, 0x01, 0xae, 0x01, 0xc9, 0x02, 0xda, 0x00, 0x26,
  0x00, 0xbd, 0x96, 0x00, 0x00, 0x06, 0x00, 0xbd, 0x6a, 0x00, 0x00, 0x01,
  0x00, 0xf9, 0x01, 0xae, 0x01, 0x5f, 0x02, 0xda, 0x00, 0x03, 0x00, 0x00,
  0x01, 0x03, 0x33, 0x03, 0x01, 0x01, 0x08, 0x66, 0x07, 0x01, 0xae, 0x01,
  0x2c, 0xfe, 0xd4, 0x00, 0x00, 0x02, 0xfd, 0xd5, 0xff, 0x9c, 0x02, 0x1c,
  0x02, 0xe4, 0x00, 0x27, 0x00, 0x31, 0x00, 0x00, 0x05, 0x22, 0x26, 0x26,
  0x35, 0x11, 0x34, 0x36, 0x33, 0x32, 0x16, 0x15, 0x15, 0x14, 0x06, 0x23,
  0x22, 0x26, 0x35, 0x35, 0x34, 0x36, 0x33, 0x32, 0x16, 0x17, 0x33, 0x35,
  0x34, 0x26, 0x23, 0x22, 0x06, 0x15, 0x11, 0x14, 0x16, 0x33, 0x21, 0x15,
  0x01, 0x32, 0x35, 0x35, 0x34, 0x23, 0x22, 0x15, 0x15, 0x14, 0xfe, 0xed,
  0x55, 0x7e, 0x45, 0x90, 0x7e, 0x75, 0x80, 0x56, 0x4a, 0x49, 0x57, 0x46,
  0x40, 0x29, 0x36, 0x09, 0x02, 0x56, 0x4f, 0x5a, 0x64, 0x6b, 0x5d, 0x03,
  0x2f, 0xfd, 0x1c, 0x50, 0x50, 0x50, 0x64, 0x47, 0x83, 0x58, 0x01, 0x04,
  0x87, 0x9b, 0x7d, 0x73, 0xe2, 0x4e, 0x5b, 0x56, 0x49, 0x74, 0x4a, 0x51,
  0x20, 0x1c, 0x23, 0x4d, 0x53, 0x74, 0x68, 0xfe, 0xfc, 0x64, 0x73, 0x4b,
  0x01, 0x10, 0x5c, 0x75, 0x5b, 0x5c, 0x74, 0x5c, 0x00, 0x04, 0xfd, 0xc6,
  0xff, 0xf7, 0x02, 0x62, 0x02, 0xe4, 0x00, 0x24, 0x00, 0x45, 0x00, 0x51,
  0x00, 0x5d, 0x00, 0x00, 0x17, 0x22, 0x26, 0x35, 0x35, 0x34, 0x36, 0x37,
  0x27, 0x26, 0x35, 0x34, 0x36, 0x33, 0x32, 0x16, 0x16, 0x15, 0x23, 0x34,
  0x26, 0x23, 0x22, 0x06, 0x15, 0x14, 0x17, 0x17, 0x37, 0x33, 0x07, 0x17,
  0x23, 0x27, 0x07, 0x06, 0x06, 0x21, 0x22, 0x26, 0x35, 0x35, 0x34, 0x36,
  0x37, 0x27, 0x26, 0x35, 0x34, 0x36, 0x33, 0x32, 0x16, 0x16, 0x15, 0x23,
  0x34, 0x26, 0x23, 0x22, 0x06, 0x15, 0x14, 0x17, 0x01, 0x23, 0x27, 0x07,
  0x06, 0x06, 0x25, 0x32, 0x37, 0x37, 0x27, 0x23, 0x22, 0x06, 0x15, 0x15,
  0x14, 0x16, 0x21, 0x32, 0x37, 0x37, 0x27, 0x23, 0x22, 0x06, 0x15, 0x15,
  0x14, 0x16, 0xd2, 0x58, 0x66, 0x5a, 0x4c, 0x1c, 0x36, 0x60, 0x4d, 0x37,
  0x53, 0x2f, 0x58, 0x35, 0x2c, 0x25, 0x2f, 0x1d, 0xc3, 0x5b, 0x64, 0x8f,
  0x91, 0x63, 0x61, 0x2b, 0x22, 0x53, 0xfd, 0x86, 0x58, 0x66, 0x5a, 0x4c,
  0x1c, 0x36, 0x60, 0x4d, 0x37, 0x53, 0x2f, 0x58, 0x35, 0x2c, 0x25, 0x2f,
  0x1d, 0x01, 0x84, 0x63, 0x61, 0x2b, 0x22, 0x53, 0x02, 0x28, 0x39, 0x28,
  0x34, 0x7d, 0x1e, 0x2f, 0x37, 0x3b, 0xfd, 0xe3, 0x39, 0x28, 0x34, 0x7d,
  0x1e, 0x2f, 0x37, 0x3b, 0x09, 0x67, 0x58, 0x39, 0x50, 0x60, 0x04, 0x24,
  0x47, 0x37, 0x47, 0x58, 0x30, 0x55, 0x39, 0x32, 0x3f, 0x2e, 0x26, 0x27,
  0x25, 0xfc, 0x72, 0xb0, 0xbd, 0x80, 0x36, 0x2a, 0x29, 0x67, 0x58, 0x39,
  0x50, 0x60, 0x04, 0x24, 0x47, 0x37, 0x47, 0x58, 0x30, 0x55, 0x39, 0x32,
  0x3f, 0x2e, 0x26, 0x27, 0x25, 0xfe, 0x09, 0x80, 0x36, 0x2a, 0x29, 0x51,
  0x33, 0x42, 0xa0, 0x3b, 0x33, 0x39, 0x33, 0x3b, 0x33, 0x42, 0xa0, 0x3b,
  0x33, 0x39, 0x33, 0x3b, 0x00, 0x06, 0xfb, 0x73, 0xff, 0xf7, 0x02, 0x5d,
  0x02, 0xe4, 0x00, 0x24, 0x00, 0x45, 0x00, 0x66, 0x00, 0x72, 0x00, 0x7e,
  0x00, 0x8a, 0x00, 0x00, 0x17, 0x22, 0x26, 0x35, 0x35, 0x34, 0x36, 0x37,
  0x27, 0x26, 0x35, 0x34, 0x36, 0x33, 0x32, 0x16, 0x16, 0x15, 0x23, 0x34,
  0x26, 0x23, 0x22, 0x06, 0x15, 0x14, 0x17, 0x17, 0x37, 0x33, 0x07, 0x17,
  0x23, 0x27, 0x07, 0x06, 0x06, 0x21, 0x22, 0x26, 0x35, 0x35, 0x34, 0x36,
  0x37, 0x27, 0x26, 0x35, 0x34, 0x36, 0x33, 0x32, 0x16, 0x16, 0x15, 0x23,
  0x34, 0x26, 0x23, 0x22, 0x06, 0x15, 0x14, 0x17, 0x01, 0x23, 0x27, 0x07,
  0x06, 0x06, 0x21, 0x22, 0x26, 0x35, 0x35, 0x34, 0x36, 0x37, 0x27, 0x26,
  0x35, 0x34, 0x36, 0x33, 0x32, 0x16, 0x16, 0x15, 0x23, 0x34, 0x26, 0x23,
  0x22, 0x06, 0x15, 0x14, 0x17, 0x01, 0x23, 0x27, 0x07, 0x06, 0x06, 0x25,
  0x32, 0x37, 0x37, 0x27, 0x23, 0x22, 0x06, 0x15, 0x15, 0x14, 0x16, 0x21,
  0x32, 0x37, 0x37, 0x27, 0x23, 0x22, 0x06, 0x15, 0x15, 0x14, 0x16, 0x21,
  0x32, 0x37, 0x37, 0x27, 0x23, 0x22, 0x06, 0x15, 0x15, 0x14, 0x16, 0xcd,
  0x58, 0x66, 0x5a, 0x4c, 0x1c, 0x36, 0x60, 0x4d, 0x37, 0x53, 0x2f, 0x58,
  0x35, 0x2c, 0x25, 0x2f, 0x1d, 0xc3, 0x5b, 0x64, 0x8f, 0x91, 0x63, 0x61,
  0x2b, 0x22, 0x53, 0xfb, 0x38, 0x58, 0x66, 0x5a, 0x4c, 0x1c, 0x36, 0x60,
  0x4d, 0x37, 0x53, 0x2f, 0x58, 0x35, 0x2c, 0x25, 0x2f, 0x1d, 0x01, 0x84,
  0x63, 0x61, 0x2b, 0x22, 0x53, 0x02, 0x22, 0x58, 0x66, 0x5a, 0x4c, 0x1c,
  0x36, 0x60, 0x4d, 0x37, 0x53, 0x2f, 0x58, 0x35, 0x2c, 0x25, 0x2f, 0x1d,
  0x01, 0x84, 0x63, 0x61, 0x2b, 0x22, 0x53, 0xfd, 0x8c, 0x39, 0x28, 0x34,
  0x7d, 0x1e, 0x2f, 0x37, 0x3b, 0x02, 0x7f, 0x39, 0x28, 0x34, 0x7d, 0x1e,
  0x2f, 0x37, 0x3b, 0x02, 0x7f, 0x39, 0x28, 0x34, 0x7d, 0x1e, 0x2f, 0x37,
  0x3b, 0x09, 0x67, 0x58, 0x39, 0x50, 0x60, 0x04, 0x24, 0x47, 0x37, 0x47,
  0x58, 0x30, 0x55, 0x39, 0x32, 0x3f, 0x2e, 0x26, 0x27, 0x25, 0xfc, 0x72,
  0xb0, 0xbd, 0x80, 0x36, 0x2a, 0x29, 0x67, 0x58, 0x39, 0x50, 0x60, 0x04,
  0x24, 0x47, 0x37, 0x47, 0x58, 0x30, 0x55, 0x39, 0x32, 0x3f, 0x2e, 0x26,
  0x27, 0x25, 0xfe, 0x09, 0x80, 0x36, 0x2a, 0x29, 0x67, 0x58, 0x39, 0x50,
  0x60, 0x04, 0x24, 0x47, 0x37, 0x47, 0x58, 0x30, 0x55, 0x39, 0x32, 0x3f,
  0x2e, 0x26, 0x27, 0x25, 0xfe, 0x09, 0x80, 0x36, 0x2a, 0x29, 0x51, 0x33,
  0x42, 0xa0, 0x3b, 0x33, 0x39, 0x33, 0x3b, 0x33, 0x42, 0xa0, 0x3b, 0x33,
  0x39, 0x33, 0x3b, 0x33, 0x42, 0xa0, 0x3b, 0x33, 0x39, 0x33, 0x3b, 0x00,
  0x00, 0x03, 0xfd, 0xd5, 0xff, 0xf7, 0x02, 0x1c, 0x02, 0xe4, 0x00, 0x26,
  0x00, 0x32, 0x00, 0x36, 0x00, 0x00, 0x05, 0x22, 0x26, 0x35, 0x35, 0x34,
  0x36, 0x37, 0x27, 0x26, 0x35, 0x34, 0x36, 0x33, 0x32, 0x16, 0x16, 0x15,
  0x23, 0x34, 0x26, 0x23, 0x22, 0x06, 0x15, 0x14, 0x17, 0x17, 0x37, 0x21,
  0x15, 0x21, 0x07, 0x17, 0x23, 0x27, 0x07, 0x06, 0x06, 0x27, 0x32, 0x37,
  0x37, 0x27, 0x23, 0x22, 0x06, 0x15, 0x15, 0x14, 0x16, 0x25, 0x35, 0x21,
  0x15, 0xfe, 0x93, 0x58, 0x66, 0x5a, 0x4c, 0x1c, 0x36, 0x60, 0x4d, 0x37,
  0x53, 0x2f, 0x58, 0x35, 0x2c, 0x25, 0x2f, 0x1d, 0xc3, 0xbf, 0x01, 0xfb,
  0xfe, 0x2a, 0xb4, 0x91, 0x63, 0x61, 0x2b, 0x22, 0x53, 0x26, 0x39, 0x28,
  0x34, 0x7d, 0x1e, 0x2f, 0x37, 0x3b, 0x01, 0xd9, 0x01, 0xdb, 0x09, 0x67,
  0x58, 0x39, 0x50, 0x60, 0x04, 0x24, 0x47, 0x37, 0x47, 0x58, 0x30, 0x55,
  0x39, 0x32, 0x3f, 0x2e, 0x26, 0x27, 0x25, 0xfc, 0xef, 0x50, 0xdd, 0xbd,
  0x80, 0x36, 0x2a, 0x29, 0x51, 0x33, 0x42, 0xa0, 0x3b, 0x33, 0x39, 0x33,
  0x3b, 0x62, 0x50, 0x50, 0x00, 0x01, 0xfe, 0xa7, 0xff, 0xab, 0x01, 0xa4,
  0x02, 0xee, 0x00, 0x07, 0x00, 0x00, 0x05, 0x11, 0x33, 0x11, 0x21, 0x15,
  0x21, 0x11, 0xfe, 0xa7, 0x5a, 0x02, 0xa3, 0xfd, 0x5d, 0x55, 0x03, 0x43,
  0xfe, 0x84, 0x50, 0xfe, 0x89, 0x00, 0x00, 0x01, 0xfb, 0xd2, 0x00, 0x23,
  0x02, 0x0d, 0x02, 0x71, 0x00, 0x12, 0x00, 0x00, 0x25, 0x11, 0x33, 0x15,
  0x21, 0x26, 0x26, 0x27, 0x27, 0x33, 0x13, 0x03, 0x23, 0x37, 0x36, 0x36,
  0x37, 0x21, 0x15, 0xfb, 0xd2, 0x5a, 0x05, 0x5b, 0x04, 0x08, 0x05, 0xba,
  0x6a, 0xe7, 0xe8, 0x69, 0xbe, 0x03, 0x07, 0x03, 0xfa, 0xa5, 0x23, 0x02,
  0x4e, 0xff, 0x05, 0x0a, 0x05, 0xeb, 0xfe, 0xd9, 0xfe, 0xd9, 0xef, 0x04,
  0x08, 0x04, 0xff, 0x00, 0x00, 0x02, 0xfe, 0xbb, 0xff, 0x92, 0x01, 0xbd,
  0x03, 0x3e, 0x00, 0x24, 0x00, 0x28, 0x00, 0x00, 0x07, 0x35, 0x33, 0x32,
  0x36, 0x27, 0x27, 0x26, 0x36, 0x37, 0x26, 0x26, 0x37, 0x37, 0x36, 0x26,
  0x23, 0x23, 0x35, 0x33, 0x32, 0x16, 0x07, 0x07, 0x06, 0x16, 0x33, 0x33,
  0x15, 0x23, 0x22, 0x06, 0x17, 0x17, 0x16, 0x06, 0x23, 0x21, 0x11, 0x33,
  0x11, 0x37, 0x73, 0x2f, 0x32, 0x02, 0x0a, 0x03, 0x36, 0x31, 0x32, 0x35,
  0x03, 0x0a, 0x02, 0x32, 0x2f, 0x73, 0x73, 0x59, 0x65, 0x05, 0x0a, 0x03,
  0x26, 0x41, 0x6e, 0x6e, 0x40, 0x27, 0x03, 0x0a, 0x05, 0x65, 0x59, 0xfe,
  0x7f, 0x5a, 0x6e, 0x50, 0x2b, 0x2b, 0xa4, 0x39, 0x4a, 0x09, 0x09, 0x4a,
  0x39, 0xa4, 0x2b, 0x2b, 0x50, 0x57, 0x4f, 0xa4, 0x35, 0x2f, 0x50, 0x2f,
  0x35, 0xa4, 0x4f, 0x57, 0x03, 0xac, 0xfc, 0x54, 0x00, 0x02, 0xfe, 0xbb,
  0xff, 0x92, 0x01, 0x45, 0x03, 0x3e, 0x00, 0x07, 0x00, 0x0b, 0x00, 0x00,
  0x07, 0x35, 0x21, 0x11, 0x21, 0x35, 0x21, 0x11, 0x21, 0x11, 0x33, 0x11,
  0x3c, 0x01, 0x27, 0xfe, 0xd9, 0x01, 0x81, 0xfd, 0x76, 0x5a, 0x6e, 0x50,
  0x03, 0x0c, 0x50, 0xfc, 0x54, 0x03, 0xac, 0xfc, 0x54, 0x00, 0xff, 0xff,
  0xfe, 0xe3, 0xff, 0x92, 0x01, 0x1d, 0x03, 0x3e, 0x00, 0x26, 0x01, 0x12,
  0xc4, 0x00, 0x00, 0x07, 0x01, 0x12, 0xfd, 0xe4, 0x00, 0x00, 0x00, 0x02,
  0xfc, 0xa4, 0xff, 0xab, 0x01, 0x72, 0x02, 0xee, 0x00, 0x07, 0x00, 0x0b,
  0x00, 0x00, 0x05, 0x11, 0x33, 0x11, 0x21, 0x15, 0x21, 0x11, 0x21, 0x11,
  0x33, 0x11, 0xfe, 0x52, 0x5a, 0x02, 0xc6, 0xfd, 0x3a, 0xfd, 0xf8, 0x5a,
  0x55, 0x03, 0x43, 0xfe, 0x84, 0x50, 0xfe, 0x89, 0x03, 0x43, 0xfc, 0xbd,
  0x00, 0x04, 0xfa, 0xc9, 0xff, 0xab, 0x00, 0xd2, 0x02, 0xee, 0x00, 0x03,
  0x00, 0x07, 0x00, 0x0d, 0x00, 0x16, 0x00, 0x00, 0x05, 0x11, 0x33, 0x11,
  0x21, 0x11, 0x33, 0x11, 0x21, 0x11, 0x33, 0x01, 0x15, 0x01, 0x35, 0x01,
  0x36, 0x36, 0x37, 0x26, 0x26, 0x27, 0x01, 0xfc, 0x77, 0x5a, 0xfd, 0xf8,
  0x5a, 0x03, 0x02, 0x5a, 0x02, 0x53, 0xfd, 0xad, 0x01, 0xbd, 0x16, 0x27,
  0x0a, 0x0a, 0x27, 0x16, 0xfe, 0x43, 0x55, 0x03, 0x43, 0xfc, 0xbd, 0x03,
  0x43, 0xfc, 0xbd, 0x03, 0x43, 0xfe, 0x8e, 0x64, 0xfe, 0x93, 0x68, 0x01,
  0x0e, 0x0e, 0x15, 0x04, 0x05, 0x17, 0x0d, 0x01, 0x12, 0x00, 0x00, 0x02,
  0xfc, 0xa4, 0xff, 0xab, 0x01, 0x72, 0x02, 0xee, 0x00, 0x0b, 0x00, 0x0f,
  0x00, 0x00, 0x05, 0x11, 0x33, 0x11, 0x21, 0x15, 0x21, 0x15, 0x21, 0x15,
  0x21, 0x15, 0x21, 0x11, 0x33, 0x11, 0xfe, 0x52, 0x5a, 0x02, 0xc6, 0xfd,
  0x3a, 0x02, 0xc6, 0xfd, 0x3a, 0xfd, 0xf8, 0x5a, 0x55, 0x03, 0x43, 0xfe,
  0xfc, 0x50, 0xa0, 0x50, 0xff, 0x03, 0x43, 0xfc, 0xbd, 0x00, 0x00, 0x03,
  0xfc, 0xd6, 0xff, 0xab, 0x01, 0x31, 0x02, 0xee, 0x00, 0x03, 0x00, 0x09,
  0x00, 0x12, 0x00, 0x00, 0x05, 0x11, 0x33, 0x11, 0x21, 0x11, 0x33, 0x01,
  0x15, 0x01, 0x35, 0x01, 0x36, 0x36, 0x37, 0x26, 0x26, 0x27, 0x01, 0xfc,
  0xd6, 0x5a, 0x01, 0x54, 0x5a, 0x02, 0x53, 0xfd, 0xad, 0x01, 0xbd, 0x16,
  0x27, 0x0a, 0x0a, 0x27, 0x16, 0xfe, 0x43, 0x55, 0x03, 0x43, 0xfc, 0xbd,
  0x03, 0x43, 0xfe, 0x8e, 0x64, 0xfe, 0x93, 0x68, 0x01, 0x0e, 0x0e, 0x15,
  0x04, 0x05, 0x17, 0x0d, 0x01, 0x12, 0x00, 0x01, 0xfe, 0xa7, 0xff, 0xab,
  0x01, 0xa4, 0x02, 0xee, 0x00, 0x0b, 0x00, 0x00, 0x05, 0x11, 0x33, 0x11,
  0x21, 0x15, 0x21, 0x15, 0x21, 0x15, 0x21, 0x15, 0xfe, 0xa7, 0x5a, 0x02,
  0xa3, 0xfd, 0x5d, 0x02, 0xa3, 0xfd, 0x5d, 0x55, 0x03, 0x43, 0xfe, 0xfc,
  0x50, 0xa0, 0x50, 0xff, 0x00, 0x02, 0xfb, 0xd2, 0x00, 0x23, 0x02, 0x0d,
  0x02, 0x71, 0x00, 0x0c, 0x00, 0x17, 0x00, 0x00, 0x25, 0x11, 0x33, 0x15,
  0x21, 0x27, 0x33, 0x13, 0x03, 0x23, 0x37, 0x21, 0x15, 0x35, 0x21, 0x37,
  0x36, 0x36, 0x37, 0x26, 0x26, 0x27, 0x27, 0x21, 0xfb, 0xd2, 0x5a, 0x04,
  0xfb, 0x6b, 0x6a, 0xe7, 0xe8, 0x69, 0x6b, 0xfb, 0x05, 0x05, 0x3b, 0x13,
  0x13, 0x1a, 0x05, 0x05, 0x1c, 0x15, 0x10, 0xfa, 0xc6, 0x23, 0x02, 0x4e,
  0x87, 0x87, 0xfe, 0xd9, 0xfe, 0xd9, 0x87, 0x87, 0xd7, 0x18, 0x17, 0x1c,
  0x04, 0x05, 0x1f, 0x19, 0x14, 0x00, 0x00, 0x02, 0xfe, 0xbb, 0xff, 0xab,
  0x01, 0x68, 0x02, 0xee, 0x00, 0x05, 0x00, 0x0e, 0x00, 0x00, 0x05, 0x11,
  0x33, 0x01, 0x15, 0x01, 0x35, 0x01, 0x36, 0x36, 0x37, 0x26, 0x26, 0x27,
  0x01, 0xfe, 0xbb, 0x5a, 0x02, 0x53, 0xfd, 0xad, 0x01, 0xbd, 0x16, 0x27,
  0x0a, 0x0a, 0x27, 0x16, 0xfe, 0x43, 0x55, 0x03, 0x43, 0xfe, 0x8e, 0x64,
  0xfe, 0x93, 0x68, 0x01, 0x0e, 0x0e, 0x15, 0x04, 0x05, 0x17, 0x0d, 0x01,
  0x12, 0x00, 0x00, 0x03, 0xfe, 0x13, 0xff, 0x74, 0x01, 0xf9, 0x03, 0x66,
  0x00, 0x2d, 0x00, 0x34, 0x00, 0x3c, 0x00, 0x00, 0x05, 0x35, 0x26, 0x26,
  0x27, 0x33, 0x14, 0x16, 0x17, 0x11, 0x27, 0x26, 0x26, 0x35, 0x34, 0x36,
  0x37, 0x35, 0x33, 0x15, 0x16, 0x17, 0x01, 0x15, 0x05, 0x35, 0x25, 0x36,
  0x36, 0x37, 0x26, 0x26, 0x27, 0x01, 0x26, 0x26, 0x27, 0x15, 0x17, 0x16,
  0x16, 0x15, 0x14, 0x06, 0x07, 0x15, 0x03, 0x14, 0x16, 0x17, 0x35, 0x06,
  0x06, 0x13, 0x36, 0x36, 0x35, 0x34, 0x26, 0x27, 0x27, 0xfe, 0xde, 0x5e,
  0x6b, 0x02, 0x5a, 0x3b, 0x36, 0x1b, 0x4b, 0x51, 0x63, 0x54, 0x3c, 0x44,
  0x4d, 0x02, 0x4e, 0xfe, 0x61, 0x01, 0x27, 0x13, 0x20, 0x08, 0x09, 0x21,
  0x11, 0xfe, 0x0d, 0x26, 0x35, 0x19, 0x28, 0x49, 0x50, 0x69, 0x58, 0x99,
  0x30, 0x2d, 0x2c, 0x31, 0x99, 0x31, 0x36, 0x2f, 0x2c, 0x0c, 0x8c, 0x83,
  0x08, 0x69, 0x56, 0x31, 0x3e, 0x07, 0x01, 0x06, 0x08, 0x17, 0x6c, 0x49,
  0x50, 0x68, 0x08, 0x84, 0x84, 0x08, 0x28, 0xfe, 0xca, 0x64, 0xd7, 0x5a,
  0x97, 0x0a, 0x0d, 0x02, 0x02, 0x0a, 0x09, 0x01, 0x08, 0x14, 0x14, 0x02,
  0xf8, 0x0d, 0x17, 0x6e, 0x4a, 0x52, 0x6c, 0x09, 0x83, 0x02, 0xb6, 0x2d,
  0x42, 0x0e, 0xe5, 0x07, 0x36, 0xfd, 0xf3, 0x08, 0x3c, 0x30, 0x2c, 0x42,
  0x0d, 0x04, 0x00, 0x01, 0xfe, 0x20, 0x00, 0x5f, 0x01, 0xe0, 0x02, 0x35,
  0x00, 0x13, 0x00, 0x00, 0x25, 0x35, 0x23, 0x35, 0x33, 0x35, 0x33, 0x15,
  0x21, 0x35, 0x33, 0x15, 0x33, 0x15, 0x23, 0x15, 0x23, 0x35, 0x21, 0x15,
  0xfe, 0xdf, 0xbf, 0xbf, 0x58, 0x01, 0x92, 0x58, 0xbf, 0xbf, 0x58, 0xfe,
  0x6e, 0x5f, 0xc3, 0x50, 0xc3, 0xc3, 0xc3, 0xc3, 0x50, 0xc3, 0xc3, 0xc3,
  0x00, 0x01, 0xfb, 0xff, 0x00, 0x5f, 0x01, 0xa9, 0x02, 0x35, 0x00, 0x1b,
  0x00, 0x00, 0x25, 0x35, 0x23, 0x35, 0x33, 0x35, 0x33, 0x15, 0x21, 0x35,
  0x33, 0x15, 0x21, 0x35, 0x33, 0x15, 0x33, 0x15, 0x23, 0x15, 0x23, 0x35,
  0x21, 0x15, 0x23, 0x35, 0x21, 0x15, 0xfc, 0xbe, 0xbf, 0xbf, 0x58, 0x01,
  0x92, 0x58, 0x01, 0x92, 0x58, 0xbf, 0xbf, 0x58, 0xfe, 0x6e, 0x58, 0xfe,
  0x6e, 0x5f, 0xc3, 0x50, 0xc3, 0xc3, 0xc3, 0xc3, 0xc3, 0xc3, 0x50, 0xc3,
  0xc3, 0xc3, 0xc3, 0xc3, 0x00, 0x02, 0xfd, 0xda, 0x00, 0x2d, 0x02, 0x12,
  0x02, 0x67, 0x00, 0x0b, 0x00, 0x18, 0x00, 0x00, 0x25, 0x35, 0x23, 0x35,
  0x33, 0x35, 0x33, 0x15, 0x33, 0x15, 0x23, 0x15, 0x25, 0x35, 0x25, 0x36,
  0x36, 0x37, 0x26, 0x26, 0x27, 0x25, 0x35, 0x05, 0x15, 0xfe, 0xcb, 0xf1,
  0xf1, 0x58, 0xf1, 0xf1, 0x01, 0x41, 0x01, 0x36, 0x13, 0x21, 0x08, 0x09,
  0x22, 0x11, 0xfe, 0xca, 0x01, 0xae, 0x2d, 0xf5, 0x50, 0xf5, 0xf5, 0x50,
  0xf5, 0x14, 0x57, 0x98, 0x09, 0x0d, 0x02, 0x02, 0x0e, 0x08, 0x99, 0x5a,
  0xd7, 0x64, 0x00, 0x04, 0xfe, 0x2a, 0x00, 0x64, 0x01, 0xae, 0x02, 0x30,
  0x00, 0x0b, 0x00, 0x0f, 0x00, 0x1b, 0x00, 0x1f, 0x00, 0x00, 0x01, 0x22,
  0x26, 0x35, 0x34, 0x36, 0x33, 0x32, 0x16, 0x15, 0x14, 0x06, 0x25, 0x21,
  0x35, 0x21, 0x01, 0x22, 0x26, 0x35, 0x34, 0x36, 0x33, 0x32, 0x16, 0x15,
  0x14, 0x06, 0x25, 0x21, 0x35, 0x21, 0x01, 0x5e, 0x24, 0x2c, 0x2c, 0x24,
  0x24, 0x2c, 0x2c, 0xfe, 0xce, 0xfd, 0xda, 0x02, 0x26, 0x01, 0x0e, 0x24,
  0x2c, 0x2c, 0x24, 0x24, 0x2c, 0x2c, 0xfe, 0xce, 0xfd, 0xda, 0x02, 0x26,
  0x01, 0x90, 0x2b, 0x25, 0x24, 0x2c, 0x2c, 0x24, 0x25, 0x2b, 0x0a, 0x50,
  0xfe, 0x7a, 0x2c, 0x25, 0x24, 0x2b, 0x2b, 0x24, 0x25, 0x2c, 0x46, 0x50,
  0x00, 0x06, 0xfb, 0xa0, 0x00, 0x64, 0x02, 0x08, 0x02, 0x30, 0x00, 0x0b,
  0x00, 0x0f, 0x00, 0x13, 0x00, 0x1f, 0x00, 0x23, 0x00, 0x27, 0x00, 0x00,
  0x01, 0x22, 0x26, 0x35, 0x34, 0x36, 0x33, 0x32, 0x16, 0x15, 0x14, 0x06,
  0x37, 0x35, 0x21, 0x15, 0x21, 0x35, 0x21, 0x15, 0x01, 0x22, 0x26, 0x35,
  0x34, 0x36, 0x33, 0x32, 0x16, 0x15, 0x14, 0x06, 0x25, 0x35, 0x21, 0x15,
  0x21, 0x35, 0x21, 0x15, 0xfe, 0xd4, 0x24, 0x2c, 0x2c, 0x24, 0x24, 0x2c,
  0x2c, 0xef, 0x02, 0x21, 0xf9, 0x98, 0x02, 0x21, 0x01, 0x13, 0x24, 0x2c,
  0x2c, 0x24, 0x24, 0x2c, 0x2c, 0xfc, 0xa8, 0x02, 0x21, 0x02, 0x26, 0x02,
  0x21, 0x01, 0x90, 0x2b, 0x25, 0x24, 0x2c, 0x2c, 0x24, 0x25, 0x2b, 0x0a,
  0x50, 0x50, 0x50, 0x50, 0xfe, 0xca, 0x2c, 0x24, 0x25, 0x2b, 0x2b, 0x25,
  0x24, 0x2c, 0x46, 0x50, 0x50, 0x50, 0x50, 0x00, 0x00, 0x06, 0xfb, 0xa0,
  0xff, 0xfb, 0x02, 0x08, 0x02, 0xda, 0x00, 0x03, 0x00, 0x07, 0x00, 0x0b,
  0x00, 0x0f, 0x00, 0x13, 0x00, 0x21, 0x00, 0x00, 0x25, 0x03, 0x33, 0x03,
  0x37, 0x35, 0x21, 0x15, 0x21, 0x35, 0x21, 0x15, 0x05, 0x35, 0x21, 0x15,
  0x21, 0x35, 0x21, 0x15, 0x05, 0x22, 0x26, 0x35, 0x34, 0x36, 0x33, 0x33,
  0x32, 0x16, 0x15, 0x14, 0x06, 0x23, 0xfe, 0xab, 0x0c, 0x6a, 0x0c, 0xea,
  0x02, 0x21, 0xf9, 0x98, 0x02, 0x21, 0xfd, 0xdf, 0x02, 0x21, 0x02, 0x26,
  0x02, 0x21, 0xfc, 0xbd, 0x1a, 0x22, 0x22, 0x1a, 0x1e, 0x1d, 0x1f, 0x22,
  0x1a, 0xd7, 0x02, 0x03, 0xfd, 0xfd, 0xc3, 0x50, 0x50, 0x50, 0x50, 0xf0,
  0x50, 0x50, 0x50, 0x50, 0xaf, 0x22, 0x1a, 0x1a, 0x22, 0x21, 0x1a, 0x1a,
  0x23, 0x00, 0x00, 0x02, 0xfd, 0xf8, 0x00, 0xaa, 0x02, 0x08, 0x01, 0xea,
  0x00, 0x03, 0x00, 0x07, 0x00, 0x00, 0x01, 0x35, 0x21, 0x15, 0x05, 0x35,
  0x21, 0x15, 0xfd, 0xf8, 0x04, 0x10, 0xfb, 0xf0, 0x04, 0x10, 0x01, 0x9a,
  0x50, 0x50, 0xf0, 0x50, 0x50, 0x00, 0x00, 0x03, 0xfb, 0xa5, 0x00, 0x4c,
  0x02, 0x03, 0x02, 0x48, 0x00, 0x03, 0x00, 0x07, 0x00, 0x0b, 0x00, 0x00,
  0x01, 0x35, 0x21, 0x15, 0x05, 0x35, 0x21, 0x15, 0x05, 0x35, 0x21, 0x15,
  0xfb, 0xa5, 0x06, 0x5e, 0xf9, 0xa2, 0x06, 0x5e, 0xf9, 0xa2, 0x06, 0x5e,
  0x01, 0xfc, 0x4c, 0x4c, 0xd8, 0x4c, 0x4c, 0xd8, 0x4c, 0x4c, 0x00, 0x01,
  0xfb, 0xa5, 0x00, 0x23, 0x02, 0x0d, 0x02, 0x71, 0x00, 0x13, 0x00, 0x00,
  0x37, 0x37, 0x21, 0x35, 0x21, 0x37, 0x36, 0x36, 0x37, 0x26, 0x26, 0x27,
  0x27, 0x21, 0x35, 0x21, 0x27, 0x33, 0x13, 0x03, 0xbc, 0x6b, 0xfa, 0x7e,
  0x05, 0xc2, 0x13, 0x13, 0x1a, 0x05, 0x05, 0x1c, 0x15, 0x10, 0xfa, 0x3f,
  0x05, 0x82, 0x6b, 0x6a, 0xe7, 0xe8, 0x23, 0x87, 0x50, 0x18, 0x17, 0x1c,
  0x04, 0x05, 0x1f, 0x19, 0x14, 0x50, 0x87, 0xfe, 0xd9, 0xfe, 0xd9, 0x00,
  0x00, 0x01, 0xfd, 0xfd, 0x00, 0x23, 0x02, 0x0d, 0x02, 0x71, 0x00, 0x13,
  0x00, 0x00, 0x37, 0x37, 0x21, 0x35, 0x21, 0x37, 0x36, 0x36, 0x37, 0x26,
  0x26, 0x27, 0x27, 0x21, 0x35, 0x21, 0x27, 0x33, 0x13, 0x03, 0xbc, 0x6b,
  0xfc, 0xd6, 0x03, 0x6a, 0x13, 0x13, 0x1a, 0x05, 0x05, 0x1c, 0x15, 0x10,
  0xfc, 0x97, 0x03, 0x2a, 0x6b, 0x6a, 0xe7, 0xe8, 0x23, 0x87, 0x50, 0x18,
  0x17, 0x1c, 0x04, 0x05, 0x1f, 0x19, 0x14, 0x50, 0x87, 0xfe, 0xd9, 0xfe,
  0xd9, 0x00, 0x00, 0x02, 0xfb, 0xa5, 0x00, 0x23, 0x02, 0x0d, 0x02, 0x71,
  0x00, 0x13, 0x00, 0x1f, 0x00, 0x00, 0x27, 0x37, 0x21, 0x35, 0x21, 0x37,
  0x36, 0x36, 0x37, 0x26, 0x26, 0x27, 0x27, 0x21, 0x35, 0x21, 0x27, 0x33,
  0x13, 0x03, 0x33, 0x37, 0x36, 0x36, 0x37, 0x26, 0x26, 0x27, 0x27, 0x33,
  0x13, 0x03, 0x70, 0x6b, 0xfb, 0xaa, 0x04, 0x96, 0x13, 0x13, 0x1a, 0x05,
  0x05, 0x1c, 0x15, 0x10, 0xfb, 0x6b, 0x04, 0x56, 0x6b, 0x6a, 0xe7, 0xe8,
  0xc3, 0xbe, 0x13, 0x1a, 0x05, 0x05, 0x1c, 0x15, 0xba, 0x6a, 0xe7, 0xe8,
  0x23, 0x87, 0x50, 0x18, 0x17, 0x1c, 0x04, 0x05, 0x1f, 0x19, 0x14, 0x50,
  0x87, 0xfe, 0xd9, 0xfe, 0xd9, 0xef, 0x17, 0x1c, 0x04, 0x05, 0x1f, 0x19,
  0xeb, 0xfe, 0xd9, 0xfe, 0xd9, 0x00, 0x00, 0x02, 0xfb, 0xa5, 0x00, 0x23,
  0x01, 0xf4, 0x02, 0x71, 0x00, 0x0f, 0x00, 0x17, 0x00, 0x00, 0x37, 0x27,
  0x21, 0x35, 0x21, 0x27, 0x37, 0x21, 0x35, 0x21, 0x37, 0x33, 0x07, 0x07,
  0x17, 0x17, 0x33, 0x03, 0x13, 0x33, 0x07, 0x07, 0x17, 0x17, 0x72, 0x6a,
  0xfb, 0x9d, 0x04, 0x25, 0x3f, 0x3f, 0xfb, 0xdb, 0x04, 0x64, 0x6a, 0x69,
  0xbe, 0x2e, 0x32, 0xba, 0xae, 0xe7, 0xe8, 0x69, 0xbe, 0x2e, 0x32, 0xba,
  0x23, 0x87, 0x50, 0x50, 0x50, 0x50, 0x87, 0xef, 0x37, 0x3d, 0xeb, 0x01,
  0x27, 0x01, 0x27, 0xef, 0x37, 0x3d, 0xeb, 0x00, 0x00, 0x01, 0xfb, 0xa1,
  0x00, 0x00, 0x02, 0x09, 0x02, 0x99, 0x00, 0x13, 0x00, 0x00, 0x21, 0x37,
  0x21, 0x35, 0x21, 0x37, 0x21, 0x35, 0x21, 0x37, 0x33, 0x07, 0x21, 0x15,
  0x21, 0x07, 0x21, 0x15, 0x21, 0x07, 0xfe, 0x53, 0x3e, 0xfd, 0x10, 0x03,
  0x0e, 0x3a, 0xfc, 0xb8, 0x03, 0x66, 0x40, 0x48, 0x40, 0x02, 0xba, 0xfd,
  0x28, 0x3a, 0x03, 0x12, 0xfc, 0xd0, 0x3e, 0xaa, 0x50, 0xa0, 0x50, 0xaf,
  0xaf, 0x50, 0xa0, 0x50, 0xaa, 0x00, 0x00, 0x01, 0xfe, 0x0c, 0x00, 0x23,
  0x02, 0x03, 0x02, 0x71, 0x00, 0x0e, 0x00, 0x00, 0x25, 0x37, 0x36, 0x36,
  0x37, 0x26, 0x26, 0x27, 0x27, 0x33, 0x17, 0x21, 0x15, 0x21, 0x07, 0xfe,
  0x0c, 0xbe, 0x13, 0x1a, 0x05, 0x05, 0x1c, 0x15, 0xba, 0x6a, 0xc8, 0x02,
  0xc5, 0xfd, 0x3b, 0xc9, 0x23, 0xef, 0x17, 0x1c, 0x04, 0x05, 0x1f, 0x19,
  0xeb, 0xff, 0x50, 0xff, 0x00, 0x01, 0xfb, 0xb3, 0x00, 0x23, 0x02, 0x0d,
  0x02, 0x71, 0x00, 0x19, 0x00, 0x00, 0x25, 0x37, 0x36, 0x36, 0x37, 0x26,
  0x26, 0x27, 0x27, 0x33, 0x17, 0x21, 0x26, 0x26, 0x27, 0x27, 0x33, 0x13,
  0x03, 0x23, 0x37, 0x36, 0x36, 0x37, 0x21, 0x07, 0xfb, 0xb3, 0xbe, 0x13,
  0x1a, 0x05, 0x05, 0x1d, 0x14, 0xba, 0x6a, 0xc8, 0x04, 0xa1, 0x04, 0x07,
  0x05, 0xba, 0x6a, 0xe7, 0xe8, 0x69, 0xbe, 0x03, 0x07, 0x03, 0xfb, 0x5e,
  0xc9, 0x23, 0xef, 0x17, 0x1c, 0x04, 0x05, 0x1e, 0x1a, 0xeb, 0xff, 0x05,
  0x0a, 0x05, 0xeb, 0xfe, 0xd9, 0xfe, 0xd9, 0xef, 0x04, 0x08, 0x04, 0xff,
  0xff, 0xff, 0xfe, 0x61, 0xff, 0x92, 0x01, 0x59, 0x03, 0x3e, 0x00, 0x27,
  0x01, 0x16, 0xfe, 0x0c, 0x00, 0x0f, 0x00, 0x06, 0x00, 0xbb, 0xce, 0x00,
  0xff, 0xff, 0xfe, 0x89, 0x00, 0x2d, 0x01, 0x7f, 0x02, 0x67, 0x00, 0x27,
  0x01, 0x16, 0xfe, 0x34, 0x00, 0x00, 0x02, 0x06, 0x00, 0xaa, 0x00, 0x37,
  0x00, 0x02, 0xfe, 0xcf, 0xff, 0xb6, 0x01, 0x31, 0x02, 0xbc, 0x00, 0x0d,
  0x00, 0x11, 0x00, 0x00, 0x25, 0x35, 0x25, 0x36, 0x36, 0x37, 0x35, 0x26,
  0x26, 0x27, 0x25, 0x35, 0x05, 0x15, 0x01, 0x35, 0x25, 0x15, 0xfe, 0xcf,
  0x01, 0xea, 0x11, 0x1f, 0x07, 0x07, 0x1f, 0x11, 0xfe, 0x16, 0x02, 0x62,
  0xfd, 0x9e, 0x02, 0x62, 0x96, 0x5a, 0xa8, 0x06, 0x06, 0x01, 0x07, 0x01,
  0x06, 0x06, 0xab, 0x58, 0xe1, 0x64, 0xfe, 0x3f, 0x5a, 0xe1, 0x5a, 0x00,
  0x00, 0x02, 0xfb, 0xb3, 0x00, 0x23, 0x02, 0x0d, 0x02, 0x71, 0x00, 0x0d,
  0x00, 0x19, 0x00, 0x00, 0x25, 0x13, 0x03, 0x33, 0x17, 0x21, 0x27, 0x33,
  0x13, 0x03, 0x23, 0x37, 0x21, 0x07, 0x37, 0x21, 0x37, 0x36, 0x36, 0x37,
  0x26, 0x26, 0x27, 0x27, 0x21, 0x17, 0xfb, 0xb3, 0xeb, 0xeb, 0x6a, 0x6a,
  0x04, 0xa0, 0x6b, 0x6a, 0xe7, 0xe8, 0x69, 0x6b, 0xfb, 0x5f, 0x6a, 0xa9,
  0x04, 0xa2, 0x13, 0x13, 0x1a, 0x05, 0x05, 0x1c, 0x15, 0x10, 0xfb, 0x5f,
  0x3f, 0x23, 0x01, 0x26, 0x01, 0x28, 0x87, 0x87, 0xfe, 0xd9, 0xfe, 0xd9,
  0x87, 0x87, 0xd7, 0x18, 0x17, 0x1c, 0x04, 0x05, 0x1f, 0x19, 0x14, 0x50,
  0xff, 0xff, 0xfe, 0x2a, 0x00, 0x40, 0x01, 0xd7, 0x02, 0x53, 0x00, 0x26,
  0x01, 0x16, 0xd4, 0x00, 0x00, 0x07, 0x01, 0x16, 0xfd, 0xd5, 0xff, 0xff,
  0x00, 0x02, 0xfb, 0xb3, 0x00, 0x23, 0x02, 0x03, 0x02, 0x71, 0x00, 0x08,
  0x00, 0x0e, 0x00, 0x00, 0x25, 0x13, 0x03, 0x33, 0x17, 0x21, 0x15, 0x21,
  0x07, 0x21, 0x13, 0x03, 0x33, 0x13, 0x03, 0xfc, 0xdf, 0xeb, 0xeb, 0x6a,
  0xc8, 0x03, 0xf2, 0xfc, 0x0e, 0xc9, 0xfe, 0x6b, 0xeb, 0xeb, 0x6a, 0xe7,
  0xe8, 0x23, 0x01, 0x26, 0x01, 0x28, 0xff, 0x50, 0xff, 0x01, 0x26, 0x01,
  0x28, 0xfe, 0xd9, 0xfe, 0xd9, 0x00, 0x00, 0x02, 0xfb, 0xb3, 0x00, 0x23,
  0x02, 0x03, 0x02, 0x71, 0x00, 0x0d, 0x00, 0x13, 0x00, 0x00, 0x25, 0x13,
  0x03, 0x33, 0x17, 0x21, 0x15, 0x21, 0x17, 0x07, 0x21, 0x15, 0x21, 0x07,
  0x21, 0x13, 0x03, 0x33, 0x13, 0x03, 0xfc, 0xdf, 0xeb, 0xeb, 0x6a, 0x6a,
  0x04, 0x50, 0xfb, 0xee, 0x3f, 0x3f, 0x04, 0x12, 0xfb, 0xaf, 0x6a, 0xfe,
  0x6b, 0xeb, 0xeb, 0x6a, 0xe7, 0xe8, 0x23, 0x01, 0x26, 0x01, 0x28, 0x87,
  0x50, 0x50, 0x50, 0x50, 0x87, 0x01, 0x26, 0x01, 0x28, 0xfe, 0xd9, 0xfe,
  0xd9, 0x00, 0xff, 0xff, 0xfc, 0x6d, 0x00, 0x41, 0x02, 0x03, 0x02, 0x53,
  0x00, 0x27, 0x01, 0x16, 0xfc, 0x18, 0x00, 0x00, 0x00, 0x27, 0x01, 0x16,
  0xfe, 0x0c, 0x00, 0x00, 0x02, 0x06, 0x01, 0x16, 0x00, 0x00, 0x00, 0x01,
  0xfd, 0xf3, 0x00, 0x23, 0x01, 0xf4, 0x02, 0x71, 0x00, 0x0e, 0x00, 0x00,
  0x25, 0x03, 0x13, 0x33, 0x07, 0x06, 0x06, 0x07, 0x21, 0x15, 0x21, 0x16,
  0x16, 0x17, 0x17, 0xfe, 0xda, 0xe7, 0xe8, 0x69, 0xbe, 0x03, 0x07, 0x03,
  0x03, 0x7b, 0xfc, 0x86, 0x04, 0x08, 0x04, 0xba, 0x23, 0x01, 0x27, 0x01,
  0x27, 0xef, 0x04, 0x08, 0x04, 0x50, 0x04, 0x0b, 0x05, 0xeb, 0x00, 0x01,
  0xfb, 0x9b, 0x00, 0x23, 0x02, 0x03, 0x02, 0x71, 0x00, 0x0e, 0x00, 0x00,
  0x25, 0x03, 0x13, 0x33, 0x07, 0x06, 0x06, 0x07, 0x21, 0x15, 0x21, 0x16,
  0x16, 0x17, 0x17, 0xfc, 0x82, 0xe7, 0xe8, 0x69, 0xbe, 0x03, 0x07, 0x03,
  0x05, 0xe2, 0xfa, 0x1a, 0x05, 0x0a, 0x06, 0xba, 0x23, 0x01, 0x27, 0x01,
  0x27, 0xef, 0x04, 0x08, 0x04, 0x4b, 0x05, 0x0d, 0x07, 0xeb, 0x00, 0x01,
  0xfb, 0x9b, 0x00, 0x23, 0x01, 0xd6, 0x02, 0x71, 0x00, 0x0c, 0x00, 0x00,
  0x01, 0x35, 0x33, 0x11, 0x23, 0x35, 0x21, 0x17, 0x23, 0x03, 0x13, 0x33,
  0x07, 0x01, 0x7c, 0x5a, 0x5a, 0xfa, 0xa6, 0xca, 0x6a, 0xe7, 0xe8, 0x69,
  0xcb, 0x01, 0x72, 0xff, 0xfd, 0xb2, 0xff, 0xff, 0x01, 0x27, 0x01, 0x27,
  0xff, 0x00, 0x00, 0x01, 0xfb, 0x9b, 0x00, 0x23, 0x02, 0x0d, 0x02, 0x71,
  0x00, 0x0d, 0x00, 0x00, 0x25, 0x03, 0x13, 0x33, 0x07, 0x21, 0x27, 0x33,
  0x13, 0x03, 0x23, 0x37, 0x21, 0x17, 0xfc, 0x82, 0xe7, 0xe8, 0x69, 0xcb,
  0x05, 0x66, 0xcb, 0x6a, 0xe7, 0xe8, 0x69, 0xcb, 0xfa, 0x9b, 0xca, 0x23,
  0x01, 0x27, 0x01, 0x27, 0xff, 0xff, 0xfe, 0xd9, 0xfe, 0xd9, 0xff, 0xff,
  0x00, 0x01, 0xfb, 0x9b, 0x00, 0x23, 0x01, 0xf4, 0x02, 0x71, 0x00, 0x0d,
  0x00, 0x00, 0x25, 0x03, 0x13, 0x33, 0x07, 0x21, 0x37, 0x33, 0x03, 0x13,
  0x23, 0x27, 0x21, 0x17, 0xfc, 0x82, 0xe7, 0xe8, 0x69, 0xcb, 0x04, 0xa1,
  0xc9, 0x69, 0xe7, 0xe7, 0x6a, 0xc8, 0xfb, 0x60, 0xca, 0x23, 0x01, 0x27,
  0x01, 0x27, 0xff, 0xff, 0xfe, 0xda, 0xfe, 0xd8, 0xff, 0xff, 0xff, 0xff,
  0xfe, 0x89, 0x00, 0x2d, 0x01, 0x7f, 0x02, 0x67, 0x00, 0x27, 0x01, 0x17,
  0xfe, 0x34, 0x00, 0x00, 0x02, 0x06, 0x00, 0xaa, 0x00, 0x37, 0xff, 0xff,
  0xfb, 0xcd, 0x00, 0x2d, 0x01, 0xa9, 0x02, 0x67, 0x00, 0x27, 0x01, 0x17,
  0xfb, 0x78, 0x00, 0x00, 0x00, 0x27, 0x00, 0xaa, 0xfd, 0xa8, 0x00, 0x37,
  0x00, 0x06, 0x01, 0x17, 0xa6, 0x00, 0x00, 0x04, 0xf9, 0x43, 0xff, 0xfb,
  0x02, 0x03, 0x02, 0xda, 0x00, 0x03, 0x00, 0x10, 0x00, 0x14, 0x00, 0x22,
  0x00, 0x00, 0x25, 0x03, 0x33, 0x03, 0x05, 0x03, 0x13, 0x33, 0x07, 0x06,
  0x07, 0x21, 0x15, 0x21, 0x16, 0x17, 0x17, 0x25, 0x35, 0x21, 0x15, 0x01,
  0x22, 0x26, 0x35, 0x34, 0x36, 0x33, 0x33, 0x32, 0x16, 0x15, 0x14, 0x06,
  0x23, 0xfc, 0x53, 0x0c, 0x6a, 0x0c, 0xfd, 0x85, 0xe7, 0xe8, 0x69, 0xbe,
  0x07, 0x06, 0x01, 0xeb, 0xfe, 0x16, 0x08, 0x08, 0xba, 0x02, 0xb0, 0x04,
  0xbf, 0xfa, 0x6a, 0x1a, 0x22, 0x22, 0x1a, 0x1e, 0x1d, 0x1f, 0x22, 0x1a,
  0xd7, 0x02, 0x03, 0xfd, 0xfd, 0xb4, 0x01, 0x27, 0x01, 0x27, 0xef, 0x08,
  0x08, 0x50, 0x0a, 0x0a, 0xeb, 0xff, 0x50, 0x50, 0xfe, 0xd9, 0x22, 0x1a,
  0x1a, 0x22, 0x21, 0x1a, 0x1a, 0x23, 0xff, 0xff, 0xfd, 0xee, 0x00, 0x41,
  0x02, 0x20, 0x02, 0x6c, 0x00, 0x27, 0x01, 0x17, 0xfd, 0x99, 0x00, 0x00,
  0x00, 0x06, 0x00, 0xaf, 0xec, 0x00, 0xff, 0xff, 0xfb, 0xb4, 0x00, 0x41,
  0x01, 0xf4, 0x02, 0x6c, 0x00, 0x27, 0x01, 0x17, 0xfb, 0x5f, 0x00, 0x00,
  0x00, 0x26, 0x01, 0x16, 0xf1, 0x00, 0x00, 0x07, 0x00, 0xaf, 0xfd, 0xa8,
  0x00, 0x00, 0x00, 0x02, 0xfe, 0x98, 0xff, 0xab, 0x01, 0x45, 0x02, 0xee,
  0x00, 0x05, 0x00, 0x0e, 0x00, 0x00, 0x17, 0x01, 0x35, 0x01, 0x33, 0x11,
  0x27, 0x11, 0x01, 0x06, 0x06, 0x07, 0x16, 0x16, 0x17, 0xeb, 0xfd, 0xad,
  0x02, 0x53, 0x5a, 0x5a, 0xfe, 0x43, 0x16, 0x27, 0x0a, 0x0a, 0x27, 0x16,
  0x55, 0x01, 0x6d, 0x64, 0x01, 0x72, 0xfc, 0xbd, 0x68, 0x02, 0x70, 0xfe,
  0xee, 0x0d, 0x17, 0x05, 0x04, 0x15, 0x0e, 0x00, 0x00, 0x03, 0xfc, 0x77,
  0xff, 0xab, 0x00, 0xd2, 0x02, 0xee, 0x00, 0x03, 0x00, 0x09, 0x00, 0x12,
  0x00, 0x00, 0x17, 0x11, 0x33, 0x11, 0x21, 0x01, 0x35, 0x01, 0x33, 0x11,
  0x27, 0x11, 0x01, 0x06, 0x06, 0x07, 0x16, 0x16, 0x17, 0x78, 0x5a, 0xfd,
  0xf8, 0xfd, 0xad, 0x02, 0x53, 0x5a, 0x5a, 0xfe, 0x43, 0x16, 0x27, 0x0a,
  0x0a, 0x27, 0x16, 0x55, 0x03, 0x43, 0xfc, 0xbd, 0x01, 0x6d, 0x64, 0x01,
  0x72, 0xfc, 0xbd, 0x68, 0x02, 0x70, 0xfe, 0xee, 0x0d, 0x17, 0x05, 0x04,
  0x15, 0x0e, 0x00, 0x04, 0xfa, 0x7e, 0xff, 0xab, 0x00, 0x87, 0x02, 0xee,
  0x00, 0x03, 0x00, 0x07, 0x00, 0x0d, 0x00, 0x16, 0x00, 0x00, 0x17, 0x11,
  0x33, 0x11, 0x21, 0x11, 0x33, 0x11, 0x21, 0x01, 0x35, 0x01, 0x33, 0x11,
  0x27, 0x11, 0x01, 0x06, 0x06, 0x07, 0x16, 0x16, 0x17, 0x2d, 0x5a, 0xfd,
  0xf8, 0x5a, 0xfd, 0xf8, 0xfd, 0xad, 0x02, 0x53, 0x5a, 0x5a, 0xfe, 0x43,
  0x16, 0x27, 0x0a, 0x0a, 0x27, 0x16, 0x55, 0x03, 0x43, 0xfc, 0xbd, 0x03,
  0x43, 0xfc, 0xbd, 0x01, 0x6d, 0x64, 0x01, 0x72, 0xfc, 0xbd, 0x68, 0x02,
  0x70, 0xfe, 0xee, 0x0d, 0x17, 0x05, 0x04, 0x15, 0x0e, 0x00, 0x00, 0x03,
  0xfb, 0xe6, 0xff, 0x92, 0x01, 0xc2, 0x03, 0x0c, 0x00, 0x03, 0x00, 0x10,
  0x00, 0x1d, 0x00, 0x00, 0x05, 0x11, 0x33, 0x11, 0x37, 0x35, 0x01, 0x36,
  0x36, 0x37, 0x26, 0x26, 0x27, 0x01, 0x35, 0x01, 0x15, 0x01, 0x01, 0x35,
  0x01, 0x15, 0x01, 0x06, 0x06, 0x07, 0x16, 0x16, 0x17, 0x01, 0xfe, 0xa7,
  0x5a, 0x6e, 0x01, 0xbd, 0x14, 0x27, 0x0a, 0x0a, 0x27, 0x14, 0xfe, 0x43,
  0x02, 0x53, 0xfc, 0x77, 0xfd, 0xad, 0x02, 0x53, 0xfe, 0x43, 0x13, 0x26,
  0x0b, 0x0b, 0x26, 0x13, 0x01, 0xbd, 0x6e, 0x03, 0x7a, 0xfc, 0x86, 0x18,
  0x6b, 0x01, 0x10, 0x0c, 0x15, 0x04, 0x05, 0x16, 0x0c, 0x01, 0x16, 0x67,
  0xfe, 0x8e, 0x64, 0xfe, 0x91, 0x01, 0x6f, 0x64, 0x01, 0x72, 0x6b, 0xfe,
  0xeb, 0x0c, 0x16, 0x05, 0x05, 0x15, 0x0b, 0xfe, 0xee, 0x00, 0x00, 0x03,
  0xfe, 0x07, 0xff, 0x74, 0x02, 0x01, 0x03, 0x66, 0x00, 0x2d, 0x00, 0x34,
  0x00, 0x3c, 0x00, 0x00, 0x05, 0x35, 0x26, 0x27, 0x25, 0x35, 0x25, 0x15,
  0x05, 0x06, 0x06, 0x07, 0x16, 0x16, 0x17, 0x05, 0x16, 0x16, 0x17, 0x11,
  0x27, 0x26, 0x26, 0x35, 0x34, 0x36, 0x37, 0x35, 0x33, 0x15, 0x16, 0x16,
  0x17, 0x23, 0x34, 0x26, 0x27, 0x15, 0x17, 0x16, 0x16, 0x15, 0x14, 0x06,
  0x07, 0x15, 0x03, 0x14, 0x16, 0x17, 0x35, 0x06, 0x06, 0x13, 0x36, 0x36,
  0x35, 0x34, 0x26, 0x27, 0x27, 0x01, 0x04, 0x79, 0x69, 0xfd, 0xe5, 0x01,
  0xae, 0xfe, 0xca, 0x13, 0x21, 0x08, 0x09, 0x21, 0x12, 0x01, 0xc5, 0x2c,
  0x5d, 0x37, 0x1b, 0x4a, 0x52, 0x63, 0x54, 0x3c, 0x53, 0x64, 0x01, 0x5a,
  0x31, 0x2d, 0x28, 0x49, 0x50, 0x69, 0x58, 0x99, 0x30, 0x2d, 0x2c, 0x31,
  0x99, 0x31, 0x36, 0x30, 0x2b, 0x0c, 0x8c, 0x83, 0x04, 0x2f, 0xee, 0x64,
  0xd7, 0x57, 0x98, 0x09, 0x0d, 0x02, 0x03, 0x0c, 0x08, 0xc4, 0x13, 0x15,
  0x02, 0x01, 0x07, 0x08, 0x17, 0x6b, 0x4a, 0x50, 0x68, 0x08, 0x84, 0x83,
  0x08, 0x68, 0x52, 0x2f, 0x3b, 0x07, 0xf8, 0x0d, 0x17, 0x6d, 0x4b, 0x52,
  0x6c, 0x09, 0x83, 0x02, 0xb6, 0x2d, 0x42, 0x0e, 0xe5, 0x07, 0x36, 0xfd,
  0xf3, 0x08, 0x3c, 0x30, 0x2c, 0x42, 0x0d, 0x04, 0x00, 0x03, 0xfb, 0xbe,
  0xff, 0x74, 0x01, 0xea, 0x03, 0x66, 0x00, 0x37, 0x00, 0x3e, 0x00, 0x46,
  0x00, 0x00, 0x05, 0x35, 0x26, 0x27, 0x25, 0x35, 0x25, 0x15, 0x05, 0x06,
  0x06, 0x07, 0x16, 0x16, 0x17, 0x05, 0x16, 0x16, 0x17, 0x11, 0x27, 0x26,
  0x26, 0x35, 0x34, 0x36, 0x37, 0x35, 0x33, 0x15, 0x16, 0x16, 0x17, 0x01,
  0x15, 0x05, 0x35, 0x25, 0x36, 0x36, 0x37, 0x26, 0x26, 0x27, 0x01, 0x26,
  0x27, 0x15, 0x17, 0x16, 0x16, 0x15, 0x14, 0x06, 0x07, 0x15, 0x03, 0x14,
  0x16, 0x17, 0x35, 0x06, 0x06, 0x13, 0x36, 0x36, 0x35, 0x34, 0x26, 0x27,
  0x27, 0xfe, 0xbb, 0x79, 0x69, 0xfd, 0xe5, 0x01, 0xae, 0xfe, 0xca, 0x13,
  0x21, 0x08, 0x09, 0x21, 0x12, 0x01, 0xc5, 0x2c, 0x5d, 0x37, 0x1b, 0x4a,
  0x52, 0x63, 0x54, 0x3c, 0x23, 0x50, 0x25, 0x02, 0x5b, 0xfe, 0x52, 0x01,
  0x36, 0x13, 0x21, 0x08, 0x09, 0x22, 0x11, 0xfd, 0xf8, 0x3f, 0x34, 0x28,
  0x49, 0x50, 0x69, 0x58, 0x99, 0x30, 0x2d, 0x2c, 0x31, 0x99, 0x31, 0x36,
  0x30, 0x2b, 0x0c, 0x8c, 0x83, 0x04, 0x2f, 0xee, 0x64, 0xd7, 0x57, 0x98,
  0x09, 0x0d, 0x02, 0x03, 0x0c, 0x08, 0xc4, 0x13, 0x15, 0x02, 0x01, 0x07,
  0x08, 0x16, 0x6c, 0x4a, 0x50, 0x67, 0x08, 0x85, 0x85, 0x04, 0x19, 0x13,
  0xfe, 0xcb, 0x64, 0xd7, 0x57, 0x98, 0x09, 0x0d, 0x02, 0x02, 0x0d, 0x09,
  0x01, 0x0a, 0x20, 0x08, 0xf8, 0x0d, 0x17, 0x6d, 0x4b, 0x52, 0x6c, 0x09,
  0x83, 0x02, 0xb6, 0x2d, 0x42, 0x0e, 0xe5, 0x07, 0x36, 0xfd, 0xf3, 0x08,
  0x3c, 0x30, 0x2c, 0x41, 0x0e, 0x04, 0x00, 0x04, 0xf9, 0x43, 0x00, 0x00,
  0x02, 0x03, 0x02, 0xda, 0x00, 0x1b, 0x00, 0x24, 0x00, 0x28, 0x00, 0x2c,
  0x00, 0x00, 0x21, 0x37, 0x23, 0x35, 0x33, 0x37, 0x23, 0x35, 0x33, 0x37,
  0x33, 0x07, 0x33, 0x37, 0x33, 0x07, 0x33, 0x15, 0x23, 0x07, 0x33, 0x15,
  0x23, 0x07, 0x23, 0x37, 0x23, 0x07, 0x25, 0x03, 0x13, 0x33, 0x07, 0x21,
  0x15, 0x21, 0x17, 0x25, 0x33, 0x37, 0x23, 0x05, 0x35, 0x21, 0x15, 0xfb,
  0xa3, 0x27, 0x57, 0x62, 0x22, 0x61, 0x6c, 0x27, 0x46, 0x27, 0xa0, 0x27,
  0x46, 0x27, 0x57, 0x62, 0x22, 0x61, 0x6c, 0x27, 0x46, 0x27, 0xa0, 0x27,
  0xfe, 0x41, 0xe7, 0xe8, 0x69, 0xcb, 0x01, 0x69, 0xfe, 0x98, 0xca, 0x01,
  0x87, 0xa0, 0x22, 0xa0, 0x01, 0x93, 0x04, 0x33, 0xd2, 0x41, 0xb4, 0x41,
  0xd2, 0xd2, 0xd2, 0xd2, 0x41, 0xb4, 0x41, 0xd2, 0xd2, 0xd2, 0x23, 0x01,
  0x27, 0x01, 0x27, 0xff, 0x50, 0xff, 0xf0, 0xb4, 0xa5, 0x50, 0x50, 0x00,
  0x00, 0x02, 0xfd, 0xee, 0x00, 0x2d, 0x02, 0x26, 0x02, 0x67, 0x00, 0x0b,
  0x00, 0x18, 0x00, 0x00, 0x37, 0x35, 0x23, 0x35, 0x33, 0x35, 0x33, 0x15,
  0x33, 0x15, 0x23, 0x15, 0x25, 0x25, 0x35, 0x25, 0x15, 0x05, 0x06, 0x06,
  0x07, 0x16, 0x16, 0x17, 0x05, 0xdd, 0xf1, 0xf1, 0x58, 0xf1, 0xf1, 0xfe,
  0x67, 0xfe, 0x52, 0x01, 0xae, 0xfe, 0xca, 0x13, 0x21, 0x08, 0x09, 0x22,
  0x11, 0x01, 0x36, 0x2d, 0xf5, 0x50, 0xf5, 0xf5, 0x50, 0xf5, 0x14, 0xd7,
  0x64, 0xd7, 0x57, 0x98, 0x09, 0x0d, 0x02, 0x02, 0x0d, 0x09, 0x99, 0x00,
  0x00, 0x03, 0xfb, 0xb4, 0x00, 0x2d, 0x01, 0xf4, 0x02, 0x67, 0x00, 0x0b,
  0x00, 0x18, 0x00, 0x25, 0x00, 0x00, 0x25, 0x35, 0x23, 0x35, 0x33, 0x35,
  0x33, 0x15, 0x33, 0x15, 0x23, 0x15, 0x25, 0x25, 0x35, 0x25, 0x15, 0x05,
  0x06, 0x06, 0x07, 0x16, 0x16, 0x17, 0x05, 0x05, 0x35, 0x25, 0x36, 0x36,
  0x37, 0x26, 0x26, 0x27, 0x25, 0x35, 0x05, 0x15, 0xfe, 0xa8, 0xf1, 0xf1,
  0x58, 0xf1, 0xf1, 0xfe, 0x62, 0xfe, 0x52, 0x01, 0xae, 0xfe, 0xca, 0x13,
  0x21, 0x08, 0x09, 0x22, 0x11, 0x01, 0x36, 0x02, 0xe4, 0x01, 0x36, 0x13,
  0x21, 0x08, 0x09, 0x22, 0x11, 0xfe, 0xca, 0x01, 0xae, 0x2d, 0xf5, 0x50,
  0xf5, 0xf5, 0x50, 0xf5, 0x14, 0xd7, 0x64, 0xd7, 0x57, 0x98, 0x09, 0x0d,
  0x02, 0x02, 0x0d, 0x09, 0x99, 0x5a, 0x57, 0x98, 0x09, 0x0d, 0x02, 0x02,
  0x0e, 0x08, 0x99, 0x5a, 0xd7, 0x64, 0x00, 0x02, 0xfe, 0xcf, 0xff, 0xb6,
  0x01, 0x31, 0x02, 0xbc, 0x00, 0x0d, 0x00, 0x11, 0x00, 0x00, 0x25, 0x25,
  0x35, 0x25, 0x15, 0x05, 0x06, 0x06, 0x07, 0x15, 0x32, 0x16, 0x17, 0x05,
  0x11, 0x25, 0x35, 0x05, 0x01, 0x31, 0xfd, 0x9e, 0x02, 0x62, 0xfe, 0x16,
  0x11, 0x1e, 0x08, 0x08, 0x1e, 0x11, 0x01, 0xea, 0xfd, 0x9e, 0x02, 0x62,
  0x96, 0xe1, 0x64, 0xe1, 0x5a, 0xa8, 0x06, 0x06, 0x01, 0x07, 0x06, 0x06,
  0xab, 0xfe, 0xc7, 0xe2, 0x58, 0xe2, 0x00, 0x02, 0xfb, 0x9b, 0x00, 0x23,
  0x01, 0xd6, 0x02, 0x71, 0x00, 0x0c, 0x00, 0x11, 0x00, 0x00, 0x25, 0x03,
  0x13, 0x33, 0x07, 0x21, 0x35, 0x33, 0x11, 0x23, 0x35, 0x21, 0x17, 0x27,
  0x21, 0x35, 0x21, 0x07, 0xfc, 0x82, 0xe7, 0xe8, 0x69, 0x6b, 0x04, 0xfb,
  0x5a, 0x5a, 0xfb, 0x05, 0x6b, 0xaa, 0x05, 0x3a, 0xfa, 0xc5, 0x3d, 0x23,
  0x01, 0x27, 0x01, 0x27, 0x87, 0x87, 0xfd, 0xb2, 0x87, 0x87, 0xd7, 0xa0,
  0x4f, 0x00, 0x00, 0x01, 0xfb, 0x9b, 0x00, 0x23, 0x02, 0x03, 0x02, 0x71,
  0x00, 0x0d, 0x00, 0x00, 0x25, 0x03, 0x13, 0x33, 0x07, 0x21, 0x15, 0x21,
  0x07, 0x17, 0x21, 0x15, 0x21, 0x17, 0xfc, 0x82, 0xe7, 0xe8, 0x69, 0x6b,
  0x05, 0x82, 0xfa, 0x3e, 0x3d, 0x3e, 0x05, 0xc1, 0xfa, 0x7e, 0x6b, 0x23,
  0x01, 0x27, 0x01, 0x27, 0x87, 0x50, 0x4f, 0x51, 0x50, 0x87, 0x00, 0x02,
  0xf9, 0x43, 0x00, 0x23, 0x02, 0x0d, 0x02, 0x71, 0x00, 0x0d, 0x00, 0x13,
  0x00, 0x00, 0x25, 0x03, 0x13, 0x33, 0x07, 0x21, 0x27, 0x33, 0x13, 0x03,
  0x23, 0x37, 0x21, 0x17, 0x27, 0x21, 0x37, 0x27, 0x21, 0x07, 0xfa, 0x2a,
  0xe7, 0xe8, 0x69, 0x6b, 0x06, 0xfe, 0x6b, 0x6a, 0xe7, 0xe8, 0x69, 0x6b,
  0xf9, 0x02, 0x6b, 0xaa, 0x07, 0x7d, 0x41, 0x42, 0xf8, 0x83, 0x3d, 0x23,
  0x01, 0x27, 0x01, 0x27, 0x87, 0x87, 0xfe, 0xd9, 0xfe, 0xd9, 0x87, 0x87,
  0xd7, 0x4f, 0x51, 0x4f, 0x00, 0x02, 0xfb, 0x9b, 0x00, 0x23, 0x02, 0x0d,
  0x02, 0x71, 0x00, 0x0d, 0x00, 0x13, 0x00, 0x00, 0x25, 0x03, 0x13, 0x33,
  0x07, 0x21, 0x27, 0x33, 0x13, 0x03, 0x23, 0x37, 0x21, 0x17, 0x27, 0x21,
  0x37, 0x27, 0x21, 0x07, 0xfc, 0x82, 0xe7, 0xe8, 0x69, 0x6b, 0x04, 0xa6,
  0x6b, 0x6a, 0xe7, 0xe8, 0x69, 0x6b, 0xfb, 0x5a, 0x6b, 0xaa, 0x05, 0x25,
  0x41, 0x42, 0xfa, 0xdb, 0x3e, 0x23, 0x01, 0x27, 0x01, 0x27, 0x87, 0x87,
  0xfe, 0xd9, 0xfe, 0xd9, 0x87, 0x87, 0xd7, 0x4f, 0x51, 0x4f, 0x00, 0x02,
  0xfb, 0x9b, 0x00, 0x23, 0x01, 0xf4, 0x02, 0x71, 0x00, 0x0d, 0x00, 0x13,
  0x00, 0x00, 0x25, 0x03, 0x13, 0x33, 0x07, 0x21, 0x37, 0x33, 0x03, 0x13,
  0x23, 0x27, 0x21, 0x17, 0x27, 0x21, 0x27, 0x37, 0x21, 0x07, 0xfc, 0x82,
  0xe7, 0xe8, 0x69, 0x6b, 0x04, 0xa0, 0x6a, 0x69, 0xe8, 0xe8, 0x6a, 0x6a,
  0xfb, 0x61, 0x6b, 0xaa, 0x04, 0xa0, 0x3f, 0x3f, 0xfb, 0x5f, 0x3d, 0x23,
  0x01, 0x27, 0x01, 0x27, 0x87, 0x87, 0xfe, 0xda, 0xfe, 0xd8, 0x87, 0x87,
  0xd7, 0x50, 0x50, 0x4f, 0x00, 0x02, 0xfe, 0x34, 0x00, 0x28, 0x01, 0xcc,
  0x02, 0x6c, 0x00, 0x05, 0x00, 0x13, 0x00, 0x00, 0x35, 0x25, 0x35, 0x25,
  0x05, 0x15, 0x05, 0x25, 0x36, 0x36, 0x37, 0x26, 0x26, 0x27, 0x25, 0x05,
  0x06, 0x07, 0x16, 0x17, 0xfe, 0x34, 0x01, 0xcc, 0x01, 0xcc, 0xfe, 0x38,
  0x01, 0x4e, 0x14, 0x17, 0x04, 0x04, 0x18, 0x11, 0xfe, 0xab, 0xfe, 0xb7,
  0x25, 0x0c, 0x0c, 0x25, 0x28, 0xf0, 0x64, 0xf0, 0xf0, 0x64, 0x91, 0xaa,
  0x0a, 0x0c, 0x02, 0x02, 0x0a, 0x09, 0xb0, 0xac, 0x13, 0x03, 0x03, 0x13,
  0xff, 0xff, 0xfe, 0x47, 0x00, 0x41, 0x01, 0xd6, 0x02, 0x53, 0x00, 0x27,
  0x01, 0x17, 0xfd, 0xf2, 0x00, 0x00, 0x00, 0x06, 0x01, 0x17, 0xd3, 0x00,
  0x00, 0x02, 0xfb, 0x9b, 0x00, 0x23, 0x02, 0x03, 0x02, 0x71, 0x00, 0x08,
  0x00, 0x0e, 0x00, 0x00, 0x25, 0x03, 0x13, 0x33, 0x07, 0x21, 0x15, 0x21,
  0x13, 0x21, 0x03, 0x13, 0x33, 0x03, 0x13, 0xfd, 0xae, 0xe7, 0xe8, 0x69,
  0xcb, 0x04, 0xb6, 0xfb, 0x46, 0xcf, 0xfe, 0x6a, 0xe7, 0xe8, 0x69, 0xea,
  0xea, 0x23, 0x01, 0x27, 0x01, 0x27, 0xff, 0x4b, 0xfe, 0xfc, 0x01, 0x27,
  0x01, 0x27, 0xfe, 0xda, 0xfe, 0xd8, 0x00, 0x02, 0xfb, 0x9b, 0x00, 0x23,
  0x01, 0xdb, 0x02, 0x71, 0x00, 0x0d, 0x00, 0x13, 0x00, 0x00, 0x25, 0x03,
  0x13, 0x33, 0x07, 0x21, 0x15, 0x21, 0x07, 0x17, 0x21, 0x15, 0x21, 0x17,
  0x21, 0x03, 0x13, 0x33, 0x03, 0x13, 0xfd, 0xae, 0xe7, 0xe8, 0x69, 0x6b,
  0x04, 0x2e, 0xfb, 0x92, 0x3f, 0x40, 0x04, 0x6d, 0xfb, 0xd2, 0x6b, 0xfe,
  0x6a, 0xe7, 0xe8, 0x69, 0xe9, 0xe9, 0x23, 0x01, 0x27, 0x01, 0x27, 0x87,
  0x50, 0x4f, 0x51, 0x50, 0x87, 0x01, 0x27, 0x01, 0x27, 0xfe, 0xda, 0xfe,
  0xd8, 0x00, 0xff, 0xff, 0xfb, 0xf5, 0x00, 0x41, 0x01, 0xbd, 0x02, 0x53,
  0x00, 0x27, 0x01, 0x17, 0xfb, 0xa0, 0x00, 0x00, 0x00, 0x27, 0x01, 0x17,
  0xfd, 0xad, 0x00, 0x00, 0x00, 0x06, 0x01, 0x17, 0xba, 0x00, 0x00, 0x02,
  0xfb, 0x9b, 0x00, 0x23, 0x02, 0x12, 0x02, 0x71, 0x00, 0x4c, 0x00, 0x52,
  0x00, 0x00, 0x25, 0x03, 0x13, 0x33, 0x07, 0x33, 0x32, 0x1e, 0x03, 0x33,
  0x32, 0x3e, 0x03, 0x33, 0x32, 0x1e, 0x03, 0x33, 0x32, 0x3e, 0x03, 0x33,
  0x32, 0x1e, 0x03, 0x33, 0x32, 0x35, 0x35, 0x33, 0x15, 0x14, 0x06, 0x23,
  0x22, 0x2e, 0x03, 0x23, 0x22, 0x0e, 0x03, 0x23, 0x22, 0x2e, 0x03, 0x23,
  0x22, 0x0e, 0x03, 0x23, 0x22, 0x2e, 0x03, 0x23, 0x23, 0x07, 0x13, 0x21,
  0x03, 0x13, 0x33, 0x03, 0x13, 0xfd, 0xae, 0xe7, 0xe8, 0x69, 0x98, 0x1e,
  0x26, 0x31, 0x22, 0x1c, 0x1e, 0x15, 0x15, 0x1e, 0x1c, 0x22, 0x32, 0x25,
  0x25, 0x34, 0x24, 0x1d, 0x1f, 0x14, 0x15, 0x1f, 0x1d, 0x24, 0x33, 0x25,
  0x25, 0x32, 0x22, 0x1b, 0x1e, 0x14, 0x2f, 0x55, 0x47, 0x3b, 0x25, 0x32,
  0x21, 0x1b, 0x1e, 0x15, 0x15, 0x1f, 0x1e, 0x24, 0x33, 0x26, 0x25, 0x33,
  0x24, 0x1d, 0x1f, 0x15, 0x15, 0x1e, 0x1c, 0x22, 0x31, 0x26, 0x26, 0x31,
  0x22, 0x1c, 0x1e, 0x15, 0x5a, 0x16, 0xea, 0xfe, 0x6a, 0xe7, 0xe8, 0x69,
  0xe9, 0xe9, 0x23, 0x01, 0x27, 0x01, 0x27, 0xbf, 0x1a, 0x27, 0x27, 0x1a,
  0x1a, 0x27, 0x27, 0x1a, 0x1a, 0x27, 0x27, 0x1a, 0x1a, 0x27, 0x27, 0x1a,
  0x1a, 0x27, 0x27, 0x1a, 0x37, 0x28, 0x28, 0x3a, 0x48, 0x1a, 0x27, 0x27,
  0x1a, 0x1a, 0x27, 0x27, 0x1a, 0x1a, 0x27, 0x27, 0x1a, 0x1a, 0x27, 0x27,
  0x1a, 0x1a, 0x27, 0x27, 0x1a, 0x1c, 0xfe, 0xd8, 0x01, 0x27, 0x01, 0x27,
  0xfe, 0xda, 0xfe, 0xd8, 0x00, 0x01, 0xfd, 0xf3, 0x00, 0x23, 0x02, 0x12,
  0x02, 0x71, 0x00, 0x3d, 0x00, 0x00, 0x25, 0x03, 0x13, 0x33, 0x03, 0x33,
  0x32, 0x3e, 0x03, 0x33, 0x32, 0x1e, 0x03, 0x33, 0x32, 0x3e, 0x03, 0x33,
  0x32, 0x1e, 0x03, 0x33, 0x32, 0x35, 0x35, 0x33, 0x15, 0x14, 0x06, 0x23,
  0x22, 0x2e, 0x03, 0x23, 0x22, 0x0e, 0x03, 0x23, 0x22, 0x2e, 0x03, 0x23,
  0x22, 0x0e, 0x02, 0x07, 0x17, 0xfe, 0xda, 0xe7, 0xe8, 0x69, 0xeb, 0x0d,
  0x15, 0x1e, 0x1c, 0x22, 0x32, 0x25, 0x25, 0x34, 0x24, 0x1d, 0x1f, 0x14,
  0x15, 0x1f, 0x1d, 0x24, 0x33, 0x25, 0x25, 0x32, 0x22, 0x1b, 0x1e, 0x14,
  0x2f, 0x55, 0x47, 0x3b, 0x25, 0x32, 0x21, 0x1b, 0x1e, 0x15, 0x15, 0x1f,
  0x1e, 0x24, 0x33, 0x26, 0x25, 0x33, 0x24, 0x1d, 0x1f, 0x15, 0x17, 0x22,
  0x20, 0x29, 0x1e, 0xb6, 0x23, 0x01, 0x27, 0x01, 0x27, 0xfe, 0xd9, 0x15,
  0x1f, 0x1f, 0x15, 0x1a, 0x27, 0x27, 0x1a, 0x1a, 0x27, 0x27, 0x1a, 0x1a,
  0x27, 0x27, 0x1a, 0x38, 0x28, 0x28, 0x3a, 0x49, 0x1a, 0x27, 0x27, 0x1a,
  0x1a, 0x27, 0x27, 0x1a, 0x1a, 0x27, 0x27, 0x1a, 0x17, 0x21, 0x1f, 0x07,
  0xe6, 0x00, 0x00, 0x03, 0xfb, 0xb4, 0x00, 0x41, 0x01, 0xf4, 0x02, 0x53,
  0x00, 0x0c, 0x00, 0x19, 0x00, 0x4d, 0x00, 0x00, 0x25, 0x25, 0x35, 0x25,
  0x15, 0x05, 0x06, 0x06, 0x07, 0x16, 0x16, 0x17, 0x05, 0x05, 0x35, 0x25,
  0x36, 0x36, 0x37, 0x26, 0x26, 0x27, 0x25, 0x35, 0x05, 0x15, 0x05, 0x22,
  0x2e, 0x03, 0x23, 0x22, 0x15, 0x15, 0x23, 0x35, 0x34, 0x36, 0x33, 0x32,
  0x1e, 0x03, 0x33, 0x32, 0x3e, 0x03, 0x33, 0x32, 0x1e, 0x03, 0x33, 0x32,
  0x35, 0x35, 0x33, 0x15, 0x14, 0x06, 0x23, 0x22, 0x2e, 0x03, 0x23, 0x22,
  0x0e, 0x03, 0xfd, 0x62, 0xfe, 0x52, 0x01, 0xae, 0xfe, 0xca, 0x13, 0x21,
  0x08, 0x09, 0x22, 0x11, 0x01, 0x36, 0x02, 0xe4, 0x01, 0x36, 0x13, 0x21,
  0x08, 0x09, 0x22, 0x11, 0xfe, 0xca, 0x01, 0xae, 0xfc, 0x81, 0x25, 0x32,
  0x22, 0x1b, 0x1e, 0x14, 0x2f, 0x55, 0x48, 0x3a, 0x25, 0x31, 0x22, 0x1b,
  0x1e, 0x15, 0x15, 0x1d, 0x1b, 0x21, 0x32, 0x25, 0x25, 0x32, 0x22, 0x1b,
  0x1e, 0x14, 0x2f, 0x55, 0x47, 0x3b, 0x25, 0x32, 0x21, 0x1b, 0x1e, 0x15,
  0x15, 0x1d, 0x1b, 0x21, 0x31, 0x41, 0xd7, 0x64, 0xd7, 0x57, 0x98, 0x09,
  0x0d, 0x02, 0x02, 0x0d, 0x09, 0x99, 0x5a, 0x57, 0x98, 0x09, 0x0d, 0x02,
  0x02, 0x0e, 0x08, 0x99, 0x5a, 0xd7, 0x64, 0x33, 0x1a, 0x27, 0x27, 0x1a,
  0x37, 0x28, 0x28, 0x3b, 0x47, 0x1a, 0x27, 0x27, 0x1a, 0x1a, 0x27, 0x27,
  0x1a, 0x1a, 0x27, 0x27, 0x1a, 0x37, 0x28, 0x28, 0x3a, 0x48, 0x1a, 0x27,
  0x27, 0x1a, 0x1a, 0x27, 0x27, 0x1a, 0x00, 0x01, 0xfb, 0x9b, 0x00, 0x23,
  0x02, 0x12, 0x02, 0x71, 0x00, 0x66, 0x00, 0x00, 0x25, 0x22, 0x2e, 0x03,
  0x27, 0x06, 0x06, 0x07, 0x16, 0x16, 0x17, 0x17, 0x23, 0x03, 0x13, 0x33,
  0x07, 0x1e, 0x03, 0x33, 0x32, 0x3e, 0x03, 0x33, 0x32, 0x1e, 0x03, 0x33,
  0x32, 0x3e, 0x03, 0x33, 0x32, 0x1e, 0x03, 0x33, 0x32, 0x3e, 0x03, 0x33,
  0x32, 0x1e, 0x03, 0x33, 0x32, 0x35, 0x35, 0x33, 0x15, 0x14, 0x06, 0x23,
  0x22, 0x2e, 0x03, 0x23, 0x22, 0x0e, 0x03, 0x23, 0x22, 0x2e, 0x03, 0x23,
  0x22, 0x0e, 0x03, 0x23, 0x22, 0x2e, 0x03, 0x23, 0x22, 0x0e, 0x03, 0xfc,
  0xd6, 0x24, 0x30, 0x22, 0x1b, 0x1b, 0x13, 0x09, 0x0c, 0x02, 0x04, 0x19,
  0x15, 0xba, 0x6a, 0xe7, 0xe8, 0x69, 0xa2, 0x1a, 0x23, 0x1c, 0x1e, 0x15,
  0x15, 0x1e, 0x1c, 0x22, 0x32, 0x25, 0x26, 0x31, 0x22, 0x1c, 0x1e, 0x15,
  0x15, 0x1e, 0x1c, 0x22, 0x32, 0x25, 0x25, 0x34, 0x24, 0x1d, 0x1f, 0x14,
  0x15, 0x1f, 0x1d, 0x24, 0x33, 0x25, 0x25, 0x32, 0x22, 0x1b, 0x1e, 0x14,
  0x2f, 0x55, 0x47, 0x3b, 0x25, 0x32, 0x21, 0x1b, 0x1e, 0x15, 0x15, 0x1f,
  0x1e, 0x24, 0x33, 0x26, 0x25, 0x33, 0x24, 0x1d, 0x1f, 0x15, 0x15, 0x1e,
  0x1c, 0x22, 0x31, 0x26, 0x26, 0x31, 0x22, 0x1c, 0x1e, 0x15, 0x15, 0x1e,
  0x1c, 0x22, 0x31, 0xe5, 0x18, 0x24, 0x26, 0x1c, 0x03, 0x0b, 0x0d, 0x03,
  0x04, 0x1f, 0x1a, 0xeb, 0x01, 0x27, 0x01, 0x27, 0xcc, 0x0c, 0x27, 0x27,
  0x1b, 0x1a, 0x27, 0x27, 0x1a, 0x1a, 0x27, 0x27, 0x1a, 0x1a, 0x27, 0x27,
  0x1a, 0x1a, 0x27, 0x27, 0x1a, 0x1a, 0x27, 0x27, 0x1a, 0x1a, 0x27, 0x27,
  0x1a, 0x37, 0x28, 0x28, 0x3a, 0x48, 0x1a, 0x27, 0x27, 0x1a, 0x1a, 0x27,
  0x27, 0x1a, 0x1a, 0x27, 0x27, 0x1a, 0x1a, 0x27, 0x27, 0x1a, 0x1a, 0x27,
  0x27, 0x1a, 0x1a, 0x27, 0x27, 0x1a, 0x00, 0x01, 0xfe, 0x2a, 0xff, 0x92,
  0x01, 0xea, 0x03, 0x3e, 0x00, 0x10, 0x00, 0x00, 0x17, 0x37, 0x01, 0x35,
  0x25, 0x15, 0x05, 0x06, 0x06, 0x07, 0x16, 0x16, 0x17, 0x05, 0x01, 0x33,
  0x01, 0x28, 0x2b, 0xfd, 0xd7, 0x01, 0xae, 0xfe, 0xca, 0x11, 0x1c, 0x07,
  0x07, 0x1c, 0x11, 0x01, 0xcd, 0x01, 0x1c, 0x5f, 0xfe, 0x9d, 0x6e, 0x71,
  0x01, 0x15, 0x64, 0xd7, 0x5a, 0x97, 0x09, 0x0c, 0x02, 0x02, 0x0c, 0x09,
  0xe6, 0x02, 0xf0, 0xfc, 0x54, 0x00, 0x00, 0x01, 0xfb, 0xf5, 0xff, 0x92,
  0x01, 0xb3, 0x03, 0x3e, 0x00, 0x1d, 0x00, 0x00, 0x05, 0x37, 0x01, 0x35,
  0x25, 0x15, 0x05, 0x06, 0x06, 0x07, 0x16, 0x16, 0x17, 0x05, 0x01, 0x33,
  0x07, 0x01, 0x15, 0x05, 0x35, 0x25, 0x36, 0x36, 0x37, 0x26, 0x26, 0x27,
  0x25, 0x01, 0xfd, 0xf3, 0x2b, 0xfd, 0xd7, 0x01, 0xae, 0xfe, 0xca, 0x11,
  0x1c, 0x07, 0x07, 0x1c, 0x11, 0x01, 0xcd, 0x01, 0x1c, 0x5f, 0x3d, 0x02,
  0x3b, 0xfe, 0x52, 0x01, 0x36, 0x13, 0x21, 0x08, 0x09, 0x22, 0x11, 0xfe,
  0x20, 0xfe, 0xf7, 0x6e, 0x71, 0x01, 0x15, 0x64, 0xd7, 0x5a, 0x97, 0x09,
  0x0c, 0x02, 0x02, 0x0c, 0x09, 0xe6, 0x02, 0xf0, 0xa3, 0xfe, 0xe1, 0x64,
  0xd7, 0x57, 0x98, 0x09, 0x0d, 0x02, 0x02, 0x0d, 0x09, 0xf0, 0xfd, 0x42,
  0x00, 0x01, 0xfe, 0x11, 0x00, 0xdc, 0x01, 0xf4, 0x01, 0xb8, 0x00, 0x1e,
  0x00, 0x00, 0x27, 0x22, 0x2e, 0x03, 0x23, 0x22, 0x06, 0x15, 0x15, 0x23,
  0x35, 0x34, 0x36, 0x33, 0x32, 0x1e, 0x03, 0x33, 0x32, 0x36, 0x35, 0x35,
  0x21, 0x15, 0x21, 0x06, 0x06, 0x64, 0x29, 0x38, 0x29, 0x24, 0x27, 0x1b,
  0x1f, 0x27, 0x55, 0x55, 0x46, 0x2a, 0x39, 0x29, 0x23, 0x27, 0x1a, 0x20,
  0x26, 0x02, 0x12, 0xfe, 0x2f, 0x13, 0x46, 0xdc, 0x1d, 0x2b, 0x2c, 0x1d,
  0x26, 0x20, 0x3c, 0x3c, 0x41, 0x50, 0x1d, 0x2b, 0x2c, 0x1d, 0x28, 0x1e,
  0x05, 0x50, 0x21, 0x25, 0x00, 0x02, 0xfd, 0xee, 0xff, 0x4c, 0x02, 0x30,
  0x02, 0xe4, 0x00, 0x44, 0x00, 0x52, 0x00, 0x00, 0x27, 0x22, 0x2e, 0x03,
  0x23, 0x22, 0x06, 0x15, 0x15, 0x23, 0x35, 0x34, 0x36, 0x36, 0x33, 0x32,
  0x1e, 0x03, 0x33, 0x32, 0x36, 0x37, 0x35, 0x34, 0x36, 0x33, 0x32, 0x16,
  0x15, 0x11, 0x14, 0x06, 0x23, 0x22, 0x26, 0x35, 0x35, 0x34, 0x36, 0x33,
  0x32, 0x16, 0x17, 0x33, 0x35, 0x34, 0x26, 0x23, 0x22, 0x06, 0x15, 0x11,
  0x14, 0x16, 0x33, 0x33, 0x15, 0x23, 0x22, 0x26, 0x26, 0x35, 0x35, 0x06,
  0x06, 0x05, 0x32, 0x36, 0x35, 0x35, 0x34, 0x26, 0x23, 0x22, 0x06, 0x15,
  0x15, 0x14, 0x16, 0x62, 0x31, 0x45, 0x32, 0x29, 0x2a, 0x1a, 0x1e, 0x28,
  0x55, 0x28, 0x46, 0x2b, 0x2c, 0x3c, 0x2e, 0x2a, 0x33, 0x24, 0x39, 0x4c,
  0x0a, 0x90, 0x7e, 0x72, 0x83, 0x56, 0x4a, 0x49, 0x57, 0x46, 0x40, 0x29,
  0x36, 0x09, 0x02, 0x55, 0x50, 0x5a, 0x64, 0x6b, 0x5d, 0x6e, 0x6e, 0x55,
  0x7e, 0x45, 0x19, 0x49, 0x01, 0xc5, 0x26, 0x2a, 0x2a, 0x26, 0x26, 0x2a,
  0x2a, 0xfa, 0x1a, 0x27, 0x27, 0x1a, 0x25, 0x1c, 0x3c, 0x3c, 0x28, 0x3f,
  0x25, 0x1a, 0x27, 0x27, 0x1a, 0x3e, 0x33, 0x0c, 0x87, 0x9b, 0x83, 0x72,
  0xfe, 0xf1, 0x4e, 0x5b, 0x58, 0x47, 0x74, 0x4a, 0x51, 0x20, 0x1c, 0x46,
  0x55, 0x5a, 0x74, 0x68, 0xfe, 0xac, 0x64, 0x73, 0x4b, 0x47, 0x83, 0x58,
  0xcf, 0x20, 0x23, 0x80, 0x31, 0x2b, 0x75, 0x2c, 0x2f, 0x30, 0x2c, 0x74,
  0x2b, 0x31, 0x00, 0x01, 0xfd, 0xee, 0x00, 0x23, 0x02, 0x0d, 0x02, 0x71,
  0x00, 0x3d, 0x00, 0x00, 0x37, 0x37, 0x2e, 0x03, 0x23, 0x22, 0x0e, 0x03,
  0x23, 0x22, 0x2e, 0x03, 0x23, 0x22, 0x0e, 0x03, 0x23, 0x22, 0x26, 0x35,
  0x35, 0x33, 0x15, 0x14, 0x33, 0x32, 0x3e, 0x03, 0x33, 0x32, 0x1e, 0x03,
  0x33, 0x32, 0x3e, 0x03, 0x33, 0x32, 0x1e, 0x03, 0x33, 0x33, 0x03, 0x33,
  0x13, 0x03, 0xbc, 0xb6, 0x1e, 0x29, 0x20, 0x22, 0x17, 0x15, 0x1f, 0x1d,
  0x24, 0x32, 0x26, 0x25, 0x34, 0x24, 0x1e, 0x1f, 0x15, 0x15, 0x1e, 0x1b,
  0x21, 0x31, 0x26, 0x3a, 0x48, 0x55, 0x2f, 0x14, 0x1e, 0x1b, 0x22, 0x32,
  0x25, 0x25, 0x33, 0x24, 0x1d, 0x1f, 0x15, 0x14, 0x1f, 0x1d, 0x24, 0x34,
  0x25, 0x26, 0x31, 0x22, 0x1c, 0x1e, 0x15, 0x10, 0xee, 0x6a, 0xe7, 0xe8,
  0x23, 0xe5, 0x08, 0x1e, 0x22, 0x17, 0x1a, 0x27, 0x27, 0x1a, 0x1a, 0x27,
  0x27, 0x1a, 0x1a, 0x27, 0x27, 0x1a, 0x48, 0x3a, 0x28, 0x28, 0x37, 0x1a,
  0x27, 0x27, 0x1a, 0x1a, 0x27, 0x27, 0x1a, 0x1a, 0x27, 0x27, 0x1a, 0x15,
  0x1f, 0x1f, 0x15, 0x01, 0x27, 0xfe, 0xd9, 0xfe, 0xd9, 0x00, 0x00, 0x01,
  0xfe, 0x57, 0x00, 0xe6, 0x01, 0xae, 0x01, 0xb3, 0x00, 0x33, 0x00, 0x00,
  0x27, 0x22, 0x2e, 0x03, 0x23, 0x22, 0x15, 0x15, 0x23, 0x35, 0x34, 0x36,
  0x33, 0x32, 0x1e, 0x03, 0x33, 0x32, 0x3e, 0x03, 0x33, 0x32, 0x1e, 0x03,
  0x33, 0x32, 0x35, 0x35, 0x33, 0x15, 0x14, 0x06, 0x23, 0x22, 0x2e, 0x03,
  0x23, 0x22, 0x0e, 0x03, 0x5f, 0x25, 0x32, 0x22, 0x1b, 0x1e, 0x14, 0x2f,
  0x55, 0x48, 0x3a, 0x25, 0x31, 0x22, 0x1b, 0x1e, 0x15, 0x15, 0x1d, 0x1b,
  0x21, 0x32, 0x25, 0x25, 0x32, 0x22, 0x1b, 0x1e, 0x14, 0x2f, 0x55, 0x47,
  0x3b, 0x25, 0x32, 0x21, 0x1b, 0x1e, 0x15, 0x15, 0x1d, 0x1b, 0x21, 0x31,
  0xe6, 0x1a, 0x27, 0x27, 0x1a, 0x37, 0x28, 0x28, 0x3b, 0x47, 0x1a, 0x27,
  0x27, 0x1a, 0x1a, 0x27, 0x27, 0x1a, 0x1a, 0x27, 0x27, 0x1a, 0x37, 0x28,
  0x28, 0x3a, 0x48, 0x1a, 0x27, 0x27, 0x1a, 0x1a, 0x27, 0x27, 0x1a, 0x00,
  0x00, 0x01, 0xfb, 0x96, 0x00, 0x23, 0x02, 0x0d, 0x02, 0x71, 0x00, 0x61,
  0x00, 0x00, 0x37, 0x13, 0x27, 0x0e, 0x04, 0x23, 0x22, 0x2e, 0x03, 0x23,
  0x22, 0x0e, 0x03, 0x23, 0x22, 0x2e, 0x03, 0x23, 0x22, 0x0e, 0x03, 0x23,
  0x22, 0x2e, 0x03, 0x23, 0x22, 0x0e, 0x03, 0x23, 0x22, 0x26, 0x35, 0x35,
  0x33, 0x15, 0x14, 0x33, 0x32, 0x3e, 0x03, 0x33, 0x32, 0x1e, 0x03, 0x33,
  0x32, 0x3e, 0x03, 0x33, 0x32, 0x1e, 0x03, 0x33, 0x32, 0x3e, 0x03, 0x33,
  0x32, 0x1e, 0x03, 0x33, 0x32, 0x3e, 0x02, 0x37, 0x27, 0x33, 0x13, 0x03,
  0xbc, 0xee, 0x12, 0x14, 0x1e, 0x1b, 0x22, 0x32, 0x25, 0x25, 0x32, 0x22,
  0x1c, 0x1e, 0x15, 0x15, 0x1e, 0x1c, 0x22, 0x31, 0x26, 0x25, 0x32, 0x22,
  0x1c, 0x1e, 0x15, 0x15, 0x1f, 0x1d, 0x24, 0x32, 0x26, 0x25, 0x34, 0x24,
  0x1e, 0x1f, 0x15, 0x15, 0x1e, 0x1b, 0x21, 0x31, 0x26, 0x3a, 0x48, 0x55,
  0x2f, 0x14, 0x1e, 0x1b, 0x22, 0x32, 0x25, 0x26, 0x32, 0x24, 0x1d, 0x1f,
  0x15, 0x14, 0x1f, 0x1d, 0x24, 0x34, 0x25, 0x26, 0x31, 0x22, 0x1c, 0x1e,
  0x15, 0x15, 0x1e, 0x1c, 0x22, 0x32, 0x25, 0x26, 0x31, 0x22, 0x1c, 0x1e,
  0x15, 0x16, 0x1e, 0x1d, 0x24, 0x1c, 0xa7, 0x6a, 0xe7, 0xe8, 0x23, 0x01,
  0x26, 0x14, 0x01, 0x18, 0x24, 0x23, 0x18, 0x1a, 0x27, 0x27, 0x1a, 0x1a,
  0x27, 0x27, 0x1a, 0x1a, 0x27, 0x27, 0x1a, 0x1a, 0x27, 0x27, 0x1a, 0x1a,
  0x27, 0x27, 0x1a, 0x1a, 0x27, 0x27, 0x1a, 0x48, 0x3a, 0x28, 0x28, 0x37,
  0x1a, 0x27, 0x27, 0x1a, 0x1a, 0x27, 0x27, 0x1a, 0x1a, 0x27, 0x27, 0x1a,
  0x1a, 0x27, 0x27, 0x1a, 0x1a, 0x27, 0x27, 0x1a, 0x1a, 0x27, 0x27, 0x1a,
  0x1a, 0x25, 0x25, 0x0a, 0xd3, 0xfe, 0xd9, 0xfe, 0xd9, 0x00, 0x00, 0x02,
  0xfe, 0x39, 0x00, 0xaa, 0x01, 0x9f, 0x02, 0xf8, 0x00, 0x0e, 0x00, 0x12,
  0x00, 0x00, 0x01, 0x13, 0x33, 0x13, 0x21, 0x15, 0x21, 0x27, 0x26, 0x26,
  0x27, 0x06, 0x06, 0x07, 0x07, 0x05, 0x35, 0x21, 0x15, 0xfe, 0x39, 0xc8,
  0x54, 0x9b, 0x01, 0xaf, 0xfe, 0x1b, 0x77, 0x0a, 0x0b, 0x02, 0x02, 0x0d,
  0x0b, 0x7c, 0x01, 0x24, 0x01, 0xe5, 0x01, 0x9a, 0x01, 0x5e, 0xfe, 0xf2,
  0x50, 0xe1, 0x14, 0x1e, 0x07, 0x07, 0x1e, 0x14, 0xe1, 0xf0, 0x50, 0x50,
  0x00, 0x02, 0x00, 0x2d, 0xff, 0x4c, 0x02, 0x30, 0x02, 0xe4, 0x00, 0x27,
  0x00, 0x35, 0x00, 0x00, 0x05, 0x22, 0x26, 0x26, 0x35, 0x11, 0x34, 0x36,
  0x33, 0x32, 0x16, 0x15, 0x11, 0x14, 0x06, 0x23, 0x22, 0x26, 0x35, 0x35,
  0x34, 0x36, 0x33, 0x32, 0x16, 0x17, 0x33, 0x35, 0x34, 0x26, 0x23, 0x22,
  0x06, 0x15, 0x11, 0x14, 0x16, 0x33, 0x33, 0x15, 0x03, 0x32, 0x36, 0x35,
  0x35, 0x34, 0x26, 0x23, 0x22, 0x06, 0x15, 0x15, 0x14, 0x16, 0x01, 0x45,
  0x55, 0x7e, 0x45, 0x90, 0x7e, 0x72, 0x83, 0x56, 0x4a, 0x49, 0x57, 0x46,
  0x40, 0x29, 0x36, 0x09, 0x02, 0x55, 0x50, 0x5a, 0x64, 0x6b, 0x5d, 0x6e,
  0x23, 0x26, 0x2a, 0x2a, 0x26, 0x26, 0x2a, 0x2a, 0xb4, 0x47, 0x83, 0x58,
  0x01, 0x54, 0x87, 0x9b, 0x83, 0x72, 0xfe, 0xf1, 0x4e, 0x5b, 0x58, 0x47,
  0x74, 0x4a, 0x51, 0x20, 0x1c, 0x46, 0x55, 0x5a, 0x74, 0x68, 0xfe, 0xac,
  0x64, 0x73, 0x4b, 0x01, 0x2e, 0x31, 0x2b, 0x75, 0x2c, 0x2f, 0x30, 0x2c,
  0x74, 0x2b, 0x31, 0x00, 0x00, 0x02, 0x00, 0x19, 0xff, 0xf7, 0x02, 0x67,
  0x02, 0xe4, 0x00, 0x24, 0x00, 0x30, 0x00, 0x00, 0x17, 0x22, 0x26, 0x35,
  0x35, 0x34, 0x36, 0x37, 0x27, 0x26, 0x35, 0x34, 0x36, 0x33, 0x32, 0x16,
  0x16, 0x15, 0x23, 0x34, 0x26, 0x23, 0x22, 0x06, 0x15, 0x14, 0x17, 0x17,
  0x37, 0x33, 0x07, 0x17, 0x23, 0x27, 0x07, 0x06, 0x06, 0x27, 0x32, 0x37,
  0x37, 0x27, 0x23, 0x22, 0x06, 0x15, 0x15, 0x14, 0x16, 0xd7, 0x58, 0x66,
  0x5a, 0x4c, 0x1c, 0x36, 0x60, 0x4d, 0x37, 0x53, 0x2f, 0x58, 0x35, 0x2c,
  0x25, 0x2f, 0x1d, 0xc3, 0x5b, 0x64, 0x8f, 0x91, 0x63, 0x61, 0x2b, 0x22,
  0x53, 0x26, 0x39, 0x28, 0x34, 0x7d, 0x1e, 0x2f, 0x37, 0x3b, 0x09, 0x67,
  0x58, 0x39, 0x50, 0x60, 0x04, 0x24, 0x47, 0x37, 0x47, 0x58, 0x30, 0x55,
  0x39, 0x32, 0x3f, 0x2e, 0x26, 0x27, 0x25, 0xfc, 0x72, 0xb0, 0xbd, 0x80,
  0x36, 0x2a, 0x29, 0x51, 0x33, 0x42, 0xa0, 0x3b, 0x33, 0x39, 0x33, 0x3b,
  0x00, 0x01, 0x00, 0xff, 0xff, 0x92, 0x01, 0x59, 0x03, 0x3e, 0x00, 0x03,
  0x00, 0x00, 0x17, 0x11, 0x33, 0x11, 0xff, 0x5a, 0x6e, 0x03, 0xac, 0xfc,
  0x54, 0x00, 0x00, 0x03, 0x00, 0x48, 0xff, 0x74, 0x02, 0x10, 0x03, 0x66,
  0x00, 0x23, 0x00, 0x2a, 0x00, 0x32, 0x00, 0x00, 0x05, 0x35, 0x26, 0x26,
  0x27, 0x33, 0x14, 0x16, 0x17, 0x11, 0x27, 0x26, 0x26, 0x35, 0x34, 0x36,
  0x37, 0x35, 0x33, 0x15, 0x16, 0x16, 0x17, 0x23, 0x34, 0x26, 0x27, 0x15,
  0x17, 0x16, 0x16, 0x15, 0x14, 0x06, 0x07, 0x15, 0x03, 0x14, 0x16, 0x17,
  0x35, 0x06, 0x06, 0x13, 0x36, 0x36, 0x35, 0x34, 0x26, 0x27, 0x27, 0x01,
  0x13, 0x5e, 0x6b, 0x02, 0x5a, 0x3b, 0x36, 0x1b, 0x4b, 0x51, 0x63, 0x54,
  0x3c, 0x53, 0x64, 0x01, 0x5a, 0x31, 0x2d, 0x28, 0x49, 0x50, 0x69, 0x58,
  0x99, 0x30, 0x2d, 0x2c, 0x31, 0x99, 0x31, 0x36, 0x2f, 0x2c, 0x0c, 0x8c,
  0x83, 0x08, 0x69, 0x56, 0x31, 0x3e, 0x07, 0x01, 0x06, 0x08, 0x17, 0x6c,
  0x49, 0x50, 0x68, 0x08, 0x84, 0x83, 0x08, 0x68, 0x52, 0x2f, 0x3b, 0x07,
  0xf8, 0x0d, 0x17, 0x6e, 0x4a, 0x52, 0x6c, 0x09, 0x83, 0x02, 0xb6, 0x2d,
  0x42, 0x0e, 0xe5, 0x07, 0x36, 0xfd, 0xf3, 0x08, 0x3c, 0x30, 0x2c, 0x41,
  0x0e, 0x04, 0x00, 0x01, 0x00, 0x41, 0x00, 0x5f, 0x02, 0x17, 0x02, 0x35,
  0x00, 0x0b, 0x00, 0x00, 0x25, 0x35, 0x23, 0x35, 0x33, 0x35, 0x33, 0x15,
  0x33, 0x15, 0x23, 0x15, 0x01, 0x00, 0xbf, 0xbf, 0x58, 0xbf, 0xbf, 0x5f,
  0xc3, 0x50, 0xc3, 0xc3, 0x50, 0xc3, 0x00, 0x02, 0x00, 0x55, 0x00, 0xaa,
  0x02, 0x03, 0x01, 0xea, 0x00, 0x03, 0x00, 0x07, 0x00, 0x00, 0x13, 0x35,
  0x21, 0x15, 0x05, 0x35, 0x21, 0x15, 0x55, 0x01, 0xae, 0xfe, 0x52, 0x01,
  0xae, 0x01, 0x9a, 0x50, 0x50, 0xf0, 0x50, 0x50, 0x00, 0x01, 0x00, 0x55,
  0x00, 0x41, 0x02, 0x03, 0x02, 0x53, 0x00, 0x0c, 0x00, 0x00, 0x37, 0x35,
  0x25, 0x36, 0x36, 0x37, 0x26, 0x26, 0x27, 0x25, 0x35, 0x05, 0x15, 0x55,
  0x01, 0x36, 0x13, 0x21, 0x08, 0x09, 0x22, 0x11, 0xfe, 0xca, 0x01, 0xae,
  0x41, 0x57, 0x98, 0x09, 0x0d, 0x02, 0x02, 0x0e, 0x08, 0x99, 0x5a, 0xd7,
  0x64, 0x00, 0x00, 0x01, 0x00, 0x55, 0x00, 0x41, 0x02, 0x03, 0x02, 0x53,
  0x00, 0x0c, 0x00, 0x00, 0x25, 0x25, 0x35, 0x25, 0x15, 0x05, 0x06, 0x06,
  0x07, 0x16, 0x16, 0x17, 0x05, 0x02, 0x03, 0xfe, 0x52, 0x01, 0xae, 0xfe,
  0xca, 0x13, 0x21, 0x08, 0x09, 0x22, 0x11, 0x01, 0x36, 0x41, 0xd7, 0x64,
  0xd7, 0x57, 0x98, 0x09, 0x0d, 0x02, 0x02, 0x0d, 0x09, 0x99, 0x00, 0x01,
  0x00, 0x46, 0x00, 0xfa, 0x02, 0x12, 0x01, 0xc7, 0x00, 0x1b, 0x00, 0x00,
  0x37, 0x35, 0x34, 0x36, 0x33, 0x32, 0x1e, 0x03, 0x33, 0x32, 0x35, 0x35,
  0x33, 0x15, 0x14, 0x06, 0x23, 0x22, 0x2e, 0x03, 0x23, 0x22, 0x15, 0x15,
  0x46, 0x48, 0x3a, 0x25, 0x32, 0x22, 0x1b, 0x1e, 0x14, 0x2f, 0x55, 0x47,
  0x3b, 0x25, 0x32, 0x22, 0x1b, 0x1e, 0x14, 0x2f, 0xff, 0x46, 0x3b, 0x47,
  0x1a, 0x27, 0x27, 0x1a, 0x37, 0x46, 0x46, 0x3a, 0x48, 0x1a, 0x27, 0x27,
  0x1a, 0x37, 0x46, 0x00, 0x00, 0x01, 0x00, 0x50, 0x01, 0x54, 0x02, 0x08,
  0x02, 0xda, 0x00, 0x0c, 0x00, 0x00, 0x13, 0x13, 0x33, 0x13, 0x23, 0x03,
  0x26, 0x26, 0x27, 0x06, 0x06, 0x07, 0x03, 0x50, 0xb3, 0x54, 0xb1, 0x51,
  0x70, 0x08, 0x0d, 0x03, 0x04, 0x0e, 0x09, 0x73, 0x01, 0x54, 0x01, 0x86,
  0xfe, 0x7a, 0x01, 0x02, 0x14, 0x25, 0x0a, 0x0a, 0x25, 0x14, 0xfe, 0xfe,
  0x00, 0x05, 0x00, 0x0e, 0xff, 0xfb, 0x02, 0x4a, 0x02, 0xdf, 0x00, 0x0d,
  0x00, 0x11, 0x00, 0x1f, 0x00, 0x2d, 0x00, 0x3b, 0x00, 0x00, 0x13, 0x22,
  0x26, 0x37, 0x35, 0x26, 0x36, 0x33, 0x32, 0x16, 0x17, 0x15, 0x14, 0x06,
  0x03, 0x01, 0x33, 0x01, 0x13, 0x32, 0x36, 0x35, 0x35, 0x34, 0x26, 0x23,
  0x22, 0x06, 0x15, 0x15, 0x14, 0x16, 0x01, 0x22, 0x26, 0x35, 0x35, 0x26,
  0x36, 0x33, 0x32, 0x16, 0x15, 0x15, 0x14, 0x06, 0x27, 0x32, 0x36, 0x35,
  0x35, 0x34, 0x26, 0x23, 0x22, 0x06, 0x15, 0x15, 0x06, 0x16, 0x99, 0x40,
  0x4b, 0x01, 0x01, 0x4b, 0x40, 0x40, 0x4b, 0x01, 0x4b, 0xcc, 0x01, 0xf2,
  0x4a, 0xfe, 0x0e, 0x42, 0x1e, 0x23, 0x23, 0x1e, 0x1e, 0x23, 0x23, 0x01,
  0x42, 0x40, 0x4b, 0x01, 0x4c, 0x40, 0x40, 0x4b, 0x4b, 0x40, 0x1e, 0x23,
  0x23, 0x1f, 0x1d, 0x23, 0x01, 0x23, 0x01, 0x90, 0x49, 0x3e, 0x41, 0x3e,
  0x49, 0x49, 0x3e, 0x41, 0x3e, 0x49, 0xfe, 0x70, 0x02, 0xda, 0xfd, 0x26,
  0x01, 0xd4, 0x24, 0x1f, 0x41, 0x1f, 0x24, 0x24, 0x1f, 0x41, 0x1f, 0x24,
  0xfe, 0x27, 0x49, 0x3e, 0x41, 0x3e, 0x49, 0x49, 0x3e, 0x41, 0x3e, 0x49,
  0x45, 0x23, 0x1f, 0x41, 0x1f, 0x24, 0x24, 0x1f, 0x41, 0x1f, 0x23, 0x00,
  0x00, 0x01, 0xfe, 0x8d, 0x02, 0x89, 0xff, 0x1b, 0x03, 0x09, 0x00, 0x0b,
  0x00, 0x00, 0x01, 0x22, 0x26, 0x35, 0x34, 0x36, 0x33, 0x32, 0x16, 0x15,
  0x14, 0x06, 0xfe, 0xd4, 0x21, 0x26, 0x26, 0x21, 0x21, 0x26, 0x26, 0x02,
  0x89, 0x22, 0x1d, 0x1e, 0x23, 0x23, 0x1e, 0x1d, 0x22, 0x00, 0x00, 0x01,
  0xfe, 0x4a, 0x02, 0x85, 0xff, 0x1c, 0x03, 0x11, 0x00, 0x03, 0x00, 0x00,
  0x01, 0x27, 0x33, 0x17, 0xfe, 0xbd, 0x73, 0x64, 0x6e, 0x02, 0x85, 0x8c,
  0x8c, 0x00, 0x00, 0x01, 0xfe, 0x4a, 0x03, 0x2a, 0xff, 0x1c, 0x03, 0xb6,
  0x00, 0x03, 0x00, 0x00, 0x01, 0x27, 0x33, 0x17, 0xfe, 0xbd, 0x73, 0x64,
  0x6e, 0x03, 0x2a, 0x8c, 0x8c, 0x00, 0xff, 0xff, 0x00, 0xa2, 0x02, 0x85,
  0x01, 0x74, 0x03, 0x11, 0x00, 0x07, 0x01, 0x1c, 0x02, 0x58, 0x00, 0x00,
  0xff, 0xff, 0x00, 0xa2, 0x03, 0x2a, 0x01, 0x74, 0x03, 0xb6, 0x00, 0x07,
  0x01, 0x1d, 0x02, 0x58, 0x00, 0x00, 0x00, 0x00, 0x00, 0x01, 0x00, 0x00,
  0x01, 0x21, 0x01, 0xb8, 0x00, 0x6e, 0x00, 0x87, 0x00, 0x06, 0x00, 0x01,
  0x00, 0x00, 0x00, 0x00, 0x00, 0x00, 0x00, 0x00, 0x00, 0x00, 0x00, 0x00,
  0x00, 0x03, 0x00, 0x01, 0x00, 0x00, 0x00, 0x00, 0x00, 0x21, 0x00, 0x54,
  0x00, 0x7d, 0x00, 0xa0, 0x00, 0xb7, 0x00, 0xcb, 0x00, 0xf8, 0x01, 0x0e,
  0x01, 0x23, 0x01, 0x3e, 0x01, 0x58, 0x01, 0x67, 0x01, 0x8b, 0x01, 0xaa,
  0x01, 0xd6, 0x01, 0xf6, 0x02, 0x2a, 0x02, 0x51, 0x02, 0x8d, 0x02, 0x9e,
  0x02, 0xbc, 0x02, 0xd7, 0x03, 0x0e, 0x03, 0x39, 0x03, 0x57, 0x03, 0x6d,
  0x03, 0xa4, 0x03, 0xd7, 0x04, 0x01, 0x04, 0x34, 0x04, 0x66, 0x04, 0x82,
  0x04, 0xbe, 0x04, 0xdf, 0x04, 0xeb, 0x04, 0xfe, 0x05, 0x0a, 0x05, 0x16,
  0x05, 0x2f, 0x05, 0x47, 0x05, 0x5f, 0x05, 0x94, 0x05, 0xb5, 0x05, 0xdf,
  0x06, 0x11, 0x06, 0x44, 0x06, 0x62, 0x06, 0x9c, 0x06, 0xba, 0x06, 0xd8,
  0x06, 0xf3, 0x07, 0x2a, 0x07, 0x55, 0x07, 0x73, 0x07, 0x89, 0x07, 0xc6,
  0x07, 0xda, 0x08, 0x01, 0x08, 0x2c, 0x08, 0x44, 0x08, 0x6d, 0x08, 0xa2,
  0x08, 0xb6, 0x09, 0x04, 0x09, 0x38, 0x09, 0x41, 0x09, 0x4a, 0x09, 0x53,
  0x09, 0x5c, 0x09, 0x65, 0x09, 0x6e, 0x09, 0x77, 0x09, 0x80, 0x09, 0x89,
  0x09, 0x92, 0x09, 0x9a, 0x09, 0xa2, 0x09, 0xaa, 0x09, 0xb2, 0x09, 0xba,
  0x09, 0xc2, 0x09, 0xca, 0x09, 0xd2, 0x09, 0xda, 0x09, 0xe2, 0x09, 0xf0,
  0x0a, 0x1a, 0x0a, 0x2f, 0x0a, 0x58, 0x0a, 0x81, 0x0a, 0x98, 0x0a, 0xbe,
  0x0a, 0xeb, 0x0a, 0xff, 0x0b, 0x47, 0x0b, 0x76, 0x0b, 0x76, 0x0b, 0x89,
  0x0b, 0xa1, 0x0c, 0x15, 0x0c, 0x30, 0x0c, 0x42, 0x0c, 0x60, 0x0c, 0x91,
  0x0c, 0xa8, 0x0c, 0xcc, 0x0c, 0xf7, 0x0d, 0x03, 0x0d, 0x77, 0x0d, 0xda,
  0x0d, 0xea, 0x0e, 0x28, 0x0e, 0x34, 0x0e, 0x4d, 0x0e, 0x59, 0x0e, 0x94,
  0x0e, 0xa0, 0x0e, 0xb0, 0x0e, 0xc1, 0x0e, 0xcd, 0x0e, 0xd9, 0x0e, 0xe5,
  0x0e, 0xf6, 0x0f, 0x07, 0x0f, 0x13, 0x0f, 0x7f, 0x0f, 0xb2, 0x0f, 0xbe,
  0x0f, 0xcb, 0x0f, 0xd7, 0x0f, 0xe8, 0x0f, 0xf4, 0x10, 0x04, 0x10, 0x26,
  0x10, 0x54, 0x10, 0x60, 0x10, 0x6c, 0x10, 0x78, 0x10, 0x88, 0x10, 0xcb,
  0x10, 0xdb, 0x10, 0xe7, 0x10, 0xf3, 0x11, 0x3e, 0x11, 0xa1, 0x11, 0xde,
  0x12, 0x2e, 0x12, 0x7a, 0x12, 0xda, 0x13, 0x2a, 0x13, 0x9e, 0x14, 0x35,
  0x14, 0x72, 0x14, 0xa5, 0x14, 0xef, 0x14, 0xfc, 0x15, 0x0d, 0x15, 0x27,
  0x15, 0x41, 0x15, 0x65, 0x15, 0x71, 0x15, 0x94, 0x15, 0xa4, 0x15, 0xbc,
  0x15, 0xd4, 0x15, 0xe6, 0x15, 0xf3, 0x16, 0x09, 0x16, 0x17, 0x16, 0x3e,
  0x16, 0x5f, 0x16, 0x7f, 0x16, 0xb1, 0x16, 0xc7, 0x17, 0x0f, 0x17, 0x3e,
  0x17, 0x4d, 0x17, 0x5c, 0x17, 0x83, 0x17, 0x90, 0x17, 0x9c, 0x17, 0xbb,
  0x17, 0xd9, 0x18, 0x11, 0x18, 0x4c, 0x18, 0x5d, 0x18, 0x6e, 0x18, 0x79,
  0x18, 0x88, 0x18, 0xcc, 0x19, 0x4e, 0x1a, 0x0c, 0x1a, 0x5c, 0x1a, 0x6f,
  0x1a, 0x92, 0x1a, 0xd0, 0x1a, 0xe9, 0x1a, 0xf5, 0x1b, 0x0e, 0x1b, 0x3d,
  0x1b, 0x5b, 0x1b, 0x83, 0x1b, 0x9a, 0x1b, 0xc5, 0x1b, 0xe7, 0x1c, 0x47,
  0x1c, 0x64, 0x1c, 0x8a, 0x1c, 0xb3, 0x1c, 0xe8, 0x1d, 0x28, 0x1d, 0x61,
  0x1d, 0x75, 0x1d, 0x8f, 0x1d, 0xb4, 0x1d, 0xd9, 0x1e, 0x11, 0x1e, 0x3c,
  0x1e, 0x5f, 0x1e, 0x7c, 0x1e, 0xaa, 0x1e, 0xb6, 0x1e, 0xc2, 0x1e, 0xe6,
  0x1f, 0x16, 0x1f, 0x22, 0x1f, 0x43, 0x1f, 0x6b, 0x1f, 0x7b, 0x1f, 0x99,
  0x1f, 0xb7, 0x1f, 0xd1, 0x1f, 0xee, 0x20, 0x0b, 0x20, 0x17, 0x20, 0x27,
  0x20, 0x63, 0x20, 0x6f, 0x20, 0x7f, 0x20, 0xa0, 0x20, 0xc7, 0x20, 0xf5,
  0x21, 0x31, 0x21, 0x90, 0x22, 0x01, 0x22, 0x46, 0x22, 0x70, 0x22, 0xaf,
  0x22, 0xd3, 0x22, 0xf5, 0x23, 0x11, 0x23, 0x38, 0x23, 0x5f, 0x23, 0x86,
  0x23, 0xae, 0x23, 0xba, 0x23, 0xdb, 0x24, 0x03, 0x24, 0x13, 0x24, 0x82,
  0x24, 0xd5, 0x25, 0x43, 0x25, 0xc7, 0x25, 0xeb, 0x26, 0x24, 0x26, 0x50,
  0x26, 0xbb, 0x27, 0x0d, 0x27, 0x50, 0x27, 0xcd, 0x27, 0xf2, 0x28, 0x3c,
  0x28, 0x82, 0x28, 0x8f, 0x28, 0xdd, 0x28, 0xf1, 0x29, 0x04, 0x29, 0x1f,
  0x29, 0x3b, 0x29, 0x62, 0x29, 0x7e, 0x29, 0xd8, 0x29, 0xef, 0x29, 0xfd,
  0x2a, 0x0b, 0x2a, 0x14, 0x2a, 0x1d, 0x2a, 0x1d, 0x00, 0x01, 0x00, 0x00,
  0x00, 0x02, 0x4e, 0x14, 0x1e, 0x46, 0xfe, 0x78, 0x5f, 0x0f, 0x3c, 0xf5,
  0x00, 0x0f, 0x03, 0xe8, 0x00, 0x00, 0x00, 0x00, 0xe0, 0x0a, 0xb7, 0xea,
  0x00, 0x00, 0x00, 0x00, 0xe2, 0xda, 0x63, 0xa1, 0xf9, 0x39, 0xfe, 0x70,
  0x02, 0xfd, 0x04, 0x8d, 0x00, 0x00, 0x00, 0x06, 0x00, 0x02, 0x00, 0x00,
  0x00, 0x00, 0x00, 0x00, 0x02, 0x58, 0x00, 0x5a, 0x02, 0x58, 0x00, 0x32,
  0x02, 0x58, 0x00, 0x5d, 0x02, 0x58, 0x00, 0x5c, 0x02, 0x58, 0x00, 0x5c,
  0x02, 0x58, 0x00, 0x64, 0x02, 0x58, 0x00, 0x5f, 0x02, 0x58, 0x00, 0x58,
  0x02, 0x58, 0x00, 0x5d, 0x02, 0x58, 0x00, 0x69, 0x02, 0x58, 0x00, 0x2d,
  0x02, 0x58, 0x00, 0x5c, 0x02, 0x58, 0x00, 0x82, 0x02, 0x58, 0x00, 0x48,
  0x02, 0x58, 0x00, 0x5a, 0x02, 0x58, 0x00, 0x58, 0x02, 0x58, 0x00, 0x5c,
  0x02, 0x58, 0x00, 0x50, 0x02, 0x58, 0x00, 0x5d, 0x02, 0x58, 0x00, 0x48,
  0x02, 0x58, 0x00, 0x37, 0x02, 0x58, 0x00, 0x5a, 0x02, 0x58, 0x00, 0x32,
  0x02, 0x58, 0x00, 0x14, 0x02, 0x58, 0x00, 0x28, 0x02, 0x58, 0x00, 0x23,
  0x02, 0x58, 0x00, 0x55, 0x02, 0x58, 0x00, 0x43, 0x02, 0x58, 0x00, 0x5c,
  0x02, 0x58, 0x00, 0x58, 0x02, 0x58, 0x00, 0x57, 0x02, 0x58, 0x00, 0x54,
  0x02, 0x58, 0x00, 0x37, 0x02, 0x58, 0x00, 0x58, 0x02, 0x58, 0x00, 0x5c,
  0x02, 0x58, 0x00, 0x55, 0x02, 0x58, 0x00, 0x55, 0x02, 0x58, 0x00, 0x55,
  0x02, 0x58, 0x00, 0x55, 0x02, 0x58, 0x00, 0x55, 0x02, 0x58, 0x00, 0x61,
  0x02, 0x58, 0x00, 0x1e, 0x02, 0x58, 0x00, 0x3c, 0x02, 0x58, 0x00, 0x5c,
  0x02, 0x58, 0x00, 0x54, 0x02, 0x58, 0x00, 0x5c, 0x02, 0x58, 0x00, 0x57,
  0x02, 0x58, 0x00, 0x70, 0x02, 0x58, 0x00, 0x55, 0x02, 0x58, 0x00, 0x2f,
  0x02, 0x58, 0x00, 0x5a, 0x02, 0x58, 0x00, 0x36, 0x02, 0x58, 0x00, 0x1f,
  0x02, 0x58, 0x00, 0x32, 0x02, 0x58, 0x00, 0x36, 0x02, 0x58, 0x00, 0x5a,
  0x02, 0x58, 0x00, 0x50, 0x02, 0x58, 0x00, 0x5a, 0x02, 0x58, 0x00, 0x4c,
  0x02, 0x58, 0x00, 0x46, 0x02, 0x58, 0x00, 0x46, 0x02, 0x58, 0x00, 0x4b,
  0x02, 0x58, 0x00, 0x40, 0x02, 0x58, 0x00, 0x52, 0x02, 0x58, 0x00, 0x42,
  0x02, 0x58, 0x00, 0x40, 0x02, 0x58, 0x00, 0x89, 0x02, 0x58, 0x00, 0x96,
  0x02, 0x58, 0x00, 0x93, 0x02, 0x58, 0x00, 0x8b, 0x02, 0x58, 0x00, 0x8f,
  0x02, 0x58, 0x00, 0x8d, 0x02, 0x58, 0x00, 0x86, 0x02, 0x58, 0x00, 0x94,
  0x02, 0x58, 0x00, 0x87, 0x02, 0x58, 0x00, 0x8b, 0x02, 0x58, 0x00, 0x89,
  0x02, 0x58, 0x00, 0x96, 0x02, 0x58, 0x00, 0x93, 0x02, 0x58, 0x00, 0x8b,
  0x02, 0x58, 0x00, 0x8f, 0x02, 0x58, 0x00, 0x8d, 0x02, 0x58, 0x00, 0x86,
  0x02, 0x58, 0x00, 0x94, 0x02, 0x58, 0x00, 0x87, 0x02, 0x58, 0x00, 0x8b,
  0x02, 0x58, 0x00, 0x05, 0x02, 0x58, 0x00, 0x89, 0x02, 0x58, 0x00, 0x96,
  0x02, 0x58, 0x00, 0x93, 0x02, 0x58, 0x00, 0x8b, 0x02, 0x58, 0x00, 0x8f,
  0x02, 0x58, 0x00, 0x8d, 0x02, 0x58, 0x00, 0x86, 0x02, 0x58, 0x00, 0x94,
  0x02, 0x58, 0x00, 0x87, 0x02, 0x58, 0x00, 0x8b, 0x02, 0x58, 0x00, 0x00,
  0x02, 0x58, 0xfe, 0x34, 0x02, 0x58, 0xfb, 0xdc, 0x02, 0x58, 0xf9, 0x4d,
  0x02, 0x58, 0xfb, 0xa6, 0x02, 0x58, 0xfe, 0x5c, 0x02, 0x58, 0xfd, 0xfd,
  0x02, 0x58, 0xfb, 0xa5, 0x02, 0x58, 0xfd, 0xfd, 0x02, 0x58, 0xfb, 0xa5,
  0x02, 0x58, 0xfe, 0x11, 0x02, 0x58, 0xfe, 0x0c, 0x02, 0x58, 0xf9, 0x7f,
  0x02, 0x58, 0xf9, 0x7f, 0x02, 0x58, 0xfc, 0x09, 0x02, 0x58, 0xfe, 0x43,
  0x02, 0x58, 0xfe, 0x34, 0x02, 0x58, 0xfe, 0xbb, 0x02, 0x58, 0xfe, 0x8e,
  0x02, 0x58, 0xfe, 0x3e, 0x02, 0x58, 0xfe, 0xd4, 0x02, 0x58, 0xfc, 0x90,
  0x02, 0x58, 0xfc, 0x71, 0x02, 0x58, 0xfe, 0x82, 0x02, 0x58, 0xfe, 0x5c,
  0x02, 0x58, 0xfe, 0xd1, 0x02, 0x58, 0xfc, 0xc9, 0x02, 0x58, 0xfc, 0x44,
  0x02, 0x58, 0xfe, 0xb3, 0x02, 0x58, 0xfc, 0x2c, 0x02, 0x58, 0xfe, 0x52,
  0x02, 0x58, 0xfe, 0x81, 0x02, 0x58, 0xfe, 0x81, 0x02, 0x58, 0xfe, 0xc5,
  0x02, 0x58, 0xfc, 0xbd, 0x02, 0x58, 0xfe, 0xc5, 0x02, 0x58, 0xfc, 0x68,
  0x02, 0x58, 0xfd, 0xf8, 0x02, 0x58, 0xfb, 0xa5, 0x02, 0x58, 0xfe, 0x90,
  0x02, 0x58, 0xfe, 0x90, 0x02, 0x58, 0xfe, 0x5c, 0x02, 0x58, 0xfb, 0xfa,
  0x02, 0x58, 0xfe, 0x52, 0x02, 0x58, 0xfb, 0x9c, 0x02, 0x58, 0xfd, 0xe5,
  0x02, 0x58, 0xfd, 0xcc, 0x02, 0x58, 0xfd, 0xcb, 0x02, 0x58, 0xfd, 0xcb,
  0x02, 0x58, 0xfd, 0xcb, 0x02, 0x58, 0xfd, 0xcb, 0x02, 0x58, 0xfd, 0xcb,
  0x02, 0x58, 0xfd, 0xcb, 0x02, 0x58, 0xfd, 0xe9, 0x02, 0x58, 0xfb, 0x91,
  0x02, 0x58, 0xf9, 0x39, 0x02, 0x58, 0xfd, 0xcb, 0x02, 0x58, 0xfd, 0xcb,
  0x02, 0x58, 0xfb, 0x73, 0x02, 0x58, 0xfd, 0xf3, 0x02, 0x58, 0xfb, 0x9b,
  0x02, 0x58, 0xfe, 0x11, 0x02, 0x58, 0xfb, 0xa0, 0x02, 0x58, 0xfe, 0x16,
  0x02, 0x58, 0xfe, 0x3e, 0x02, 0x58, 0xfb, 0xfa, 0x02, 0x58, 0xfc, 0x13,
  0x02, 0x58, 0xfe, 0x66, 0x02, 0x58, 0xfe, 0x66, 0x02, 0x58, 0xfc, 0x22,
  0x02, 0x58, 0xfd, 0xe4, 0x02, 0x58, 0x00, 0xda, 0x02, 0x58, 0x00, 0xd2,
  0x02, 0x58, 0x00, 0xd9, 0x02, 0x58, 0x00, 0xcd, 0x02, 0x58, 0x00, 0xe1,
  0x02, 0x58, 0x00, 0x82, 0x02, 0x58, 0x00, 0xb4, 0x02, 0x58, 0x00, 0x24,
  0x02, 0x58, 0x00, 0x23, 0x02, 0x58, 0x00, 0x4b, 0x02, 0x58, 0x00, 0x4b,
  0x02, 0x58, 0x00, 0xd9, 0x02, 0x58, 0x00, 0x8c, 0x02, 0x58, 0x00, 0x3c,
  0x02, 0x58, 0x00, 0xb9, 0x02, 0x58, 0x00, 0x73, 0x02, 0x58, 0x00, 0x4b,
  0x02, 0x58, 0x00, 0x5f, 0x02, 0x58, 0x00, 0xcd, 0x02, 0x58, 0x00, 0x96,
  0x02, 0x58, 0x00, 0x8f, 0x02, 0x58, 0x00, 0xf9, 0x02, 0x58, 0xfd, 0xd5,
  0x02, 0x58, 0xfd, 0xc6, 0x02, 0x58, 0xfb, 0x73, 0x02, 0x58, 0xfd, 0xd5,
  0x02, 0x58, 0xfe, 0xa7, 0x02, 0x58, 0xfb, 0xd2, 0x02, 0x58, 0xfe, 0xbb,
  0x02, 0x58, 0xfe, 0xbb, 0x02, 0x58, 0xfe, 0xe3, 0x02, 0x58, 0xfc, 0xa4,
  0x02, 0x58, 0xfa, 0xc9, 0x02, 0x58, 0xfc, 0xa4, 0x02, 0x58, 0xfc, 0xd6,
  0x02, 0x58, 0xfe, 0xa7, 0x02, 0x58, 0xfb, 0xd2, 0x02, 0x58, 0xfe, 0xbb,
  0x02, 0x58, 0xfe, 0x13, 0x02, 0x58, 0xfe, 0x20, 0x02, 0x58, 0xfb, 0xff,
  0x02, 0x58, 0xfd, 0xda, 0x02, 0x58, 0xfe, 0x2a, 0x02, 0x58, 0xfb, 0xa0,
  0x02, 0x58, 0xfb, 0xa0, 0x02, 0x58, 0xfd, 0xf8, 0x02, 0x58, 0xfb, 0xa5,
  0x02, 0x58, 0xfb, 0xa5, 0x02, 0x58, 0xfd, 0xfd, 0x02, 0x58, 0xfb, 0xa5,
  0x02, 0x58, 0xfb, 0xa5, 0x02, 0x58, 0xfb, 0xa1, 0x02, 0x58, 0xfe, 0x0c,
  0x02, 0x58, 0xfb, 0xb3, 0x02, 0x58, 0xfe, 0x61, 0x02, 0x58, 0xfe, 0x89,
  0x02, 0x58, 0xfe, 0xcf, 0x02, 0x58, 0xfb, 0xb3, 0x02, 0x58, 0xfe, 0x2a,
  0x02, 0x58, 0xfb, 0xb3, 0x02, 0x58, 0xfb, 0xb3, 0x02, 0x58, 0xfc, 0x6d,
  0x02, 0x58, 0xfd, 0xf3, 0x02, 0x58, 0xfb, 0x9b, 0x02, 0x58, 0xfb, 0x9b,
  0x02, 0x58, 0xfb, 0x9b, 0x02, 0x58, 0xfb, 0x9b, 0x02, 0x58, 0xfe, 0x89,
  0x02, 0x58, 0xfb, 0xcd, 0x02, 0x58, 0xf9, 0x43, 0x02, 0x58, 0xfd, 0xee,
  0x02, 0x58, 0xfb, 0xb4, 0x02, 0x58, 0xfe, 0x98, 0x02, 0x58, 0xfc, 0x77,
  0x02, 0x58, 0xfa, 0x7e, 0x02, 0x58, 0xfb, 0xe6, 0x02, 0x58, 0xfe, 0x07,
  0x02, 0x58, 0xfb, 0xbe, 0x02, 0x58, 0xf9, 0x43, 0x02, 0x58, 0xfd, 0xee,
  0x02, 0x58, 0xfb, 0xb4, 0x02, 0x58, 0xfe, 0xcf, 0x02, 0x58, 0xfb, 0x9b,
  0x02, 0x58, 0xfb, 0x9b, 0x02, 0x58, 0xf9, 0x43, 0x02, 0x58, 0xfb, 0x9b,
  0x02, 0x58, 0xfb, 0x9b, 0x02, 0x58, 0xfe, 0x34, 0x02, 0x58, 0xfe, 0x47,
  0x02, 0x58, 0xfb, 0x9b, 0x02, 0x58, 0xfb, 0x9b, 0x02, 0x58, 0xfb, 0xf5,
  0x02, 0x58, 0xfb, 0x9b, 0x02, 0x58, 0xfd, 0xf3, 0x02, 0x58, 0xfb, 0xb4,
  0x02, 0x58, 0xfb, 0x9b, 0x02, 0x58, 0xfe, 0x2a, 0x02, 0x58, 0xfb, 0xf5,
  0x02, 0x58, 0xfe, 0x11, 0x02, 0x58, 0xfd, 0xee, 0x02, 0x58, 0xfd, 0xee,
  0x02, 0x58, 0xfe, 0x57, 0x02, 0x58, 0xfb, 0x96, 0x02, 0x58, 0xfe, 0x39,
  0x02, 0x58, 0x00, 0x2d, 0x02, 0x58, 0x00, 0x19, 0x02, 0x58, 0x00, 0xff,
  0x02, 0x58, 0x00, 0x48, 0x02, 0x58, 0x00, 0x41, 0x02, 0x58, 0x00, 0x55,
  0x02, 0x58, 0x00, 0x55, 0x02, 0x58, 0x00, 0x55, 0x02, 0x58, 0x00, 0x46,
  0x02, 0x58, 0x00, 0x50, 0x02, 0x58, 0x00, 0x0e, 0x00, 0x00, 0xfe, 0x8d,
  0x00, 0x00, 0xfe, 0x4a, 0x00, 0x00, 0xfe, 0x4a, 0x02, 0x58, 0x00, 0xa2,
  0x00, 0xa2, 0x00, 0x00, 0x00, 0x01, 0x00, 0x00, 0x03, 0xfc, 0xfe, 0xd4,
  0x00, 0x00, 0x02, 0x58, 0xf9, 0x39, 0xff, 0x5b, 0x02, 0xfd, 0x03, 0xe8,
  0x00, 0x00, 0x00, 0x00, 0x00, 0x00, 0x00, 0x00, 0x00, 0x00, 0x00, 0x00,
  0x00, 0x00, 0x01, 0x1f, 0x00, 0x04, 0x02, 0x58, 0x01, 0x90, 0x00, 0x05,
  0x00, 0x00, 0x02, 0x8a, 0x02, 0x58, 0x00, 0x00, 0x00, 0x4b, 0x02, 0x8a,
  0x02, 0x58, 0x00, 0x00, 0x01, 0x5e, 0x00, 0x32, 0x01, 0x40, 0x00, 0x00,
  0x02, 0x00, 0x00, 0x09, 0x00, 0x00, 0x00, 0x00, 0x00, 0x00, 0x00, 0x00,
  0x00, 0x01, 0x00, 0x00, 0x00, 0x00, 0x00, 0x00, 0x00, 0x00, 0x00, 0x00,
  0x00, 0x00, 0x4a, 0x42, 0x20, 0x20, 0x00, 0xc0, 0x00, 0x20, 0x00, 0x7e,
  0x03, 0xfc, 0xfe, 0xd4, 0x00, 0x00, 0x04, 0x8d, 0x01, 0x90, 0x00, 0x00,
  0x00, 0x01, 0x00, 0x00, 0x00, 0x00, 0x02, 0x26, 0x02, 0xda, 0x00, 0x00,
  0x00, 0x20, 0x00, 0x06, 0x00, 0x00, 0x00, 0x02, 0x00, 0x00, 0x00, 0x03,
  0x00, 0x00, 0x00, 0x14, 0x00, 0x03, 0x00, 0x01, 0x00, 0x00, 0x00, 0x14,
  0x00, 0x04, 0x00, 0xa2, 0x00, 0x00, 0x00, 0x14, 0x00, 0x10, 0x00, 0x03,
  0x00, 0x04, 0x00, 0x2f, 0x00, 0x39, 0x00, 0x40, 0x00, 0x5a, 0x00, 0x60,
  0x00, 0x69, 0x00, 0x6a, 0x00, 0x7a, 0x00, 0x7e, 0xff, 0xff, 0x00, 0x00,
  0x00, 0x20, 0x00, 0x30, 0x00, 0x3a, 0x00, 0x41, 0x00, 0x5b, 0x00, 0x61,
  0x00, 0x6a, 0x00, 0x6b, 0x00, 0x7b, 0xff, 0xff, 0x00, 0x00, 0x00, 0x08,
  0x00, 0x00, 0xff, 0xc0, 0x00, 0x00, 0xff, 0xba, 0xff, 0xbc, 0xff, 0xbd,
  0x00, 0x00, 0x00, 0x01, 0x00, 0x14, 0x00, 0x00, 0x00, 0x30, 0x00, 0x00,
  0x00, 0x3a, 0x00, 0x00, 0x00, 0x00, 0x00, 0x00, 0x00, 0x3e, 0x00, 0x00,
  0x00, 0x61, 0x00, 0xac, 0x00, 0xbc, 0x00, 0xb0, 0x01, 0x13, 0x01, 0x1a,
  0x01, 0x11, 0x00, 0xbd, 0x00, 0xb6, 0x00, 0xb7, 0x00, 0xaf, 0x01, 0x14,
  0x00, 0xa9, 0x00, 0xb4, 0x00, 0xa8, 0x00, 0xb1, 0x00, 0xaa, 0x00, 0xab,
  0x01, 0x17, 0x01, 0x15, 0x01, 0x16, 0x00, 0xad, 0x01, 0x10, 0x00, 0xba,
  0x00, 0xb2, 0x00, 0xbb, 0x01, 0x19, 0x00, 0xb5, 0x01, 0x1e, 0x00, 0xb8,
  0x01, 0x12, 0x00, 0xb9, 0x01, 0x18, 0x00, 0x00, 0x00, 0x00, 0x00, 0x07,
  0x00, 0x5a, 0x00, 0x03, 0x00, 0x01, 0x04, 0x09, 0x00, 0x00, 0x00, 0xbc,
  0x00, 0x00, 0x00, 0x03, 0x00, 0x01, 0x04, 0x09, 0x00, 0x01, 0x00, 0x1c,
  0x00, 0xbc, 0x00, 0x03, 0x00, 0x01, 0x04, 0x09, 0x00, 0x02, 0x00, 0x0e,
  0x00, 0xd8, 0x00, 0x03, 0x00, 0x01, 0x04, 0x09, 0x00, 0x03, 0x00, 0x3c,
  0x00, 0xe6, 0x00, 0x03, 0x00, 0x01, 0x04, 0x09, 0x00, 0x04, 0x00, 0x2c,
  0x01, 0x22, 0x00, 0x03, 0x00, 0x01, 0x04, 0x09, 0x00, 0x05, 0x00, 0x54,
  0x01, 0x4e, 0x00, 0x03, 0x00, 0x01, 0x04, 0x09, 0x00, 0x06, 0x00, 0x2a,
  0x01, 0xa2, 0x00, 0x43, 0x00, 0x6f, 0x00, 0x70, 0x00, 0x79, 0x00, 0x72,
  0x00, 0x69, 0x00, 0x67, 0x00, 0x68, 0x00, 0x74, 0x00, 0x20, 0x00, 0x32,
  0x00, 0x30, 0x00, 0x32, 0x00, 0x30, 0x00, 0x20, 0x00, 0x54, 0x00, 0x68,
  0x00, 0x65, 0x00, 0x20, 0x00, 0x4a, 0x00, 0x65, 0x00, 0x74, 0x00, 0x42,
  0x00, 0x72, 0x00, 0x61, 0x00, 0x69, 0x00, 0x6e, 0x00, 0x73, 0x00, 0x20,
  0x00, 0x4d, 0x00, 0x6f, 0x00, 0x6e, 0x00, 0x6f, 0x00, 0x20, 0x00, 0x50,
  0x00, 0x72, 0x00, 0x6f, 0x00, 0x6a, 0x00, 0x65, 0x00, 0x63, 0x00, 0x74,
  0x00, 0x20, 0x00, 0x41, 0x00, 0x75, 0x00, 0x74, 0x00, 0x68, 0x00, 0x6f,
  0x00, 0x72, 0x00, 0x73, 0x00, 0x20, 0x00, 0x28, 0x00, 0x68, 0x00, 0x74,
  0x00, 0x74, 0x00, 0x70, 0x00, 0x73, 0x00, 0x3a, 0x00, 0x2f, 0x00, 0x2f,
  0x00, 0x67, 0x00, 0x69, 0x00, 0x74, 0x00, 0x68, 0x00, 0x75, 0x00, 0x62,
  0x00, 0x2e, 0x00, 0x63, 0x00, 0x6f, 0x00, 0x6d, 0x00, 0x2f, 0x00, 0x4a,
  0x00, 0x65, 0x00, 0x74, 0x00, 0x42, 0x00, 0x72, 0x00, 0x61, 0x00, 0x69,
  0x00, 0x6e, 0x00, 0x73, 0x00, 0x2f, 0x00, 0x4a, 0x00, 0x65, 0x00, 0x74,
  0x00, 0x42, 0x00, 0x72, 0x00, 0x61, 0x00, 0x69, 0x00, 0x6e, 0x00, 0x73,
  0x00, 0x4d, 0x00, 0x6f, 0x00, 0x6e, 0x00, 0x6f, 0x00, 0x29, 0x00, 0x4a,
  0x00, 0x65, 0x00, 0x74, 0x00, 0x42, 0x00, 0x72, 0x00, 0x61, 0x00, 0x69,
  0x00, 0x6e, 0x00, 0x73, 0x00, 0x20, 0x00, 0x4d, 0x00, 0x6f, 0x00, 0x6e,
  0x00, 0x6f, 0x00, 0x52, 0x00, 0x65, 0x00, 0x67, 0x00, 0x75, 0x00, 0x6c,
  0x00, 0x61, 0x00, 0x72, 0x00, 0x32, 0x00, 0x2e, 0x00, 0x33, 0x00, 0x30,
  0x00, 0x35, 0x00, 0x3b, 0x00, 0x4a, 0x00, 0x42, 0x00, 0x3b, 0x00, 0x4a,
  0x00, 0x65, 0x00, 0x74, 0x00, 0x42, 0x00, 0x72, 0x00, 0x61, 0x00, 0x69,
  0x00, 0x6e, 0x00, 0x73, 0x00, 0x4d, 0x00, 0x6f, 0x00, 0x6e, 0x00, 0x6f,
  0x00, 0x2d, 0x00, 0x52, 0x00, 0x65, 0x00, 0x67, 0x00, 0x75, 0x00, 0x6c,
  0x00, 0x61, 0x00, 0x72, 0x00, 0x4a, 0x00, 0x65, 0x00, 0x74, 0x00, 0x42,
  0x00, 0x72, 0x00, 0x61, 0x00, 0x69, 0x00, 0x6e, 0x00, 0x73, 0x00, 0x20,
  0x00, 0x4d, 0x00, 0x6f, 0x00, 0x6e, 0x00, 0x6f, 0x00, 0x20, 0x00, 0x52,
  0x00, 0x65, 0x00, 0x67, 0x00, 0x75, 0x00, 0x6c, 0x00, 0x61, 0x00, 0x72,
  0x00, 0x56, 0x00, 0x65, 0x00, 0x72, 0x00, 0x73, 0x00, 0x69, 0x00, 0x6f,
  0x00, 0x6e, 0x00, 0x20, 0x00, 0x32, 0x00, 0x2e, 0x00, 0x33, 0x00, 0x30,
  0x00, 0x35, 0x00, 0x3b, 0x00, 0x20, 0x00, 0x74, 0x00, 0x74, 0x00, 0x66,
  0x00, 0x61, 0x00, 0x75, 0x00, 0x74, 0x00, 0x6f, 0x00, 0x68, 0x00, 0x69,
  0x00, 0x6e, 0x00, 0x74, 0x00, 0x20, 0x00, 0x28, 0x00, 0x76, 0x00, 0x31,
  0x00, 0x2e, 0x00, 0x38, 0x00, 0x2e, 0x00, 0x34, 0x00, 0x2e, 0x00, 0x37,
  0x00, 0x2d, 0x00, 0x35, 0x00, 0x64, 0x00, 0x35, 0x00, 0x62, 0x00, 0x29,
  0x00, 0x4a, 0x00, 0x65, 0x00, 0x74, 0x00, 0x42, 0x00, 0x72, 0x00, 0x61,
  0x00, 0x69, 0x00, 0x6e, 0x00, 0x73, 0x00, 0x4d, 0x00, 0x6f, 0x00, 0x6e,
  0x00, 0x6f, 0x00, 0x2d, 0x00, 0x52, 0x00, 0x65, 0x00, 0x67, 0x00, 0x75,
  0x00, 0x6c, 0x00, 0x61, 0x00, 0x72, 0x00, 0x00, 0x00, 0x03, 0x00, 0x00,
  0x00, 0x00, 0x00, 0x00, 0xff, 0x65, 0x00, 0x32, 0x00, 0x00, 0x00, 0x01,
  0x00, 0x00, 0x00, 0x00, 0x00, 0x00, 0x00, 0x00, 0x00, 0x00, 0x00, 0x00,
  0x00, 0x00, 0x00, 0x00, 0x00, 0x01, 0x00, 0x01, 0xff, 0xff, 0x00, 0x0f,
  0x00, 0x01, 0x00, 0x00, 0x00, 0x0c, 0x00, 0x00, 0x00, 0x00, 0x00, 0x00,
  0x00, 0x02, 0x00, 0x03, 0x00, 0x01, 0x00, 0x23, 0x00, 0x01, 0x00, 0x25,
  0x00, 0x26, 0x00, 0x01, 0x00, 0x28, 0x00, 0x37, 0x00, 0x01, 0x00, 0x00,
  0x00, 0x01, 0x00, 0x00, 0x00, 0x0a, 0x00, 0x1c, 0x00, 0x1e, 0x00, 0x01,
  0x44, 0x46, 0x4c, 0x54, 0x00, 0x08, 0x00, 0x04, 0x00, 0x00, 0x00, 0x00,
  0xff, 0xff, 0x00, 0x00, 0x00, 0x00, 0x00, 0x00, 0x00, 0x01, 0x00, 0x00,
  0x00, 0x0a, 0x00, 0x90, 0x02, 0x28, 0x00, 0x02, 0x44, 0x46, 0x4c, 0x54,
  0x00, 0x0e, 0x6c, 0x61, 0x74, 0x6e, 0x00, 0x12, 0x00, 0x26, 0x00, 0x00,
  0x00, 0x22, 0x00, 0x05, 0x41, 0x5a, 0x45, 0x20, 0x00, 0x2e, 0x43, 0x52,
  0x54, 0x20, 0x00, 0x3c, 0x4b, 0x41, 0x5a, 0x20, 0x00, 0x4a, 0x54, 0x41,
  0x54, 0x20, 0x00, 0x58, 0x54, 0x52, 0x4b, 0x20, 0x00, 0x66, 0x00, 0x00,
  0xff, 0xff, 0x00, 0x03, 0x00, 0x00, 0x00, 0x01, 0x00, 0x02, 0x00, 0x00,
  0xff, 0xff, 0x00, 0x04, 0x00, 0x00, 0x00, 0x01, 0x00, 0x02, 0x00, 0x03,
  0x00, 0x00, 0xff, 0xff, 0x00, 0x04, 0x00, 0x00, 0x00, 0x01, 0x00, 0x02,
  0x00, 0x04, 0x00, 0x00, 0xff, 0xff, 0x00, 0x04, 0x00, 0x00, 0x00, 0x01,
  0x00, 0x02, 0x00, 0x05, 0x00, 0x00, 0xff, 0xff, 0x00, 0x04, 0x00, 0x00,
  0x00, 0x01, 0x00, 0x02, 0x00, 0x06, 0x00, 0x00, 0xff, 0xff, 0x00, 0x04,
  0x00, 0x00, 0x00, 0x01, 0x00, 0x02, 0x00, 0x07, 0x00, 0x08, 0x63, 0x61,
  0x6c, 0x74, 0x00, 0x32, 0x63, 0x63, 0x6d, 0x70, 0x01, 0x68, 0x66, 0x72,
  0x61, 0x63, 0x01, 0x70, 0x6c, 0x6f, 0x63, 0x6c, 0x01, 0x7a, 0x6c, 0x6f,
  0x63, 0x6c, 0x01, 0x80, 0x6c, 0x6f, 0x63, 0x6c, 0x01, 0x86, 0x6c, 0x6f,
  0x63, 0x6c, 0x01, 0x8c, 0x6c, 0x6f, 0x63, 0x6c, 0x01, 0x92, 0x00, 0x00,
  0x00, 0x99, 0x00, 0x00, 0x00, 0x02, 0x00, 0x05, 0x00, 0x08, 0x00, 0x0b,
  0x00, 0x0e, 0x00, 0x11, 0x00, 0x13, 0x00, 0x16, 0x00, 0x18, 0x00, 0x1a,
  0x00, 0x1d, 0x00, 0x20, 0x00, 0x23, 0x00, 0x25, 0x00, 0x27, 0x00, 0x29,
  0x00, 0x2b, 0x00, 0x2d, 0x00, 0x2f, 0x00, 0x31, 0x00, 0x34, 0x00, 0x37,
  0x00, 0x39, 0x00, 0x3b, 0x00, 0x3e, 0x00, 0x40, 0x00, 0x43, 0x00, 0x45,
  0x00, 0x48, 0x00, 0x4b, 0x00, 0x4e, 0x00, 0x50, 0x00, 0x53, 0x00, 0x56,
  0x00, 0x58, 0x00, 0x5b, 0x00, 0x5d, 0x00, 0x5f, 0x00, 0x62, 0x00, 0x64,
  0x00, 0x66, 0x00, 0x69, 0x00, 0x6c, 0x00, 0x6f, 0x00, 0x71, 0x00, 0x73,
  0x00, 0x75, 0x00, 0x78, 0x00, 0x7b, 0x00, 0x7d, 0x00, 0x7f, 0x00, 0x82,
  0x00, 0x84, 0x00, 0x86, 0x00, 0x89, 0x00, 0x8c, 0x00, 0x8e, 0x00, 0x90,
  0x00, 0x92, 0x00, 0x94, 0x00, 0x96, 0x00, 0x99, 0x00, 0x9b, 0x00, 0x9e,
  0x00, 0xa0, 0x00, 0xa3, 0x00, 0xa6, 0x00, 0xa9, 0x00, 0xab, 0x00, 0xae,
  0x00, 0xb1, 0x00, 0xb4, 0x00, 0xb6, 0x00, 0xb8, 0x00, 0xba, 0x00, 0xbd,
  0x00, 0xc0, 0x00, 0xc3, 0x00, 0xc6, 0x00, 0xc8, 0x00, 0xca, 0x00, 0xcc,
  0x00, 0xce, 0x00, 0xd0, 0x00, 0xd2, 0x00, 0xd4, 0x00, 0xd6, 0x00, 0xd8,
  0x00, 0xda, 0x00, 0xdd, 0x00, 0xe0, 0x00, 0xe3, 0x00, 0xe6, 0x00, 0xe9,
  0x00, 0xec, 0x00, 0xee, 0x00, 0xf0, 0x00, 0xf2, 0x00, 0xf5, 0x00, 0xf7,
  0x00, 0xfa, 0x00, 0xfc, 0x00, 0xff, 0x01, 0x02, 0x01, 0x05, 0x01, 0x08,
  0x01, 0x0a, 0x01, 0x0c, 0x01, 0x0f, 0x01, 0x12, 0x01, 0x14, 0x01, 0x16,
  0x01, 0x18, 0x01, 0x1b, 0x01, 0x1d, 0x01, 0x20, 0x01, 0x22, 0x01, 0x24,
  0x01, 0x27, 0x01, 0x2a, 0x01, 0x2c, 0x01, 0x2e, 0x01, 0x30, 0x01, 0x32,
  0x01, 0x35, 0x01, 0x37, 0x01, 0x39, 0x01, 0x3b, 0x01, 0x3d, 0x01, 0x3f,
  0x01, 0x41, 0x01, 0x43, 0x01, 0x45, 0x01, 0x47, 0x01, 0x49, 0x01, 0x4b,
  0x01, 0x4d, 0x01, 0x4f, 0x01, 0x51, 0x01, 0x53, 0x01, 0x55, 0x01, 0x57,
  0x01, 0x59, 0x01, 0x5b, 0x01, 0x5d, 0x01, 0x5f, 0x01, 0x61, 0x01, 0x63,
  0x01, 0x65, 0x01, 0x67, 0x01, 0x69, 0x01, 0x6b, 0x00, 0x00, 0x00, 0x02,
  0x01, 0x6d, 0x01, 0x6f, 0x00, 0x00, 0x00, 0x03, 0x01, 0x76, 0x01, 0x77,
  0x01, 0x78, 0x00, 0x00, 0x00, 0x01, 0x01, 0x71, 0x00, 0x00, 0x00, 0x01,
  0x01, 0x72, 0x00, 0x00, 0x00, 0x01, 0x01, 0x73, 0x00, 0x00, 0x00, 0x01,
  0x01, 0x74, 0x00, 0x00, 0x00, 0x01, 0x01, 0x75, 0x01, 0x7a, 0x02, 0xf6,
  0x03, 0x22, 0x03, 0x30, 0x03, 0x7e, 0x03, 0x8c, 0x03, 0xa0, 0x03, 0xee,
  0x05, 0x44, 0x03, 0xfc, 0x04, 0x86, 0x2e, 0xc4, 0x04, 0xa0, 0x05, 0x2a,
  0x05, 0x44, 0x05, 0x58, 0x05, 0xc4, 0x21, 0xa6, 0x05, 0xde, 0x06, 0x4a,
  0x06, 0x64, 0x06, 0xe2, 0x2e, 0xc4, 0x07, 0x00, 0x07, 0x48, 0x07, 0x5a,
  0x07, 0xa0, 0x07, 0xba, 0x07, 0xfc, 0x09, 0x14, 0x08, 0x0a, 0x08, 0x72,
  0x09, 0x14, 0x08, 0x80, 0x09, 0x06, 0x09, 0x14, 0x09, 0x28, 0x09, 0x7a,
  0x09, 0x94, 0x09, 0xcc, 0x09, 0xe6, 0x0a, 0x1e, 0x0a, 0x38, 0x0a, 0xb8,
  0x0a, 0xd2, 0x0b, 0x18, 0x0b, 0x32, 0x0b, 0x68, 0x0b, 0x7a, 0x0b, 0xbe,
  0x0b, 0xd8, 0x0c, 0x1c, 0x0c, 0xa0, 0x0c, 0x2a, 0x0c, 0x92, 0x0c, 0xa0,
  0x0c, 0xae, 0x0c, 0xf6, 0x0d, 0x08, 0x0d, 0x68, 0x0d, 0x7a, 0x0d, 0xd8,
  0x33, 0xf4, 0x0d, 0xea, 0x0e, 0x5a, 0x0e, 0x6c, 0x0e, 0xec, 0x0f, 0xfe,
  0x0e, 0xfe, 0x0f, 0x6e, 0x0f, 0x88, 0x0f, 0xf0, 0x0f, 0xfe, 0x10, 0x12,
  0x10, 0x70, 0x10, 0xf4, 0x10, 0x7e, 0x10, 0xe6, 0x10, 0xf4, 0x11, 0x08,
  0x11, 0x4e, 0x11, 0x60, 0x11, 0xb0, 0x12, 0x34, 0x11, 0xbe, 0x12, 0x26,
  0x12, 0x34, 0x12, 0x48, 0x12, 0xb4, 0x12, 0xce, 0x13, 0x70, 0x2e, 0xc4,
  0x13, 0x8e, 0x13, 0xfa, 0x14, 0x0c, 0x14, 0xdc, 0x14, 0xee, 0x15, 0x7c,
  0x2e, 0xc4, 0x15, 0x9a, 0x15, 0xd2, 0x15, 0xec, 0x16, 0x40, 0x16, 0x52,
  0x16, 0xbe, 0x3c, 0x3c, 0x16, 0xd0, 0x17, 0x32, 0x3c, 0x3c, 0x17, 0x40,
  0x17, 0x9a, 0x3c, 0x3c, 0x17, 0xa8, 0x18, 0x14, 0x18, 0x26, 0x18, 0x8a,
  0x18, 0x9e, 0x19, 0x00, 0x19, 0x1e, 0x19, 0xa8, 0x2d, 0x36, 0x19, 0xba,
  0x1a, 0x28, 0x2d, 0x36, 0x1a, 0x3a, 0x1a, 0x90, 0x1a, 0xaa, 0x1a, 0xfe,
  0x1b, 0x10, 0x1b, 0x6e, 0x39, 0x6a, 0x1b, 0x80, 0x1b, 0xe0, 0x1b, 0xf2,
  0x1c, 0x40, 0x1c, 0x52, 0x1c, 0xaa, 0x39, 0x6a, 0x1c, 0xb8, 0x1d, 0x12,
  0x39, 0x6a, 0x1d, 0x20, 0x1d, 0x6a, 0x1d, 0x7c, 0x1d, 0xc2, 0x1d, 0xd4,
  0x1e, 0x6c, 0x1e, 0x86, 0x1e, 0xea, 0x1e, 0xfc, 0x1f, 0x66, 0x1f, 0x78,
  0x1f, 0xcc, 0x33, 0xf4, 0x1f, 0xde, 0x20, 0x32, 0x20, 0x50, 0x20, 0xbc,
  0x33, 0x48, 0x20, 0xd6, 0x21, 0x22, 0x21, 0x34, 0x21, 0x98, 0x21, 0xa6,
  0x21, 0xba, 0x22, 0x2e, 0x33, 0xf4, 0x22, 0x40, 0x22, 0xbe, 0x33, 0xf4,
  0x22, 0xd8, 0x23, 0x6c, 0x23, 0x7e, 0x23, 0xd8, 0x33, 0xf4, 0x23, 0xe6,
  0x24, 0x80, 0x33, 0xf4, 0x24, 0x8e, 0x24, 0xfe, 0x33, 0xf4, 0x25, 0x10,
  0x25, 0x64, 0x25, 0x76, 0x25, 0xbc, 0x25, 0xd6, 0x26, 0x1e, 0x26, 0x38,
  0x26, 0x7c, 0x27, 0xe6, 0x26, 0x8a, 0x26, 0xd8, 0x27, 0x5c, 0x26, 0xe6,
  0x27, 0x4e, 0x27, 0x5c, 0x27, 0x70, 0x27, 0xd8, 0x27, 0xe6, 0x27, 0xfa,
  0x28, 0x4e, 0x28, 0x60, 0x28, 0xd0, 0x28, 0xee, 0x29, 0x5a, 0x29, 0x74,
  0x29, 0xfe, 0x2a, 0x10, 0x2a, 0x8c, 0x2a, 0x9e, 0x2a, 0xe4, 0x2a, 0xfe,
  0x2b, 0x6c, 0x2b, 0x7e, 0x2b, 0xec, 0x2b, 0xfe, 0x2c, 0x46, 0x2c, 0x5c,
  0x2c, 0xa4, 0x2c, 0xbe, 0x2d, 0x28, 0x2d, 0x36, 0x2d, 0x4a, 0x2d, 0xbe,
  0x2e, 0xc4, 0x2d, 0xcc, 0x2e, 0x2a, 0x2e, 0xc4, 0x2e, 0x3c, 0x2e, 0xb6,
  0x2e, 0xc4, 0x2e, 0xd8, 0x2f, 0x1a, 0x2f, 0x9e, 0x2f, 0x28, 0x2f, 0x90,
  0x2f, 0x9e, 0x2f, 0xb2, 0x30, 0x06, 0x30, 0x20, 0x30, 0xbe, 0x30, 0xd8,
  0x31, 0x2a, 0x31, 0x44, 0x31, 0x92, 0x32, 0x84, 0x31, 0xa0, 0x31, 0xf4,
  0x32, 0x0e, 0x32, 0x76, 0x32, 0x84, 0x32, 0x98, 0x32, 0xde, 0x32, 0xf8,
  0x33, 0x3a, 0x33, 0x48, 0x33, 0x5c, 0x33, 0xda, 0x33, 0xf4, 0x34, 0x08,
  0x34, 0x74, 0x3c, 0x3c, 0x34, 0x86, 0x35, 0x04, 0x3c, 0x3c, 0x35, 0x16,
  0x35, 0xb6, 0x35, 0xd4, 0x36, 0x68, 0x36, 0x7a, 0x36, 0xf8, 0x39, 0x6a,
  0x37, 0x0a, 0x37, 0x68, 0x39, 0x6a, 0x37, 0x7a, 0x37, 0xe6, 0x38, 0x00,
  0x38, 0x6c, 0x38, 0x7e, 0x38, 0xe0, 0x38, 0xf2, 0x39, 0x50, 0x39, 0x6a,
  0x39, 0x7e, 0x39, 0xba, 0x39, 0xcc, 0x3a, 0x1e, 0x3f, 0x30, 0x3a, 0x2c,
  0x3a, 0x8e, 0x3a, 0xac, 0x3b, 0x1a, 0x3b, 0x2c, 0x3b, 0x8a, 0x3c, 0x3c,
  0x3b, 0xa4, 0x3c, 0x22, 0x3c, 0x3c, 0x3c, 0x50, 0x3c, 0xc0, 0x3c, 0xde,
  0x3d, 0x60, 0x3d, 0x7e, 0x3d, 0xee, 0x3e, 0x0c, 0x3e, 0x7c, 0x3e, 0x9a,
  0x3f, 0x16, 0x3f, 0x30, 0x3f, 0x44, 0x3f, 0xa4, 0x3f, 0xb6, 0x40, 0x22,
  0x40, 0x34, 0x40, 0x7a, 0x40, 0x94, 0x40, 0xe6, 0x41, 0x00, 0x41, 0x52,
  0x41, 0x6c, 0x41, 0xb2, 0x41, 0xcc, 0x42, 0x3c, 0x42, 0x5a, 0x42, 0xac,
  0x42, 0xc6, 0x43, 0x0c, 0x43, 0x26, 0x43, 0x96, 0x43, 0xb4, 0x44, 0x06,
  0x44, 0x20, 0x44, 0x66, 0x44, 0x80, 0x44, 0xf0, 0x45, 0x0e, 0x45, 0x60,
  0x45, 0x7a, 0x45, 0xc0, 0x45, 0xda, 0x46, 0x4a, 0x46, 0x68, 0x46, 0xba,
  0x46, 0xd4, 0x47, 0x26, 0x47, 0x40, 0x47, 0x92, 0x47, 0xac, 0x47, 0xfe,
  0x48, 0x18, 0x48, 0x6a, 0x48, 0x84, 0x48, 0xd6, 0x48, 0xf0, 0x49, 0x50,
  0x49, 0x6a, 0x49, 0xbc, 0x49, 0xd6, 0x4a, 0x28, 0x4a, 0x42, 0x4a, 0x94,
  0x4a, 0xae, 0x4b, 0x1e, 0x4b, 0x3c, 0x4b, 0x8e, 0x4b, 0xa8, 0x4c, 0x14,
  0x4b, 0xe0, 0x4c, 0x14, 0x4c, 0x28, 0x4c, 0x28, 0x4c, 0x28, 0x4c, 0x28,
  0x4c, 0x28, 0x4c, 0x3c, 0x4c, 0x50, 0x4c, 0x68, 0x4c, 0xa6, 0x00, 0x06,
  0x00, 0x00, 0x00, 0x01, 0x00, 0x08, 0x00, 0x03, 0x00, 0x01, 0x00, 0x14,
  0x00, 0x01, 0x24, 0xf6, 0x00, 0x01, 0x00, 0x14, 0x00, 0x01, 0x00, 0x00,
  0x00, 0x01, 0x00, 0x02, 0x00, 0x02, 0x00, 0x01, 0x00, 0x1a, 0x00, 0x00,
  0x00, 0x38, 0x00, 0x41, 0x00, 0x1a, 0x00, 0x01, 0x00, 0x00, 0x00, 0x01,
  0x00, 0x08, 0x00, 0x01, 0x24, 0xca, 0x00, 0x09, 0x00, 0x06, 0x00, 0x00,
  0x00, 0x01, 0x00, 0x08, 0x00, 0x01, 0x00, 0x62, 0x00, 0x01, 0x00, 0x08,
  0x00, 0x04, 0x00, 0x0a, 0x00, 0x16, 0x00, 0x22, 0x00, 0x30, 0x00, 0x01,
  0x00, 0xb8, 0x00, 0x01, 0x00, 0x01, 0x00, 0xb8, 0x00, 0x00, 0x00, 0x00,
  0x00, 0x01, 0x00, 0x02, 0x00, 0xb8, 0x00, 0xb4, 0x00, 0x00, 0x00, 0x01,
  0x01, 0x20, 0x00, 0x01, 0x00, 0x00, 0x00, 0x01, 0x00, 0x00, 0x00, 0x03,
  0x00, 0x00, 0x00, 0x01, 0x00, 0x01, 0x00, 0xb8, 0x00, 0x01, 0x00, 0x00,
  0x00, 0x04, 0x00, 0x01, 0x00, 0x00, 0x00, 0x01, 0x00, 0x08, 0x00, 0x01,
  0x00, 0x14, 0xff, 0xb4, 0x00, 0x01, 0x00, 0x00, 0x00, 0x01, 0x00, 0x08,
  0x00, 0x01, 0x00, 0x06, 0x00, 0x68, 0x00, 0x01, 0x00, 0x01, 0x00, 0xb8,
  0x00, 0x06, 0x00, 0x00, 0x00, 0x01, 0x00, 0x08, 0x00, 0x01, 0x01, 0xaa,
  0x00, 0x01, 0x00, 0x08, 0x00, 0x04, 0x00, 0x0a, 0x00, 0x16, 0x00, 0x22,
  0x00, 0x30, 0x00, 0x01, 0x00, 0xb9, 0x00, 0x01, 0x00, 0x01, 0x00, 0xb9,
  0x00, 0x00, 0x00, 0x01, 0x00, 0xb4, 0x00, 0x01, 0x00, 0x01, 0x00, 0xb9,
  0x00, 0x00, 0x00, 0x01, 0x01, 0x20, 0x00, 0x01, 0x00, 0x00, 0x00, 0x01,
  0x00, 0x00, 0x00, 0x06, 0x00, 0x00, 0x00, 0x01, 0x00, 0x01, 0x00, 0xb9,
  0x00, 0x01, 0x00, 0x00, 0x00, 0x07, 0x00, 0x01, 0x00, 0x00, 0x00, 0x01,
  0x00, 0x08, 0x00, 0x01, 0x01, 0x5c, 0xff, 0xb8, 0x00, 0x06, 0x00, 0x00,
  0x00, 0x01, 0x00, 0x08, 0x00, 0x01, 0x00, 0x94, 0x00, 0x02, 0x00, 0x0a,
  0x00, 0x46, 0x00, 0x03, 0x00, 0x08, 0x00, 0x18, 0x00, 0x2a, 0x00, 0x03,
  0x00, 0xb4, 0x00, 0xb8, 0x00, 0xb8, 0x00, 0x01, 0x00, 0x01, 0x00, 0xb4,
  0x00, 0x00, 0x00, 0x03, 0x01, 0x20, 0x01, 0x20, 0x01, 0x20, 0x00, 0x01,
  0x00, 0x00, 0x00, 0x01, 0x00, 0x00, 0x00, 0x09, 0x00, 0x02, 0x01, 0x20,
  0x01, 0x20, 0x00, 0x01, 0x00, 0x01, 0x00, 0xb4, 0x00, 0x01, 0x00, 0x00,
  0x00, 0x0a, 0x00, 0x03, 0x00, 0x08, 0x00, 0x18, 0x00, 0x2a, 0x00, 0x01,
  0x00, 0xb8, 0x00, 0x01, 0x00, 0x03, 0x00, 0xb8, 0x00, 0xb4, 0x00, 0xb4,
  0x00, 0x00, 0x00, 0x01, 0x01, 0x20, 0x00, 0x01, 0x00, 0x02, 0x00, 0xb4,
  0x00, 0xb4, 0x00, 0x01, 0x00, 0x00, 0x00, 0x09, 0x00, 0x00, 0x00, 0x01,
  0x00, 0x03, 0x00, 0xb8, 0x00, 0xb4, 0x00, 0xb4, 0x00, 0x01, 0x00, 0x00,
  0x00, 0x09, 0x00, 0x01, 0x00, 0x00, 0x00, 0x01, 0x00, 0x08, 0x00, 0x02,
  0x00, 0x0a, 0x00, 0x02, 0x00, 0x6d, 0x01, 0x20, 0x00, 0x01, 0x00, 0x02,
  0x00, 0xb4, 0x00, 0xb8, 0x00, 0x06, 0x00, 0x00, 0x00, 0x01, 0x00, 0x08,
  0x00, 0x01, 0x00, 0x94, 0x00, 0x02, 0x00, 0x0a, 0x00, 0x58, 0x00, 0x04,
  0x00, 0x0a, 0x00, 0x1a, 0x00, 0x2a, 0x00, 0x3c, 0x00, 0x01, 0x00, 0xb4,
  0x00, 0x01, 0x00, 0x03, 0x00, 0xb4, 0x00, 0xb9, 0x00, 0xb9, 0x00, 0x00,
  0x00, 0x00, 0x00, 0x01, 0x00, 0x04, 0x00, 0xb4, 0x00, 0xb9, 0x00, 0xb9,
  0x00, 0xb9, 0x00, 0x00, 0x00, 0x01, 0x01, 0x20, 0x00, 0x01, 0x00, 0x02,
  0x00, 0xb9, 0x00, 0xb9, 0x00, 0x01, 0x00, 0x00, 0x00, 0x0c, 0x00, 0x00,
  0x00, 0x01, 0x00, 0x03, 0x00, 0xb4, 0x00, 0xb9, 0x00, 0xb9, 0x00, 0x01,
  0x00, 0x00, 0x00, 0x0c, 0x00, 0x02, 0x00, 0x06, 0x00, 0x18, 0x00, 0x03,
  0x01, 0x20, 0x01, 0x20, 0x01, 0x20, 0x00, 0x01, 0x00, 0x00, 0x00, 0x01,
  0x00, 0x00, 0x00, 0x0c, 0x00, 0x02, 0x01, 0x20, 0x01, 0x20, 0x00, 0x01,
  0x00, 0x01, 0x00, 0xb9, 0x00, 0x01, 0x00, 0x00, 0x00, 0x0d, 0x00, 0x01,
  0x00, 0x00, 0x00, 0x01, 0x00, 0x08, 0x00, 0x02, 0x00, 0x0a, 0x00, 0x02,
  0x01, 0x20, 0x00, 0x64, 0x00, 0x01, 0x00, 0x02, 0x00, 0xb4, 0x00, 0xb9,
  0x00, 0x01, 0x00, 0x00, 0x00, 0x01, 0x00, 0x08, 0x00, 0x01, 0x00, 0x06,
  0x00, 0x67, 0x00, 0x01, 0x00, 0x01, 0x00, 0xb9, 0x00, 0x06, 0x00, 0x00,
  0x00, 0x01, 0x00, 0x08, 0x00, 0x01, 0x00, 0x76, 0x00, 0x02, 0x00, 0x0a,
  0x00, 0x30, 0x00, 0x02, 0x00, 0x06, 0x00, 0x16, 0x00, 0x02, 0x01, 0x20,
  0x01, 0x20, 0x00, 0x01, 0x00, 0x00, 0x00, 0x01, 0x00, 0x00, 0x00, 0x0f,
  0x00, 0x01, 0x01, 0x20, 0x00, 0x01, 0x00, 0x01, 0x00, 0xac, 0x00, 0x01,
  0x00, 0x00, 0x00, 0x10, 0x00, 0x03, 0x00, 0x08, 0x00, 0x16, 0x00, 0x24,
  0x00, 0x01, 0x00, 0xb8, 0x00, 0x01, 0x00, 0x02, 0x00, 0xac, 0x00, 0xac,
  0x00, 0x00, 0x00, 0x00, 0x00, 0x01, 0x00, 0x03, 0x00, 0xac, 0x00, 0xac,
  0x00, 0xac, 0x00, 0x00, 0x00, 0x00, 0x00, 0x01, 0x00, 0x02, 0x00, 0xac,
  0x00, 0xac, 0x00, 0x01, 0x00, 0x00, 0x00, 0x0f, 0x00, 0x01, 0x00, 0x00,
  0x00, 0x01, 0x00, 0x08, 0x00, 0x02, 0x00, 0x0a, 0x00, 0x02, 0x00, 0x6f,
  0x01, 0x20, 0x00, 0x01, 0x00, 0x02, 0x00, 0xac, 0x00, 0xb8, 0x00, 0x06,
  0x00, 0x00, 0x00, 0x01, 0x00, 0x08, 0x00, 0x01, 0x00, 0x76, 0x00, 0x02,
  0x00, 0x0a, 0x00, 0x50, 0x00, 0x04, 0x00, 0x0a, 0x00, 0x18, 0x00, 0x26,
  0x00, 0x36, 0x00, 0x01, 0x00, 0xac, 0x00, 0x01, 0x00, 0x02, 0x00, 0xb9,
  0x00, 0xb9, 0x00, 0x00, 0x00, 0x01, 0x00, 0xac, 0x00, 0x01, 0x00, 0x02,
  0x00, 0xac, 0x00, 0xb9, 0x00, 0x00, 0x00, 0x01, 0x01, 0x20, 0x00, 0x01,
  0x00, 0x01, 0x00, 0xb9, 0x00, 0x01, 0x00, 0x00, 0x00, 0x12, 0x00, 0x00,
  0x00, 0x01, 0x00, 0x02, 0x00, 0xac, 0x00, 0xb9, 0x00, 0x01, 0x00, 0x00,
  0x00, 0x12, 0x00, 0x01, 0x00, 0x04, 0x00, 0x02, 0x01, 0x20, 0x01, 0x20,
  0x00, 0x01, 0x00, 0x00, 0x00, 0x01, 0x00, 0x00, 0x00, 0x12, 0x00, 0x01,
  0x00, 0x00, 0x00, 0x01, 0x00, 0x08, 0x00, 0x02, 0x00, 0x0a, 0x00, 0x02,
  0x01, 0x20, 0x00, 0x85, 0x00, 0x01, 0x00, 0x02, 0x00, 0xac, 0x00, 0xb9,
  0x00, 0x06, 0x00, 0x00, 0x00, 0x01, 0x00, 0x08, 0x00, 0x01, 0x00, 0x8a,
  0x00, 0x03, 0x00, 0x0c, 0x00, 0x22, 0x00, 0x4c, 0x00, 0x01, 0x00, 0x04,
  0x00, 0x01, 0x01, 0x20, 0x00, 0x01, 0x00, 0x02, 0x00, 0xb4, 0x00, 0xb4,
  0x00, 0x01, 0x00, 0x00, 0x00, 0x14, 0x00, 0x02, 0x00, 0x06, 0x00, 0x18,
  0x00, 0x03, 0x01, 0x20, 0x01, 0x20, 0x01, 0x20, 0x00, 0x01, 0x00, 0x00,
  0x00, 0x01, 0x00, 0x00, 0x00, 0x14, 0x00, 0x02, 0x01, 0x20, 0x01, 0x20,
  0x00, 0x01, 0x00, 0x01, 0x00, 0xb4, 0x00, 0x01, 0x00, 0x00, 0x00, 0x15,
  0x00, 0x03, 0x00, 0x08, 0x0c, 0x96, 0x00, 0x18, 0x00, 0x01, 0x00, 0xb8,
  0x00, 0x01, 0x00, 0x03, 0x00, 0xac, 0x00, 0xb4, 0x00, 0xb4, 0x00, 0x00,
  0x00, 0x00, 0x00, 0x01, 0x00, 0x03, 0x00, 0xac, 0x00, 0xb4, 0x00, 0xb4,
  0x00, 0x01, 0x00, 0x00, 0x00, 0x14, 0x00, 0x01, 0x00, 0x00, 0x00, 0x01,
  0x00, 0x08, 0x00, 0x02, 0x00, 0x0c, 0x00, 0x03, 0x01, 0x20, 0x00, 0x6e,
  0x01, 0x20, 0x00, 0x01, 0x00, 0x03, 0x00, 0xac, 0x00, 0xb4, 0x00, 0xb8,
  0x00, 0x06, 0x00, 0x00, 0x00, 0x01, 0x00, 0x08, 0x00, 0x01, 0x22, 0x64,
  0x00, 0x02, 0x00, 0x0a, 0x00, 0x1c, 0x00, 0x01, 0x00, 0x04, 0x00, 0x01,
  0x01, 0x20, 0x00, 0x01, 0x00, 0x00, 0x00, 0x01, 0x00, 0x00, 0x00, 0x17,
  0x00, 0x04, 0x00, 0x0a, 0x42, 0xea, 0x28, 0xc8, 0x00, 0x16, 0x00, 0x01,
  0x01, 0x15, 0x00, 0x01, 0x00, 0x01, 0x00, 0xaa, 0x00, 0x00, 0x00, 0x00,
  0x00, 0x01, 0x00, 0x01, 0x00, 0xaa, 0x00, 0x01, 0x00, 0x00, 0x00, 0x17,
  0x00, 0x01, 0x00, 0x00, 0x00, 0x01, 0x00, 0x08, 0x00, 0x02, 0x22, 0x1c,
  0x00, 0x02, 0x00, 0xd2, 0x01, 0x20, 0x00, 0x06, 0x00, 0x00, 0x00, 0x01,
  0x00, 0x08, 0x00, 0x01, 0x00, 0x50, 0x00, 0x02, 0x00, 0x0a, 0x00, 0x1c,
  0x00, 0x01, 0x00, 0x04, 0x00, 0x01, 0x01, 0x20, 0x00, 0x01, 0x00, 0x00,
  0x00, 0x01, 0x00, 0x00, 0x00, 0x19, 0x00, 0x03, 0x00, 0x08, 0x41, 0x9a,
  0x00, 0x14, 0x00, 0x01, 0x01, 0x10, 0x00, 0x01, 0x00, 0x01, 0x00, 0xb5,
  0x00, 0x00, 0x00, 0x00, 0x00, 0x01, 0x00, 0x01, 0x00, 0xb5, 0x00, 0x01,
  0x00, 0x00, 0x00, 0x19, 0x00, 0x01, 0x00, 0x00, 0x00, 0x01, 0x00, 0x08,
  0x00, 0x02, 0x00, 0x0a, 0x00, 0x02, 0x00, 0xbe, 0x01, 0x20, 0x00, 0x01,
  0x00, 0x02, 0x00, 0xb5, 0x01, 0x10, 0x00, 0x06, 0x00, 0x00, 0x00, 0x01,
  0x00, 0x08, 0x00, 0x01, 0x01, 0x60, 0x00, 0x01, 0x00, 0x08, 0x00, 0x04,
  0x00, 0x0a, 0x43, 0xaa, 0x00, 0x16, 0x00, 0x24, 0x00, 0x01, 0x00, 0xb0,
  0x00, 0x01, 0x00, 0x01, 0x00, 0xb0, 0x00, 0x00, 0x00, 0x01, 0x01, 0x20,
  0x00, 0x01, 0x00, 0x00, 0x00, 0x01, 0x00, 0x00, 0x00, 0x1b, 0x00, 0x00,
  0x00, 0x01, 0x00, 0x01, 0x00, 0xb0, 0x00, 0x01, 0x00, 0x00, 0x00, 0x1c,
  0x00, 0x01, 0x00, 0x00, 0x00, 0x01, 0x00, 0x08, 0x00, 0x01, 0x01, 0x1e,
  0xff, 0xe6, 0x00, 0x06, 0x00, 0x00, 0x00, 0x01, 0x00, 0x08, 0x00, 0x01,
  0x01, 0x10, 0x00, 0x01, 0x00, 0x08, 0x00, 0x05, 0x00, 0x0c, 0x00, 0x1a,
  0x00, 0x28, 0x00, 0x38, 0x00, 0x48, 0x00, 0x01, 0x00, 0xb0, 0x00, 0x01,
  0x00, 0x02, 0x00, 0xb0, 0x00, 0xb0, 0x00, 0x00, 0x00, 0x00, 0x00, 0x01,
  0x00, 0x03, 0x00, 0xb0, 0x00, 0xb0, 0x00, 0xb0, 0x00, 0x00, 0x00, 0x02,
  0x01, 0x20, 0x01, 0x20, 0x00, 0x01, 0x00, 0x00, 0x00, 0x01, 0x00, 0x00,
  0x00, 0x1e, 0x00, 0x01, 0x01, 0x20, 0x00, 0x01, 0x00, 0x01, 0x00, 0xb0,
  0x00, 0x01, 0x00, 0x00, 0x00, 0x1f, 0x00, 0x00, 0x00, 0x01, 0x00, 0x02,
  0x00, 0xb0, 0x00, 0xb0, 0x00, 0x01, 0x00, 0x00, 0x00, 0x1f, 0x00, 0x01,
  0x00, 0x00, 0x00, 0x01, 0x00, 0x08, 0x00, 0x01, 0x00, 0xa8, 0xff, 0xe7,
  0x00, 0x06, 0x00, 0x00, 0x00, 0x01, 0x00, 0x08, 0x00, 0x01, 0x00, 0x9a,
  0x00, 0x01, 0x00, 0x08, 0x00, 0x06, 0x00, 0x0e, 0x00, 0x1e, 0x00, 0x2e,
  0x00, 0x40, 0x00, 0x52, 0x00, 0x64, 0x00, 0x01, 0x00, 0xb0, 0x00, 0x01,
  0x00, 0x03, 0x00, 0xb0, 0x00, 0xb0, 0x00, 0xb0, 0x00, 0x00, 0x00, 0x00,
  0x00, 0x01, 0x00, 0x04, 0x00, 0xb0, 0x00, 0xb0, 0x00, 0xb0, 0x00, 0xb0,
  0x00, 0x00, 0x00, 0x03, 0x01, 0x20, 0x01, 0x20, 0x01, 0x20, 0x00, 0x01,
  0x00, 0x00, 0x00, 0x01, 0x00, 0x00, 0x00, 0x21, 0x00, 0x02, 0x01, 0x20,
  0x01, 0x20, 0x00, 0x01, 0x00, 0x01, 0x00, 0xb0, 0x00, 0x01, 0x00, 0x00,
  0x00, 0x22, 0x00, 0x01, 0x01, 0x20, 0x00, 0x01, 0x00, 0x02, 0x00, 0xb0,
  0x00, 0xb0, 0x00, 0x01, 0x00, 0x00, 0x00, 0x22, 0x00, 0x00, 0x00, 0x01,
  0x00, 0x03, 0x00, 0xb0, 0x00, 0xb0, 0x00, 0xb0, 0x00, 0x01, 0x00, 0x00,
  0x00, 0x22, 0x00, 0x01, 0x00, 0x00, 0x00, 0x01, 0x00, 0x08, 0x00, 0x01,
  0x00, 0x14, 0xff, 0xe8, 0x00, 0x01, 0x00, 0x00, 0x00, 0x01, 0x00, 0x08,
  0x00, 0x01, 0x00, 0x06, 0x00, 0x70, 0x00, 0x01, 0x00, 0x01, 0x00, 0xb0,
  0x00, 0x06, 0x00, 0x00, 0x00, 0x01, 0x00, 0x08, 0x00, 0x01, 0x00, 0x5c,
  0x00, 0x02, 0x00, 0x0a, 0x00, 0x1c, 0x00, 0x01, 0x00, 0x04, 0x00, 0x01,
  0x01, 0x20, 0x00, 0x01, 0x00, 0x00, 0x00, 0x01, 0x00, 0x00, 0x00, 0x24,
  0x00, 0x03, 0x00, 0x08, 0x00, 0x14, 0x00, 0x20, 0x00, 0x01, 0x01, 0x12,
  0x00, 0x01, 0x00, 0x01, 0x00, 0xb9, 0x00, 0x00, 0x00, 0x00, 0x00, 0x01,
  0x00, 0x02, 0x01, 0x12, 0x00, 0xb9, 0x00, 0x00, 0x00, 0x00, 0x00, 0x01,
  0x00, 0x01, 0x00, 0xb9, 0x00, 0x01, 0x00, 0x00, 0x00, 0x24, 0x00, 0x01,
  0x00, 0x00, 0x00, 0x01, 0x00, 0x08, 0x00, 0x02, 0x00, 0x0a, 0x00, 0x02,
  0x00, 0xc4, 0x01, 0x20, 0x00, 0x01, 0x00, 0x02, 0x00, 0xb9, 0x01, 0x12,
  0x00, 0x06, 0x00, 0x00, 0x00, 0x01, 0x00, 0x08, 0x00, 0x01, 0x00, 0x42,
  0x00, 0x02, 0x00, 0x0a, 0x00, 0x1e, 0x00, 0x02, 0x23, 0x4e, 0x00, 0x06,
  0x00, 0x00, 0x00, 0x01, 0x00, 0x01, 0x01, 0x12, 0x00, 0x01, 0x00, 0x00,
  0x00, 0x26, 0x00, 0x01, 0x00, 0x04, 0x00, 0x01, 0x01, 0x20, 0x00, 0x01,
  0x00, 0x00, 0x00, 0x01, 0x00, 0x00, 0x00, 0x26, 0x00, 0x01, 0x00, 0x00,
  0x00, 0x01, 0x00, 0x08, 0x00, 0x02, 0x00, 0x0a, 0x00, 0x02, 0x01, 0x20,
  0x00, 0x72, 0x00, 0x01, 0x00, 0x02, 0x00, 0xba, 0x01, 0x12, 0x00, 0x06,
  0x00, 0x00, 0x00, 0x01, 0x00, 0x08, 0x00, 0x01, 0x00, 0x42, 0x00, 0x02,
  0x00, 0x0a, 0x00, 0x1c, 0x00, 0x01, 0x00, 0x04, 0x00, 0x01, 0x01, 0x20,
  0x00, 0x01, 0x00, 0x00, 0x00, 0x01, 0x00, 0x00, 0x00, 0x28, 0x00, 0x02,
  0x14, 0x48, 0x00, 0x06, 0x00, 0x00, 0x00, 0x01, 0x00, 0x01, 0x00, 0xbb,
  0x00, 0x01, 0x00, 0x00, 0x00, 0x28, 0x00, 0x01, 0x00, 0x00, 0x00, 0x01,
  0x00, 0x08, 0x00, 0x02, 0x00, 0x0a, 0x00, 0x02, 0x00, 0xc5, 0x01, 0x20,
  0x00, 0x01, 0x00, 0x02, 0x00, 0xbb, 0x01, 0x12, 0x00, 0x06, 0x00, 0x00,
  0x00, 0x01, 0x00, 0x08, 0x00, 0x01, 0x00, 0x8a, 0x00, 0x02, 0x00, 0x0a,
  0x00, 0x66, 0x00, 0x08, 0x00, 0x12, 0x30, 0xa4, 0x00, 0x1e, 0x00, 0x2a,
  0x00, 0x36, 0x00, 0x42, 0x0c, 0xb4, 0x00, 0x4e, 0x00, 0x01, 0x00, 0xba,
  0x00, 0x01, 0x00, 0x01, 0x01, 0x17, 0x00, 0x00, 0x00, 0x00, 0x00, 0x01,
  0x00, 0x02, 0x01, 0x17, 0x01, 0x14, 0x00, 0x00, 0x00, 0x00, 0x00, 0x01,
  0x00, 0x02, 0x01, 0x17, 0x00, 0xaf, 0x00, 0x00, 0x00, 0x00, 0x00, 0x01,
  0x00, 0x02, 0x01, 0x17, 0x01, 0x13, 0x00, 0x00, 0x00, 0x00, 0x00, 0x01,
  0x00, 0x02, 0x01, 0x17, 0x00, 0xb1, 0x00, 0x00, 0x00, 0x00, 0x00, 0x01,
  0x00, 0x01, 0x01, 0x17, 0x00, 0x01, 0x00, 0x00, 0x00, 0x2a, 0x00, 0x01,
  0x00, 0x04, 0x00, 0x01, 0x01, 0x20, 0x00, 0x01, 0x00, 0x00, 0x00, 0x01,
  0x00, 0x00, 0x00, 0x2a, 0x00, 0x01, 0x00, 0x00, 0x00, 0x01, 0x00, 0x08,
  0x00, 0x02, 0x00, 0x0a, 0x00, 0x02, 0x01, 0x20, 0x00, 0x73, 0x00, 0x01,
  0x00, 0x02, 0x00, 0xba, 0x01, 0x17, 0x00, 0x06, 0x00, 0x00, 0x00, 0x01,
  0x00, 0x08, 0x00, 0x01, 0x00, 0x50, 0x00, 0x02, 0x00, 0x0a, 0x00, 0x2c,
  0x00, 0x03, 0x00, 0x08, 0x22, 0x04, 0x00, 0x14, 0x00, 0x01, 0x00, 0xb8,
  0x00, 0x01, 0x00, 0x01, 0x01, 0x12, 0x00, 0x00, 0x00, 0x00, 0x00, 0x01,
  0x00, 0x01, 0x01, 0x12, 0x00, 0x01, 0x00, 0x00, 0x00, 0x2c, 0x00, 0x01,
  0x00, 0x04, 0x00, 0x01, 0x01, 0x20, 0x00, 0x01, 0x00, 0x00, 0x00, 0x01,
  0x00, 0x00, 0x00, 0x2c, 0x00, 0x01, 0x00, 0x00, 0x00, 0x01, 0x00, 0x08,
  0x00, 0x02, 0x00, 0x0a, 0x00, 0x02, 0x01, 0x20, 0x00, 0x70, 0x00, 0x01,
  0x00, 0x02, 0x00, 0xb8, 0x01, 0x12, 0x00, 0x06, 0x00, 0x00, 0x00, 0x02,
  0x00, 0x0a, 0x00, 0x20, 0x00, 0x03, 0x00, 0x02, 0x09, 0x88, 0x00, 0x7a,
  0x00, 0x01, 0x41, 0x0e, 0x00, 0x01, 0x00, 0x7a, 0x00, 0x01, 0x00, 0x00,
  0x00, 0x2e, 0x00, 0x03, 0x00, 0x01, 0x00, 0x64, 0x00, 0x01, 0x00, 0x5e,
  0x00, 0x02, 0x40, 0xf8, 0x00, 0x64, 0x00, 0x01, 0x00, 0x00, 0x00, 0x2e,
  0x00, 0x01, 0x00, 0x00, 0x00, 0x01, 0x00, 0x08, 0x00, 0x02, 0x00, 0x60,
  0x00, 0x02, 0x00, 0xa5, 0x01, 0x20, 0x00, 0x06, 0x00, 0x00, 0x00, 0x02,
  0x00, 0x0a, 0x00, 0x20, 0x00, 0x03, 0x00, 0x02, 0x09, 0x40, 0x00, 0x32,
  0x00, 0x01, 0x00, 0x2c, 0x00, 0x01, 0x00, 0x32, 0x00, 0x01, 0x00, 0x00,
  0x00, 0x30, 0x00, 0x03, 0x00, 0x01, 0x00, 0x1c, 0x00, 0x01, 0x40, 0xb0,
  0x00, 0x02, 0x00, 0x16, 0x00, 0x1c, 0x00, 0x01, 0x00, 0x00, 0x00, 0x30,
  0x00, 0x01, 0x00, 0x01, 0x00, 0xb2, 0x00, 0x01, 0x00, 0x02, 0x00, 0x61,
  0x00, 0xa8, 0x00, 0x01, 0x00, 0x00, 0x00, 0x01, 0x00, 0x08, 0x00, 0x02,
  0x00, 0x0a, 0x00, 0x02, 0x01, 0x20, 0x00, 0xa4, 0x00, 0x01, 0x00, 0x02,
  0x00, 0xb1, 0x00, 0xb2, 0x00, 0x06, 0x00, 0x00, 0x00, 0x01, 0x00, 0x08,
  0x00, 0x01, 0x40, 0x6a, 0x00, 0x01, 0x00, 0x08, 0x00, 0x05, 0x03, 0x42,
  0x3a, 0xb8, 0x00, 0x0c, 0x00, 0x18, 0x00, 0x26, 0x00, 0x00, 0x00, 0x01,
  0x00, 0x02, 0x00, 0xb1, 0x01, 0x15, 0x00, 0x00, 0x00, 0x01, 0x01, 0x20,
  0x00, 0x01, 0x00, 0x00, 0x00, 0x01, 0x00, 0x00, 0x00, 0x32, 0x00, 0x00,
  0x00, 0x01, 0x00, 0x01, 0x00, 0xb1, 0x00, 0x01, 0x00, 0x00, 0x00, 0x33,
  0x00, 0x01, 0x00, 0x00, 0x00, 0x01, 0x00, 0x08, 0x00, 0x01, 0x40, 0x26,
  0xff, 0xf0, 0x00, 0x06, 0x00, 0x00, 0x00, 0x01, 0x00, 0x08, 0x00, 0x01,
  0x40, 0x18, 0x00, 0x01, 0x00, 0x08, 0x00, 0x05, 0x00, 0x0c, 0x00, 0x1a,
  0x00, 0x28, 0x00, 0x38, 0x00, 0x48, 0x00, 0x01, 0x00, 0xb1, 0x00, 0x01,
  0x00, 0x02, 0x00, 0xb1, 0x00, 0xb1, 0x00, 0x00, 0x00, 0x00, 0x00, 0x01,
  0x00, 0x03, 0x00, 0xb1, 0x00, 0xb1, 0x00, 0xb1, 0x00, 0x00, 0x00, 0x02,
  0x01, 0x20, 0x01, 0x20, 0x00, 0x01, 0x00, 0x00, 0x00, 0x01, 0x00, 0x00,
  0x00, 0x35, 0x00, 0x01, 0x01, 0x20, 0x00, 0x01, 0x00, 0x01, 0x00, 0xb1,
  0x00, 0x01, 0x00, 0x00, 0x00, 0x36, 0x00, 0x00, 0x00, 0x01, 0x00, 0x02,
  0x00, 0xb1, 0x00, 0xb1, 0x00, 0x01, 0x00, 0x00, 0x00, 0x36, 0x00, 0x01,
  0x00, 0x00, 0x00, 0x01, 0x00, 0x08, 0x00, 0x01, 0x3f, 0xb0, 0xff, 0xf2,
  0x00, 0x01, 0x00, 0x00, 0x00, 0x01, 0x00, 0x08, 0x00, 0x01, 0x3f, 0xa2,
  0x00, 0x6f, 0x00, 0x06, 0x00, 0x00, 0x00, 0x01, 0x00, 0x08, 0x00, 0x01,
  0x27, 0x36, 0x00, 0x02, 0x00, 0x0a, 0x00, 0x2e, 0x00, 0x04, 0x00, 0x0a,
  0x18, 0x6c, 0x3d, 0xa8, 0x00, 0x16, 0x00, 0x01, 0x00, 0xb1, 0x00, 0x01,
  0x00, 0x01, 0x01, 0x15, 0x00, 0x00, 0x00, 0x00, 0x00, 0x01, 0x00, 0x01,
  0x01, 0x15, 0x00, 0x01, 0x00, 0x00, 0x00, 0x38, 0x00, 0x01, 0x00, 0x04,
  0x00, 0x01, 0x01, 0x20, 0x00, 0x01, 0x00, 0x00, 0x00, 0x01, 0x00, 0x00,
  0x00, 0x38, 0x00, 0x01, 0x00, 0x00, 0x00, 0x01, 0x00, 0x08, 0x00, 0x02,
  0x26, 0xee, 0x00, 0x02, 0x01, 0x20, 0x00, 0x9e, 0x00, 0x06, 0x00, 0x00,
  0x00, 0x01, 0x00, 0x08, 0x00, 0x01, 0x26, 0xdc, 0x00, 0x02, 0x00, 0x0a,
  0x00, 0x44, 0x00, 0x05, 0x00, 0x0c, 0x26, 0x74, 0x26, 0x92, 0x00, 0x1a,
  0x00, 0x2a, 0x00, 0x01, 0x00, 0xb1, 0x00, 0x01, 0x00, 0x02, 0x00, 0xb1,
  0x01, 0x15, 0x00, 0x00, 0x00, 0x01, 0x01, 0x20, 0x00, 0x01, 0x00, 0x01,
  0x01, 0x15, 0x00, 0x01, 0x00, 0x00, 0x00, 0x3a, 0x00, 0x00, 0x00, 0x01,
  0x00, 0x02, 0x00, 0xb1, 0x01, 0x15, 0x00, 0x01, 0x00, 0x00, 0x00, 0x3a,
  0x00, 0x01, 0x00, 0x04, 0x00, 0x02, 0x01, 0x20, 0x01, 0x20, 0x00, 0x01,
  0x00, 0x00, 0x00, 0x01, 0x00, 0x00, 0x00, 0x3a, 0x00, 0x01, 0x00, 0x00,
  0x00, 0x01, 0x00, 0x08, 0x00, 0x02, 0x26, 0x7c, 0x00, 0x02, 0x01, 0x20,
  0x00, 0xa2, 0x00, 0x06, 0x00, 0x00, 0x00, 0x01, 0x00, 0x08, 0x00, 0x01,
  0x26, 0x6a, 0x00, 0x02, 0x00, 0x0a, 0x00, 0x30, 0x00, 0x03, 0x00, 0x08,
  0x16, 0xa8, 0x00, 0x16, 0x00, 0x01, 0x00, 0xb1, 0x00, 0x01, 0x00, 0x02,
  0x01, 0x15, 0x01, 0x15, 0x00, 0x00, 0x00, 0x00, 0x00, 0x01, 0x00, 0x02,
  0x01, 0x15, 0x01, 0x15, 0x00, 0x01, 0x00, 0x00, 0x00, 0x3c, 0x00, 0x02,
  0x00, 0x06, 0x00, 0x16, 0x00, 0x02, 0x01, 0x20, 0x01, 0x20, 0x00, 0x01,
  0x00, 0x00, 0x00, 0x01, 0x00, 0x00, 0x00, 0x3c, 0x00, 0x01, 0x01, 0x20,
  0x00, 0x01, 0x00, 0x01, 0x01, 0x15, 0x00, 0x01, 0x00, 0x00, 0x00, 0x3d,
  0x00, 0x01, 0x00, 0x00, 0x00, 0x01, 0x00, 0x08, 0x00, 0x02, 0x26, 0x0c,
  0x00, 0x02, 0x01, 0x20, 0x00, 0x9f, 0x00, 0x06, 0x00, 0x00, 0x00, 0x01,
  0x00, 0x08, 0x00, 0x01, 0x01, 0x8e, 0x00, 0x02, 0x00, 0x0a, 0x00, 0x1c,
  0x00, 0x01, 0x00, 0x04, 0x00, 0x01, 0x01, 0x20, 0x00, 0x01, 0x00, 0x00,
  0x00, 0x01, 0x00, 0x00, 0x00, 0x3f, 0x00, 0x06, 0x00, 0x0e, 0x00, 0x1a,
  0x37, 0x38, 0x00, 0x26, 0x00, 0x32, 0x00, 0x3e, 0x00, 0x01, 0x00, 0xb1,
  0x00, 0x01, 0x00, 0x01, 0x00, 0xaf, 0x00, 0x00, 0x00, 0x01, 0x00, 0xaf,
  0x00, 0x01, 0x00, 0x01, 0x00, 0xaf, 0x00, 0x00, 0x00, 0x00, 0x00, 0x01,
  0x00, 0x02, 0x00, 0xaf, 0x00, 0xb1, 0x00, 0x00, 0x00, 0x00, 0x00, 0x01,
  0x00, 0x02, 0x00, 0xaf, 0x00, 0xa8, 0x00, 0x00, 0x00, 0x00, 0x00, 0x01,
  0x00, 0x01, 0x00, 0xaf, 0x00, 0x01, 0x00, 0x00, 0x00, 0x3f, 0x00, 0x01,
  0x00, 0x00, 0x00, 0x01, 0x00, 0x08, 0x00, 0x02, 0x01, 0x1e, 0x00, 0x02,
  0x00, 0x9c, 0x01, 0x20, 0x00, 0x06, 0x00, 0x00, 0x00, 0x01, 0x00, 0x08,
  0x00, 0x01, 0x01, 0x0c, 0x00, 0x02, 0x00, 0x0a, 0x00, 0x30, 0x00, 0x02,
  0x00, 0x06, 0x00, 0x16, 0x00, 0x02, 0x01, 0x20, 0x01, 0x20, 0x00, 0x01,
  0x00, 0x00, 0x00, 0x01, 0x00, 0x00, 0x00, 0x41, 0x00, 0x01, 0x01, 0x20,
  0x00, 0x01, 0x00, 0x01, 0x00, 0xaf, 0x00, 0x01, 0x00, 0x00, 0x00, 0x42,
  0x00, 0x06, 0x00, 0x0e, 0x01, 0x00, 0x01, 0x0e, 0x00, 0x1c, 0x00, 0x2a,
  0x00, 0x38, 0x00, 0x01, 0x00, 0xb1, 0x00, 0x01, 0x00, 0x02, 0x00, 0xaf,
  0x00, 0xaf, 0x00, 0x00, 0x00, 0x00, 0x00, 0x01, 0x00, 0x03, 0x00, 0xaf,
  0x00, 0xaf, 0x00, 0xb1, 0x00, 0x00, 0x00, 0x00, 0x00, 0x01, 0x00, 0x03,
  0x00, 0xaf, 0x00, 0xaf, 0x00, 0xa8, 0x00, 0x00, 0x00, 0x00, 0x00, 0x01,
  0x00, 0x02, 0x00, 0xaf, 0x00, 0xaf, 0x00, 0x01, 0x00, 0x00, 0x00, 0x41,
  0x00, 0x01, 0x00, 0x00, 0x00, 0x01, 0x00, 0x08, 0x00, 0x02, 0x00, 0x8c,
  0x00, 0x02, 0x00, 0x9d, 0x01, 0x20, 0x00, 0x06, 0x00, 0x00, 0x00, 0x01,
  0x00, 0x08, 0x00, 0x01, 0x00, 0x7a, 0x00, 0x02, 0x00, 0x0a, 0x00, 0x56,
  0x00, 0x06, 0x00, 0x0e, 0x00, 0x1a, 0x00, 0x26, 0x37, 0x90, 0x00, 0x32,
  0x00, 0x3e, 0x00, 0x01, 0x00, 0xaf, 0x00, 0x01, 0x00, 0x01, 0x00, 0xb1,
  0x00, 0x00, 0x00, 0x01, 0x00, 0xb1, 0x00, 0x01, 0x00, 0x01, 0x00, 0xb1,
  0x00, 0x00, 0x00, 0x01, 0x00, 0xa8, 0x00, 0x01, 0x00, 0x01, 0x00, 0xb1,
  0x00, 0x00, 0x00, 0x00, 0x00, 0x01, 0x00, 0x02, 0x00, 0xb1, 0x00, 0xaf,
  0x00, 0x00, 0x00, 0x00, 0x00, 0x01, 0x00, 0x01, 0x00, 0xb1, 0x00, 0x01,
  0x00, 0x00, 0x00, 0x44, 0x00, 0x01, 0x00, 0x04, 0x00, 0x01, 0x01, 0x20,
  0x00, 0x01, 0x00, 0x00, 0x00, 0x01, 0x00, 0x00, 0x00, 0x44, 0x00, 0x01,
  0x00, 0x00, 0x00, 0x01, 0x00, 0x08, 0x00, 0x02, 0x00, 0x0a, 0x00, 0x02,
  0x01, 0x20, 0x00, 0x8f, 0x00, 0x01, 0x00, 0x02, 0x00, 0xaf, 0x00, 0xb1,
  0x00, 0x06, 0x00, 0x00, 0x00, 0x01, 0x00, 0x08, 0x00, 0x01, 0x00, 0x7c,
  0x00, 0x01, 0x00, 0x08, 0x00, 0x05, 0x00, 0x0c, 0x00, 0x1a, 0x00, 0x28,
  0x00, 0x38, 0x00, 0x48, 0x00, 0x01, 0x00, 0xaf, 0x00, 0x01, 0x00, 0x02,
  0x00, 0xaf, 0x00, 0xaf, 0x00, 0x00, 0x00, 0x00, 0x00, 0x01, 0x00, 0x03,
  0x00, 0xaf, 0x00, 0xaf, 0x00, 0xaf, 0x00, 0x00, 0x00, 0x02, 0x01, 0x20,
  0x01, 0x20, 0x00, 0x01, 0x00, 0x00, 0x00, 0x01, 0x00, 0x00, 0x00, 0x46,
  0x00, 0x01, 0x01, 0x20, 0x00, 0x01, 0x00, 0x01, 0x00, 0xaf, 0x00, 0x01,
  0x00, 0x00, 0x00, 0x47, 0x00, 0x00, 0x00, 0x01, 0x00, 0x02, 0x00, 0xaf,
  0x00, 0xaf, 0x00, 0x01, 0x00, 0x00, 0x00, 0x47, 0x00, 0x01, 0x00, 0x00,
  0x00, 0x01, 0x00, 0x08, 0x00, 0x01, 0x00, 0x14, 0xff, 0xde, 0x00, 0x01,
  0x00, 0x00, 0x00, 0x01, 0x00, 0x08, 0x00, 0x01, 0x00, 0x06, 0x00, 0x71,
  0x00, 0x01, 0x00, 0x01, 0x00, 0xaf, 0x00, 0x06, 0x00, 0x00, 0x00, 0x01,
  0x00, 0x08, 0x00, 0x01, 0x00, 0xe8, 0x00, 0x01, 0x00, 0x08, 0x00, 0x06,
  0x00, 0x0e, 0x00, 0x1a, 0x33, 0xca, 0x00, 0x26, 0x00, 0x32, 0x00, 0x40,
  0x00, 0x01, 0x01, 0x14, 0x00, 0x01, 0x00, 0x01, 0x01, 0x14, 0x00, 0x00,
  0x00, 0x01, 0x00, 0xaa, 0x00, 0x01, 0x00, 0x01, 0x01, 0x14, 0x00, 0x00,
  0x00, 0x00, 0x00, 0x01, 0x00, 0x02, 0x01, 0x14, 0x00, 0xaa, 0x00, 0x00,
  0x00, 0x01, 0x01, 0x20, 0x00, 0x01, 0x00, 0x00, 0x00, 0x01, 0x00, 0x00,
  0x00, 0x49, 0x00, 0x00, 0x00, 0x01, 0x00, 0x01, 0x01, 0x14, 0x00, 0x01,
  0x00, 0x00, 0x00, 0x4a, 0x00, 0x01, 0x00, 0x00, 0x00, 0x01, 0x00, 0x08,
  0x00, 0x01, 0x00, 0x8a, 0xff, 0xbb, 0x00, 0x06, 0x00, 0x00, 0x00, 0x01,
  0x00, 0x08, 0x00, 0x01, 0x00, 0x7c, 0x00, 0x01, 0x00, 0x08, 0x00, 0x05,
  0x00, 0x0c, 0x00, 0x1a, 0x00, 0x28, 0x00, 0x38, 0x00, 0x48, 0x00, 0x01,
  0x01, 0x14, 0x00, 0x01, 0x00, 0x02, 0x01, 0x14, 0x01, 0x14, 0x00, 0x00,
  0x00, 0x00, 0x00, 0x01, 0x00, 0x03, 0x01, 0x14, 0x01, 0x14, 0x01, 0x14,
  0x00, 0x00, 0x00, 0x02, 0x01, 0x20, 0x01, 0x20, 0x00, 0x01, 0x00, 0x00,
  0x00, 0x01, 0x00, 0x00, 0x00, 0x4c, 0x00, 0x01, 0x01, 0x20, 0x00, 0x01,
  0x00, 0x01, 0x01, 0x14, 0x00, 0x01, 0x00, 0x00, 0x00, 0x4d, 0x00, 0x00,
  0x00, 0x01, 0x00, 0x02, 0x01, 0x14, 0x01, 0x14, 0x00, 0x01, 0x00, 0x00,
  0x00, 0x4d, 0x00, 0x01, 0x00, 0x00, 0x00, 0x01, 0x00, 0x08, 0x00, 0x01,
  0x00, 0x14, 0xff, 0xbc, 0x00, 0x01, 0x00, 0x00, 0x00, 0x01, 0x00, 0x08,
  0x00, 0x01, 0x00, 0x06, 0x00, 0x0c, 0x00, 0x01, 0x00, 0x01, 0x01, 0x14,
  0x00, 0x06, 0x00, 0x00, 0x00, 0x01, 0x00, 0x08, 0x00, 0x01, 0x20, 0x2c,
  0x00, 0x02, 0x00, 0x0a, 0x00, 0x2c, 0x00, 0x03, 0x00, 0x08, 0x37, 0xa2,
  0x00, 0x14, 0x00, 0x01, 0x00, 0xa8, 0x00, 0x01, 0x00, 0x01, 0x00, 0xad,
  0x00, 0x00, 0x00, 0x00, 0x00, 0x01, 0x00, 0x01, 0x00, 0xad, 0x00, 0x01,
  0x00, 0x00, 0x00, 0x4f, 0x00, 0x01, 0x00, 0x04, 0x00, 0x01, 0x01, 0x20,
  0x00, 0x01, 0x00, 0x00, 0x00, 0x01, 0x00, 0x00, 0x00, 0x4f, 0x00, 0x01,
  0x00, 0x00, 0x00, 0x01, 0x00, 0x08, 0x00, 0x02, 0x1f, 0xe6, 0x00, 0x02,
  0x01, 0x20, 0x00, 0x78, 0x00, 0x06, 0x00, 0x00, 0x00, 0x01, 0x00, 0x08,
  0x00, 0x01, 0x00, 0xda, 0x00, 0x01, 0x00, 0x08, 0x00, 0x05, 0x00, 0x0c,
  0x1f, 0xa0, 0x00, 0x18, 0x00, 0x24, 0x00, 0x32, 0x00, 0x01, 0x00, 0xa8,
  0x00, 0x01, 0x00, 0x01, 0x00, 0xa8, 0x00, 0x00, 0x00, 0x00, 0x00, 0x01,
  0x00, 0x02, 0x00, 0xa8, 0x01, 0x17, 0x00, 0x00, 0x00, 0x01, 0x01, 0x20,
  0x00, 0x01, 0x00, 0x00, 0x00, 0x01, 0x00, 0x00, 0x00, 0x51, 0x00, 0x00,
  0x00, 0x01, 0x00, 0x01, 0x00, 0xa8, 0x00, 0x01, 0x00, 0x00, 0x00, 0x52,
  0x00, 0x01, 0x00, 0x00, 0x00, 0x01, 0x00, 0x08, 0x00, 0x01, 0x00, 0x8a,
  0xff, 0xcd, 0x00, 0x06, 0x00, 0x00, 0x00, 0x01, 0x00, 0x08, 0x00, 0x01,
  0x00, 0x7c, 0x00, 0x01, 0x00, 0x08, 0x00, 0x05, 0x00, 0x0c, 0x00, 0x1a,
  0x00, 0x28, 0x00, 0x38, 0x00, 0x48, 0x00, 0x01, 0x00, 0xa8, 0x00, 0x01,
  0x00, 0x02, 0x00, 0xa8, 0x00, 0xa8, 0x00, 0x00, 0x00, 0x00, 0x00, 0x01,
  0x00, 0x03, 0x00, 0xa8, 0x00, 0xa8, 0x00, 0xa8, 0x00, 0x00, 0x00, 0x02,
  0x01, 0x20, 0x01, 0x20, 0x00, 0x01, 0x00, 0x00, 0x00, 0x01, 0x00, 0x00,
  0x00, 0x54, 0x00, 0x01, 0x01, 0x20, 0x00, 0x01, 0x00, 0x01, 0x00, 0xa8,
  0x00, 0x01, 0x00, 0x00, 0x00, 0x55, 0x00, 0x00, 0x00, 0x01, 0x00, 0x02,
  0x00, 0xa8, 0x00, 0xa8, 0x00, 0x01, 0x00, 0x00, 0x00, 0x55, 0x00, 0x01,
  0x00, 0x00, 0x00, 0x01, 0x00, 0x08, 0x00, 0x01, 0x00, 0x14, 0xff, 0xce,
  0x00, 0x01, 0x00, 0x00, 0x00, 0x01, 0x00, 0x08, 0x00, 0x01, 0x00, 0x06,
  0x00, 0x78, 0x00, 0x01, 0x00, 0x01, 0x00, 0xa8, 0x00, 0x06, 0x00, 0x00,
  0x00, 0x01, 0x00, 0x08, 0x00, 0x01, 0x00, 0x76, 0x00, 0x02, 0x00, 0x0a,
  0x00, 0x50, 0x00, 0x04, 0x00, 0x0a, 0x00, 0x18, 0x00, 0x26, 0x00, 0x36,
  0x00, 0x01, 0x00, 0xa8, 0x00, 0x01, 0x00, 0x02, 0x00, 0xa8, 0x01, 0x17,
  0x00, 0x00, 0x00, 0x00, 0x00, 0x01, 0x00, 0x03, 0x00, 0xa8, 0x01, 0x17,
  0x01, 0x17, 0x00, 0x00, 0x00, 0x01, 0x01, 0x20, 0x00, 0x01, 0x00, 0x01,
  0x01, 0x17, 0x00, 0x01, 0x00, 0x00, 0x00, 0x57, 0x00, 0x00, 0x00, 0x01,
  0x00, 0x02, 0x00, 0xa8, 0x01, 0x17, 0x00, 0x01, 0x00, 0x00, 0x00, 0x57,
  0x00, 0x01, 0x00, 0x04, 0x00, 0x02, 0x01, 0x20, 0x01, 0x20, 0x00, 0x01,
  0x00, 0x00, 0x00, 0x01, 0x00, 0x00, 0x00, 0x57, 0x00, 0x01, 0x00, 0x00,
  0x00, 0x01, 0x00, 0x08, 0x00, 0x02, 0x00, 0x0a, 0x00, 0x02, 0x01, 0x20,
  0x00, 0x77, 0x00, 0x01, 0x00, 0x02, 0x00, 0xa8, 0x01, 0x17, 0x00, 0x06,
  0x00, 0x00, 0x00, 0x01, 0x00, 0x08, 0x00, 0x01, 0x00, 0xae, 0x00, 0x03,
  0x00, 0x0c, 0x00, 0x22, 0x00, 0x4c, 0x00, 0x01, 0x00, 0x04, 0x00, 0x01,
  0x01, 0x20, 0x00, 0x01, 0x00, 0x02, 0x00, 0xb4, 0x00, 0xb4, 0x00, 0x01,
  0x00, 0x00, 0x00, 0x59, 0x00, 0x02, 0x00, 0x06, 0x00, 0x18, 0x00, 0x03,
  0x01, 0x20, 0x01, 0x20, 0x01, 0x20, 0x00, 0x01, 0x00, 0x00, 0x00, 0x01,
  0x00, 0x00, 0x00, 0x59, 0x00, 0x02, 0x01, 0x20, 0x01, 0x20, 0x00, 0x01,
  0x00, 0x01, 0x00, 0xb4, 0x00, 0x01, 0x00, 0x00, 0x00, 0x5a, 0x00, 0x04,
  0x00, 0x0a, 0x00, 0x1a, 0x00, 0x2c, 0x00, 0x3c, 0x00, 0x01, 0x01, 0x17,
  0x00, 0x01, 0x00, 0x03, 0x00, 0xac, 0x00, 0xb4, 0x00, 0xb4, 0x00, 0x00,
  0x00, 0x02, 0x00, 0xad, 0x00, 0xb6, 0x00, 0x01, 0x00, 0x03, 0x00, 0xac,
  0x00, 0xb4, 0x00, 0xb4, 0x00, 0x00, 0x00, 0x00, 0x00, 0x01, 0x00, 0x04,
  0x00, 0xac, 0x00, 0xb4, 0x00, 0xb4, 0x00, 0xb4, 0x00, 0x00, 0x00, 0x00,
  0x00, 0x01, 0x00, 0x03, 0x00, 0xac, 0x00, 0xb4, 0x00, 0xb4, 0x00, 0x01,
  0x00, 0x00, 0x00, 0x59, 0x00, 0x01, 0x00, 0x00, 0x00, 0x01, 0x00, 0x08,
  0x00, 0x02, 0x00, 0x0c, 0x00, 0x03, 0x01, 0x20, 0x00, 0xed, 0x01, 0x20,
  0x00, 0x01, 0x00, 0x03, 0x00, 0xac, 0x00, 0xb4, 0x01, 0x17, 0x00, 0x06,
  0x00, 0x00, 0x00, 0x01, 0x00, 0x08, 0x00, 0x01, 0x28, 0x06, 0x00, 0x02,
  0x00, 0x0a, 0x00, 0x1e, 0x00, 0x01, 0x00, 0x04, 0x00, 0x02, 0x01, 0x20,
  0x01, 0x20, 0x00, 0x01, 0x00, 0x00, 0x00, 0x01, 0x00, 0x00, 0x00, 0x5c,
  0x00, 0x04, 0x00, 0x0a, 0x00, 0x18, 0x00, 0x26, 0x00, 0x36, 0x00, 0x01,
  0x01, 0x17, 0x00, 0x01, 0x00, 0x02, 0x01, 0x17, 0x00, 0xb4, 0x00, 0x00,
  0x00, 0x00, 0x00, 0x01, 0x00, 0x03, 0x01, 0x17, 0x00, 0xb4, 0x00, 0xb4,
  0x00, 0x00, 0x00, 0x01, 0x01, 0x20, 0x00, 0x01, 0x00, 0x01, 0x00, 0xb4,
  0x00, 0x01, 0x00, 0x00, 0x00, 0x5c, 0x00, 0x00, 0x00, 0x01, 0x00, 0x02,
  0x01, 0x17, 0x00, 0xb4, 0x00, 0x01, 0x00, 0x00, 0x00, 0x5c, 0x00, 0x01,
  0x00, 0x00, 0x00, 0x01, 0x00, 0x08, 0x00, 0x02, 0x27, 0x9a, 0x00, 0x02,
  0x01, 0x01, 0x01, 0x20, 0x00, 0x06, 0x00, 0x00, 0x00, 0x0a, 0x00, 0x1a,
  0x00, 0x2a, 0x00, 0x3a, 0x00, 0x4c, 0x00, 0x60, 0x00, 0x76, 0x00, 0x86,
  0x00, 0x96, 0x00, 0xa6, 0x00, 0xbe, 0x00, 0x03, 0x00, 0x01, 0x28, 0x24,
  0x00, 0x01, 0x28, 0x24, 0x00, 0x01, 0x1a, 0xac, 0x00, 0x00, 0x00, 0x03,
  0x00, 0x00, 0x00, 0x01, 0x28, 0x14, 0x00, 0x02, 0x1a, 0x9c, 0x1a, 0x9c,
  0x00, 0x00, 0x00, 0x03, 0x00, 0x00, 0x00, 0x01, 0x28, 0x04, 0x00, 0x03,
  0x1a, 0x8c, 0x38, 0x18, 0x25, 0x32, 0x00, 0x00, 0x00, 0x03, 0x00, 0x00,
  0x00, 0x01, 0x27, 0xf2, 0x00, 0x04, 0x1a, 0x7a, 0x38, 0x06, 0x38, 0x06,
  0x25, 0x20, 0x00, 0x00, 0x00, 0x03, 0x00, 0x00, 0x00, 0x01, 0x27, 0xde,
  0x00, 0x05, 0x1a, 0x66, 0x37, 0xf2, 0x37, 0xf2, 0x37, 0xf2, 0x25, 0x0c,
  0x00, 0x00, 0x00, 0x03, 0x00, 0x00, 0x00, 0x01, 0x27, 0xc8, 0x00, 0x02,
  0x1a, 0x50, 0x27, 0xc8, 0x00, 0x00, 0x00, 0x03, 0x00, 0x00, 0x00, 0x01,
  0x27, 0xb8, 0x00, 0x02, 0x1a, 0x40, 0x18, 0xb2, 0x00, 0x00, 0x00, 0x03,
  0x00, 0x00, 0x00, 0x01, 0x27, 0xa8, 0x00, 0x02, 0x1a, 0x30, 0x24, 0xd6,
  0x00, 0x00, 0x00, 0x03, 0x00, 0x01, 0x00, 0x12, 0x00, 0x01, 0x1a, 0x20,
  0x00, 0x00, 0x00, 0x01, 0x00, 0x00, 0x00, 0x5e, 0x00, 0x01, 0x00, 0x01,
  0x01, 0x20, 0x00, 0x03, 0x00, 0x00, 0x00, 0x01, 0x27, 0x80, 0x00, 0x01,
  0x1a, 0x08, 0x00, 0x01, 0x00, 0x00, 0x00, 0x5e, 0x00, 0x01, 0x00, 0x00,
  0x00, 0x01, 0x00, 0x08, 0x00, 0x02, 0x26, 0xb8, 0x00, 0x02, 0x00, 0xe6,
  0x01, 0x20, 0x00, 0x06, 0x00, 0x00, 0x00, 0x01, 0x00, 0x08, 0x00, 0x01,
  0x00, 0x9a, 0x00, 0x03, 0x00, 0x0c, 0x00, 0x22, 0x00, 0x4c, 0x00, 0x01,
  0x00, 0x04, 0x00, 0x01, 0x01, 0x20, 0x00, 0x01, 0x00, 0x02, 0x00, 0xb4,
  0x00, 0xb4, 0x00, 0x01, 0x00, 0x00, 0x00, 0x60, 0x00, 0x02, 0x00, 0x06,
  0x00, 0x18, 0x00, 0x03, 0x01, 0x20, 0x01, 0x20, 0x01, 0x20, 0x00, 0x01,
  0x00, 0x00, 0x00, 0x01, 0x00, 0x00, 0x00, 0x60, 0x00, 0x02, 0x01, 0x20,
  0x01, 0x20, 0x00, 0x01, 0x00, 0x01, 0x00, 0xb4, 0x00, 0x01, 0x00, 0x00,
  0x00, 0x61, 0x00, 0x03, 0x00, 0x08, 0x00, 0x18, 0x00, 0x28, 0x00, 0x01,
  0x01, 0x17, 0x00, 0x01, 0x00, 0x03, 0x00, 0xb0, 0x00, 0xb4, 0x00, 0xb4,
  0x00, 0x00, 0x00, 0x00, 0x00, 0x01, 0x00, 0x04, 0x00, 0xb0, 0x00, 0xb4,
  0x00, 0xb4, 0x00, 0xb4, 0x00, 0x00, 0x00, 0x00, 0x00, 0x01, 0x00, 0x03,
  0x00, 0xb0, 0x00, 0xb4, 0x00, 0xb4, 0x00, 0x01, 0x00, 0x00, 0x00, 0x60,
  0x00, 0x01, 0x00, 0x00, 0x00, 0x01, 0x00, 0x08, 0x00, 0x02, 0x00, 0x0c,
  0x00, 0x03, 0x01, 0x20, 0x00, 0xf6, 0x01, 0x20, 0x00, 0x01, 0x00, 0x03,
  0x00, 0xb0, 0x00, 0xb4, 0x01, 0x17, 0x00, 0x06, 0x00, 0x00, 0x00, 0x01,
  0x00, 0x08, 0x00, 0x01, 0x00, 0x42, 0x00, 0x02, 0x00, 0x0a, 0x00, 0x1c,
  0x00, 0x01, 0x00, 0x04, 0x00, 0x01, 0x01, 0x20, 0x00, 0x01, 0x00, 0x00,
  0x00, 0x01, 0x00, 0x00, 0x00, 0x63, 0x00, 0x02, 0x06, 0xc4, 0x00, 0x06,
  0x00, 0x00, 0x00, 0x01, 0x00, 0x01, 0x01, 0x16, 0x00, 0x01, 0x00, 0x00,
  0x00, 0x63, 0x00, 0x01, 0x00, 0x00, 0x00, 0x01, 0x00, 0x08, 0x00, 0x02,
  0x00, 0x0a, 0x00, 0x02, 0x00, 0xff, 0x01, 0x20, 0x00, 0x01, 0x00, 0x02,
  0x01, 0x16, 0x01, 0x17, 0x00, 0x06, 0x00, 0x00, 0x00, 0x01, 0x00, 0x08,
  0x00, 0x01, 0x10, 0x3c, 0x00, 0x02, 0x00, 0x0a, 0x00, 0x1c, 0x00, 0x01,
  0x00, 0x04, 0x00, 0x01, 0x01, 0x20, 0x00, 0x01, 0x00, 0x00, 0x00, 0x01,
  0x00, 0x00, 0x00, 0x65, 0x00, 0x04, 0x00, 0x0a, 0x00, 0x16, 0x33, 0xfe,
  0x00, 0x22, 0x00, 0x01, 0x01, 0x17, 0x00, 0x01, 0x00, 0x01, 0x00, 0xaa,
  0x00, 0x00, 0x00, 0x00, 0x00, 0x01, 0x00, 0x02, 0x00, 0xaa, 0x01, 0x17,
  0x00, 0x00, 0x00, 0x00, 0x00, 0x01, 0x00, 0x01, 0x00, 0xaa, 0x00, 0x01,
  0x00, 0x00, 0x00, 0x65, 0x00, 0x01, 0x00, 0x00, 0x00, 0x01, 0x00, 0x08,
  0x00, 0x02, 0x0f, 0xe8, 0x00, 0x02, 0x00, 0xeb, 0x01, 0x20, 0x00, 0x06,
  0x00, 0x00, 0x00, 0x01, 0x00, 0x08, 0x00, 0x01, 0x0f, 0xd6, 0x00, 0x02,
  0x00, 0x0a, 0x00, 0x1e, 0x00, 0x01, 0x00, 0x04, 0x00, 0x01, 0x01, 0x20,
  0x00, 0x01, 0x00, 0x01, 0x01, 0x17, 0x00, 0x01, 0x00, 0x00, 0x00, 0x67,
  0x00, 0x04, 0x00, 0x0a, 0x00, 0x18, 0x00, 0x26, 0x00, 0x36, 0x00, 0x01,
  0x01, 0x17, 0x00, 0x01, 0x00, 0x02, 0x00, 0xaa, 0x01, 0x17, 0x00, 0x00,
  0x00, 0x00, 0x00, 0x01, 0x00, 0x03, 0x00, 0xaa, 0x01, 0x17, 0x01, 0x17,
  0x00, 0x00, 0x00, 0x02, 0x01, 0x20, 0x01, 0x20, 0x00, 0x01, 0x00, 0x00,
  0x00, 0x01, 0x00, 0x00, 0x00, 0x67, 0x00, 0x00, 0x00, 0x01, 0x00, 0x02,
  0x00, 0xaa, 0x01, 0x17, 0x00, 0x01, 0x00, 0x00, 0x00, 0x68, 0x00, 0x01,
  0x00, 0x00, 0x00, 0x01, 0x00, 0x08, 0x00, 0x02, 0x0f, 0x6a, 0x00, 0x02,
  0x01, 0x20, 0x00, 0xec, 0x00, 0x06, 0x00, 0x00, 0x00, 0x01, 0x00, 0x08,
  0x00, 0x01, 0x25, 0x72, 0x00, 0x01, 0x00, 0x08, 0x00, 0x08, 0x23, 0xf6,
  0x23, 0xea, 0x00, 0x12, 0x24, 0x0e, 0x00, 0x1e, 0x00, 0x2a, 0x00, 0x36,
  0x00, 0x44, 0x00, 0x01, 0x01, 0x15, 0x00, 0x01, 0x00, 0x01, 0x01, 0x17,
  0x00, 0x00, 0x00, 0x00, 0x00, 0x01, 0x00, 0x02, 0x01, 0x17, 0x01, 0x15,
  0x00, 0x00, 0x00, 0x00, 0x00, 0x01, 0x00, 0x02, 0x01, 0x17, 0x01, 0x18,
  0x00, 0x00, 0x00, 0x01, 0x01, 0x20, 0x00, 0x01, 0x00, 0x00, 0x00, 0x01,
  0x00, 0x00, 0x00, 0x6a, 0x00, 0x00, 0x00, 0x01, 0x00, 0x01, 0x01, 0x17,
  0x00, 0x01, 0x00, 0x00, 0x00, 0x6b, 0x00, 0x01, 0x00, 0x00, 0x00, 0x01,
  0x00, 0x08, 0x00, 0x01, 0x25, 0x10, 0xff, 0xe9, 0x00, 0x06, 0x00, 0x00,
  0x00, 0x01, 0x00, 0x08, 0x00, 0x01, 0x25, 0x02, 0x00, 0x01, 0x00, 0x08,
  0x00, 0x05, 0x00, 0x0c, 0x24, 0x8e, 0x00, 0x1a, 0x00, 0x2a, 0x00, 0x3a,
  0x00, 0x01, 0x01, 0x17, 0x00, 0x01, 0x00, 0x02, 0x01, 0x17, 0x01, 0x17,
  0x00, 0x00, 0x00, 0x02, 0x01, 0x20, 0x01, 0x20, 0x00, 0x01, 0x00, 0x00,
  0x00, 0x01, 0x00, 0x00, 0x00, 0x6d, 0x00, 0x01, 0x01, 0x20, 0x00, 0x01,
  0x00, 0x01, 0x01, 0x17, 0x00, 0x01, 0x00, 0x00, 0x00, 0x6e, 0x00, 0x00,
  0x00, 0x01, 0x00, 0x02, 0x01, 0x17, 0x01, 0x17, 0x00, 0x01, 0x00, 0x00,
  0x00, 0x6e, 0x00, 0x01, 0x00, 0x00, 0x00, 0x01, 0x00, 0x08, 0x00, 0x01,
  0x24, 0xa8, 0xff, 0xec, 0x00, 0x06, 0x00, 0x00, 0x00, 0x01, 0x00, 0x08,
  0x00, 0x01, 0x27, 0x78, 0x00, 0x02, 0x00, 0x0a, 0x00, 0x50, 0x00, 0x04,
  0x00, 0x0a, 0x00, 0x18, 0x00, 0x26, 0x00, 0x36, 0x00, 0x01, 0x01, 0x17,
  0x00, 0x01, 0x00, 0x02, 0x01, 0x17, 0x01, 0x18, 0x00, 0x00, 0x00, 0x00,
  0x00, 0x01, 0x00, 0x03, 0x01, 0x17, 0x01, 0x18, 0x01, 0x18, 0x00, 0x00,
  0x00, 0x01, 0x01, 0x20, 0x00, 0x01, 0x00, 0x01, 0x01, 0x18, 0x00, 0x01,
  0x00, 0x00, 0x00, 0x70, 0x00, 0x00, 0x00, 0x01, 0x00, 0x02, 0x01, 0x17,
  0x01, 0x18, 0x00, 0x01, 0x00, 0x00, 0x00, 0x70, 0x00, 0x01, 0x00, 0x04,
  0x00, 0x02, 0x01, 0x20, 0x01, 0x20, 0x00, 0x01, 0x00, 0x00, 0x00, 0x01,
  0x00, 0x00, 0x00, 0x70, 0x00, 0x01, 0x00, 0x00, 0x00, 0x01, 0x00, 0x08,
  0x00, 0x02, 0x27, 0x0c, 0x00, 0x02, 0x01, 0x20, 0x01, 0x04, 0x00, 0x06,
  0x00, 0x00, 0x00, 0x01, 0x00, 0x08, 0x00, 0x01, 0x1d, 0x9c, 0x00, 0x03,
  0x00, 0x0c, 0x00, 0x20, 0x00, 0x34, 0x00, 0x01, 0x00, 0x04, 0x00, 0x01,
  0x01, 0x20, 0x00, 0x01, 0x00, 0x01, 0x01, 0x16, 0x00, 0x01, 0x00, 0x00,
  0x00, 0x72, 0x00, 0x01, 0x00, 0x04, 0x00, 0x02, 0x01, 0x20, 0x01, 0x20,
  0x00, 0x01, 0x00, 0x00, 0x00, 0x01, 0x00, 0x00, 0x00, 0x72, 0x00, 0x04,
  0x00, 0x0a, 0x1d, 0xc2, 0x25, 0x46, 0x00, 0x18, 0x00, 0x01, 0x01, 0x17,
  0x00, 0x01, 0x00, 0x02, 0x01, 0x15, 0x01, 0x16, 0x00, 0x00, 0x00, 0x00,
  0x00, 0x01, 0x00, 0x02, 0x01, 0x15, 0x01, 0x16, 0x00, 0x01, 0x00, 0x00,
  0x00, 0x72, 0x00, 0x01, 0x00, 0x00, 0x00, 0x01, 0x00, 0x08, 0x00, 0x02,
  0x1d, 0x38, 0x00, 0x03, 0x01, 0x20, 0x00, 0xfd, 0x01, 0x20, 0x00, 0x06,
  0x00, 0x00, 0x00, 0x01, 0x00, 0x08, 0x00, 0x01, 0x00, 0x6e, 0x00, 0x03,
  0x00, 0x0c, 0x00, 0x20, 0x00, 0x34, 0x00, 0x01, 0x00, 0x04, 0x00, 0x01,
  0x01, 0x20, 0x00, 0x01, 0x00, 0x01, 0x01, 0x16, 0x00, 0x01, 0x00, 0x00,
  0x00, 0x74, 0x00, 0x01, 0x00, 0x04, 0x00, 0x02, 0x01, 0x20, 0x01, 0x20,
  0x00, 0x01, 0x00, 0x00, 0x00, 0x01, 0x00, 0x00, 0x00, 0x74, 0x00, 0x03,
  0x00, 0x08, 0x25, 0x70, 0x00, 0x16, 0x00, 0x01, 0x01, 0x17, 0x00, 0x01,
  0x00, 0x02, 0x00, 0xb4, 0x01, 0x16, 0x00, 0x00, 0x00, 0x00, 0x00, 0x01,
  0x00, 0x02, 0x00, 0xb4, 0x01, 0x16, 0x00, 0x01, 0x00, 0x00, 0x00, 0x74,
  0x00, 0x01, 0x00, 0x00, 0x00, 0x01, 0x00, 0x08, 0x00, 0x02, 0x00, 0x0c,
  0x00, 0x03, 0x01, 0x20, 0x00, 0xe9, 0x01, 0x20, 0x00, 0x01, 0x00, 0x03,
  0x00, 0xb4, 0x01, 0x16, 0x01, 0x17, 0x00, 0x06, 0x00, 0x00, 0x00, 0x01,
  0x00, 0x08, 0x00, 0x01, 0x01, 0x7c, 0x00, 0x02, 0x00, 0x0a, 0x00, 0x48,
  0x00, 0x03, 0x00, 0x08, 0x00, 0x1a, 0x00, 0x2c, 0x00, 0x03, 0x01, 0x20,
  0x01, 0x20, 0x01, 0x20, 0x00, 0x01, 0x00, 0x00, 0x00, 0x01, 0x00, 0x00,
  0x00, 0x76, 0x00, 0x02, 0x01, 0x20, 0x01, 0x20, 0x00, 0x01, 0x00, 0x01,
  0x01, 0x12, 0x00, 0x01, 0x00, 0x00, 0x00, 0x77, 0x00, 0x01, 0x01, 0x20,
  0x00, 0x01, 0x00, 0x02, 0x01, 0x12, 0x01, 0x12, 0x00, 0x01, 0x00, 0x00,
  0x00, 0x77, 0x00, 0x03, 0x00, 0x08, 0x00, 0x18, 0x00, 0x28, 0x00, 0x01,
  0x01, 0x17, 0x00, 0x01, 0x00, 0x03, 0x01, 0x12, 0x01, 0x12, 0x01, 0x12,
  0x00, 0x00, 0x00, 0x00, 0x00, 0x01, 0x00, 0x04, 0x01, 0x12, 0x01, 0x12,
  0x01, 0x12, 0x01, 0x12, 0x00, 0x00, 0x00, 0x00, 0x00, 0x01, 0x00, 0x03,
  0x01, 0x12, 0x01, 0x12, 0x01, 0x12, 0x00, 0x01, 0x00, 0x00, 0x00, 0x76,
  0x00, 0x01, 0x00, 0x00, 0x00, 0x01, 0x00, 0x08, 0x00, 0x02, 0x00, 0xf2,
  0x00, 0x02, 0x00, 0xf2, 0x01, 0x20, 0x00, 0x06, 0x00, 0x00, 0x00, 0x01,
  0x00, 0x08, 0x00, 0x01, 0x00, 0xe0, 0x00, 0x02, 0x00, 0x0a, 0x00, 0x30,
  0x00, 0x02, 0x00, 0x06, 0x00, 0x16, 0x00, 0x02, 0x01, 0x20, 0x01, 0x20,
  0x00, 0x01, 0x00, 0x00, 0x00, 0x01, 0x00, 0x00, 0x00, 0x79, 0x00, 0x01,
  0x01, 0x20, 0x00, 0x01, 0x00, 0x01, 0x01, 0x12, 0x00, 0x01, 0x00, 0x00,
  0x00, 0x7a, 0x00, 0x04, 0x00, 0x0a, 0x00, 0x76, 0x00, 0x18, 0x00, 0x26,
  0x00, 0x01, 0x01, 0x17, 0x00, 0x01, 0x00, 0x02, 0x01, 0x12, 0x01, 0x12,
  0x00, 0x00, 0x00, 0x00, 0x00, 0x01, 0x00, 0x03, 0x01, 0x12, 0x01, 0x12,
  0x01, 0x16, 0x00, 0x00, 0x00, 0x00, 0x00, 0x01, 0x00, 0x02, 0x01, 0x12,
  0x01, 0x12, 0x00, 0x01, 0x00, 0x00, 0x00, 0x79, 0x00, 0x01, 0x00, 0x00,
  0x00, 0x01, 0x00, 0x08, 0x00, 0x02, 0x00, 0x72, 0x00, 0x02, 0x00, 0xf1,
  0x01, 0x20, 0x00, 0x06, 0x00, 0x00, 0x00, 0x01, 0x00, 0x08, 0x00, 0x01,
  0x00, 0x60, 0x00, 0x02, 0x00, 0x0a, 0x00, 0x1c, 0x00, 0x01, 0x00, 0x04,
  0x00, 0x01, 0x01, 0x20, 0x00, 0x01, 0x00, 0x00, 0x00, 0x01, 0x00, 0x00,
  0x00, 0x7c, 0x00, 0x04, 0x00, 0x74, 0x00, 0x0a, 0x00, 0x18, 0x00, 0x24,
  0x00, 0x00, 0x00, 0x01, 0x00, 0x03, 0x01, 0x12, 0x01, 0x12, 0x01, 0x12,
  0x00, 0x00, 0x00, 0x00, 0x00, 0x01, 0x00, 0x02, 0x01, 0x12, 0x01, 0x16,
  0x00, 0x00, 0x00, 0x00, 0x00, 0x01, 0x00, 0x01, 0x01, 0x12, 0x00, 0x01,
  0x00, 0x00, 0x00, 0x7c, 0x00, 0x01, 0x00, 0x00, 0x00, 0x01, 0x00, 0x08,
  0x00, 0x02, 0x00, 0x0a, 0x00, 0x02, 0x00, 0xf0, 0x01, 0x20, 0x00, 0x01,
  0x00, 0x02, 0x01, 0x12, 0x01, 0x17, 0x00, 0x06, 0x00, 0x00, 0x00, 0x01,
  0x00, 0x08, 0x00, 0x01, 0x11, 0xa2, 0x00, 0x02, 0x00, 0x0a, 0x00, 0x3a,
  0x00, 0x04, 0x00, 0x0a, 0x00, 0x16, 0x12, 0x2c, 0x00, 0x22, 0x00, 0x01,
  0x00, 0xb4, 0x00, 0x01, 0x00, 0x01, 0x01, 0x12, 0x00, 0x00, 0x00, 0x01,
  0x01, 0x17, 0x00, 0x01, 0x00, 0x01, 0x01, 0x12, 0x00, 0x00, 0x00, 0x00,
  0x00, 0x01, 0x00, 0x01, 0x01, 0x12, 0x00, 0x01, 0x00, 0x00, 0x00, 0x7e,
  0x00, 0x01, 0x00, 0x04, 0x00, 0x01, 0x01, 0x20, 0x00, 0x01, 0x00, 0x00,
  0x00, 0x01, 0x00, 0x00, 0x00, 0x7e, 0x00, 0x01, 0x00, 0x00, 0x00, 0x01,
  0x00, 0x08, 0x00, 0x02, 0x11, 0x4e, 0x00, 0x02, 0x01, 0x20, 0x00, 0x66,
  0x00, 0x06, 0x00, 0x00, 0x00, 0x01, 0x00, 0x08, 0x00, 0x01, 0x1e, 0x4a,
  0x00, 0x02, 0x00, 0x0a, 0x00, 0x30, 0x00, 0x03, 0x00, 0x08, 0x1b, 0x92,
  0x00, 0x16, 0x00, 0x01, 0x00, 0xb4, 0x00, 0x01, 0x00, 0x02, 0x01, 0x16,
  0x01, 0x16, 0x00, 0x00, 0x00, 0x00, 0x00, 0x01, 0x00, 0x02, 0x01, 0x16,
  0x01, 0x16, 0x00, 0x01, 0x00, 0x00, 0x00, 0x80, 0x00, 0x02, 0x00, 0x06,
  0x00, 0x16, 0x00, 0x02, 0x01, 0x20, 0x01, 0x20, 0x00, 0x01, 0x00, 0x00,
  0x00, 0x01, 0x00, 0x00, 0x00, 0x80, 0x00, 0x01, 0x01, 0x20, 0x00, 0x01,
  0x00, 0x01, 0x01, 0x16, 0x00, 0x01, 0x00, 0x00, 0x00, 0x81, 0x00, 0x01,
  0x00, 0x00, 0x00, 0x01, 0x00, 0x08, 0x00, 0x02, 0x1d, 0xec, 0x00, 0x02,
  0x01, 0x20, 0x00, 0x68, 0x00, 0x06, 0x00, 0x00, 0x00, 0x01, 0x00, 0x08,
  0x00, 0x01, 0x1d, 0xda, 0x00, 0x02, 0x00, 0x0a, 0x00, 0x44, 0x00, 0x05,
  0x11, 0xd8, 0x00, 0x0c, 0x22, 0xb8, 0x00, 0x1a, 0x00, 0x2a, 0x00, 0x01,
  0x00, 0xb4, 0x00, 0x01, 0x00, 0x02, 0x00, 0xb4, 0x01, 0x16, 0x00, 0x00,
  0x00, 0x01, 0x01, 0x20, 0x00, 0x01, 0x00, 0x01, 0x01, 0x16, 0x00, 0x01,
  0x00, 0x00, 0x00, 0x83, 0x00, 0x00, 0x00, 0x01, 0x00, 0x02, 0x00, 0xb4,
  0x01, 0x16, 0x00, 0x01, 0x00, 0x00, 0x00, 0x83, 0x00, 0x01, 0x00, 0x04,
  0x00, 0x02, 0x01, 0x20, 0x01, 0x20, 0x00, 0x01, 0x00, 0x00, 0x00, 0x01,
  0x00, 0x00, 0x00, 0x83, 0x00, 0x01, 0x00, 0x00, 0x00, 0x01, 0x00, 0x08,
  0x00, 0x02, 0x1d, 0x7a, 0x00, 0x02, 0x01, 0x20, 0x00, 0x65, 0x00, 0x06,
  0x00, 0x00, 0x00, 0x01, 0x00, 0x08, 0x00, 0x01, 0x1d, 0x68, 0x00, 0x02,
  0x00, 0x0a, 0x00, 0x34, 0x00, 0x07, 0x06, 0xfa, 0x00, 0x10, 0x07, 0x12,
  0x0e, 0xb4, 0x2a, 0xf6, 0x28, 0x36, 0x00, 0x1c, 0x00, 0x01, 0x00, 0xb4,
  0x00, 0x01, 0x00, 0x01, 0x01, 0x16, 0x00, 0x00, 0x00, 0x00, 0x00, 0x01,
  0x00, 0x01, 0x01, 0x16, 0x00, 0x01, 0x00, 0x00, 0x00, 0x85, 0x00, 0x01,
  0x00, 0x04, 0x00, 0x01, 0x01, 0x20, 0x00, 0x01, 0x00, 0x00, 0x00, 0x01,
  0x00, 0x00, 0x00, 0x85, 0x00, 0x01, 0x00, 0x00, 0x00, 0x01, 0x00, 0x08,
  0x00, 0x02, 0x1d, 0x1a, 0x00, 0x02, 0x01, 0x20, 0x00, 0x67, 0x00, 0x06,
  0x00, 0x00, 0x00, 0x01, 0x00, 0x08, 0x00, 0x01, 0x1d, 0x1e, 0x00, 0x01,
  0x00, 0x08, 0x00, 0x09, 0x06, 0xb4, 0x2a, 0x98, 0x06, 0xde, 0x00, 0x14,
  0x06, 0xa8, 0x2a, 0x8c, 0x00, 0x20, 0x00, 0x2c, 0x00, 0x3a, 0x00, 0x00,
  0x00, 0x01, 0x00, 0x02, 0x01, 0x16, 0x00, 0xb4, 0x00, 0x00, 0x00, 0x01,
  0x01, 0x17, 0x00, 0x01, 0x00, 0x01, 0x01, 0x16, 0x00, 0x00, 0x00, 0x01,
  0x01, 0x20, 0x00, 0x01, 0x00, 0x00, 0x00, 0x01, 0x00, 0x00, 0x00, 0x87,
  0x00, 0x00, 0x00, 0x01, 0x00, 0x01, 0x01, 0x16, 0x00, 0x01, 0x00, 0x00,
  0x00, 0x88, 0x00, 0x01, 0x00, 0x00, 0x00, 0x01, 0x00, 0x08, 0x00, 0x01,
  0x1c, 0xc6, 0xff, 0xcc, 0x00, 0x06, 0x00, 0x00, 0x00, 0x01, 0x00, 0x08,
  0x00, 0x01, 0x1c, 0xb8, 0x00, 0x01, 0x00, 0x08, 0x00, 0x05, 0x00, 0x0c,
  0x19, 0xec, 0x00, 0x1a, 0x00, 0x2a, 0x00, 0x3a, 0x00, 0x01, 0x01, 0x16,
  0x00, 0x01, 0x00, 0x02, 0x01, 0x16, 0x01, 0x16, 0x00, 0x00, 0x00, 0x02,
  0x01, 0x20, 0x01, 0x20, 0x00, 0x01, 0x00, 0x00, 0x00, 0x01, 0x00, 0x00,
  0x00, 0x8a, 0x00, 0x01, 0x01, 0x20, 0x00, 0x01, 0x00, 0x01, 0x01, 0x16,
  0x00, 0x01, 0x00, 0x00, 0x00, 0x8b, 0x00, 0x00, 0x00, 0x01, 0x00, 0x02,
  0x01, 0x16, 0x01, 0x16, 0x00, 0x01, 0x00, 0x00, 0x00, 0x8b, 0x00, 0x01,
  0x00, 0x00, 0x00, 0x01, 0x00, 0x08, 0x00, 0x01, 0x1c, 0x5e, 0xff, 0xcf,
  0x00, 0x06, 0x00, 0x00, 0x00, 0x01, 0x00, 0x08, 0x00, 0x01, 0x1a, 0xd0,
  0x00, 0x02, 0x00, 0x0a, 0x00, 0x1c, 0x00, 0x01, 0x00, 0x04, 0x00, 0x01,
  0x01, 0x20, 0x00, 0x01, 0x00, 0x00, 0x00, 0x01, 0x00, 0x00, 0x00, 0x8d,
  0x00, 0x05, 0x00, 0x0c, 0x2d, 0x24, 0x14, 0x84, 0x01, 0x74, 0x00, 0x18,
  0x00, 0x01, 0x01, 0x16, 0x00, 0x01, 0x00, 0x01, 0x01, 0x15, 0x00, 0x00,
  0x00, 0x00, 0x00, 0x01, 0x00, 0x01, 0x01, 0x15, 0x00, 0x01, 0x00, 0x00,
  0x00, 0x8d, 0x00, 0x01, 0x00, 0x00, 0x00, 0x01, 0x00, 0x08, 0x00, 0x02,
  0x1a, 0x86, 0x00, 0x02, 0x00, 0xe0, 0x01, 0x20, 0x00, 0x06, 0x00, 0x00,
  0x00, 0x01, 0x00, 0x08, 0x00, 0x01, 0x08, 0x4a, 0x00, 0x02, 0x00, 0x0a,
  0x00, 0x1c, 0x00, 0x01, 0x00, 0x04, 0x00, 0x01, 0x01, 0x20, 0x00, 0x01,
  0x00, 0x00, 0x00, 0x01, 0x00, 0x00, 0x00, 0x8f, 0x00, 0x03, 0x00, 0x08,
  0x2c, 0x6e, 0x00, 0x14, 0x00, 0x01, 0x01, 0x16, 0x00, 0x01, 0x00, 0x01,
  0x00, 0xaa, 0x00, 0x00, 0x00, 0x00, 0x00, 0x01, 0x00, 0x01, 0x00, 0xaa,
  0x00, 0x01, 0x00, 0x00, 0x00, 0x8f, 0x00, 0x01, 0x00, 0x00, 0x00, 0x01,
  0x00, 0x08, 0x00, 0x02, 0x08, 0x04, 0x00, 0x02, 0x00, 0xdf, 0x01, 0x20,
  0x00, 0x06, 0x00, 0x00, 0x00, 0x01, 0x00, 0x08, 0x00, 0x01, 0x00, 0xa2,
  0x00, 0x02, 0x00, 0x0a, 0x00, 0x1c, 0x00, 0x01, 0x00, 0x04, 0x00, 0x01,
  0x01, 0x20, 0x00, 0x01, 0x00, 0x00, 0x00, 0x01, 0x00, 0x00, 0x00, 0x91,
  0x00, 0x08, 0x00, 0x12, 0x00, 0x1e, 0x00, 0x2a, 0x00, 0x36, 0x00, 0x42,
  0x00, 0x4e, 0x00, 0x5a, 0x00, 0x66, 0x00, 0x01, 0x01, 0x16, 0x00, 0x01,
  0x00, 0x01, 0x00, 0xbb, 0x00, 0x00, 0x00, 0x01, 0x01, 0x14, 0x00, 0x01,
  0x00, 0x01, 0x00, 0xbb, 0x00, 0x00, 0x00, 0x01, 0x00, 0xaf, 0x00, 0x01,
  0x00, 0x01, 0x00, 0xbb, 0x00, 0x00, 0x00, 0x01, 0x01, 0x13, 0x00, 0x01,
  0x00, 0x01, 0x00, 0xbb, 0x00, 0x00, 0x00, 0x01, 0x00, 0xb1, 0x00, 0x01,
  0x00, 0x01, 0x00, 0xbb, 0x00, 0x00, 0x00, 0x01, 0x01, 0x15, 0x00, 0x01,
  0x00, 0x01, 0x00, 0xbb, 0x00, 0x00, 0x00, 0x00, 0x00, 0x01, 0x00, 0x02,
  0x00, 0xbb, 0x00, 0xbb, 0x00, 0x00, 0x00, 0x00, 0x00, 0x01, 0x00, 0x01,
  0x00, 0xbb, 0x00, 0x01, 0x00, 0x00, 0x00, 0x91, 0x00, 0x01, 0x00, 0x00,
  0x00, 0x01, 0x00, 0x08, 0x00, 0x02, 0x00, 0x0a, 0x00, 0x02, 0x00, 0xde,
  0x01, 0x20, 0x00, 0x01, 0x00, 0x02, 0x00, 0xbb, 0x01, 0x16, 0x00, 0x06,
  0x00, 0x00, 0x00, 0x01, 0x00, 0x08, 0x00, 0x01, 0x1d, 0xa6, 0x00, 0x02,
  0x00, 0x0a, 0x00, 0x1c, 0x00, 0x01, 0x00, 0x04, 0x00, 0x01, 0x01, 0x20,
  0x00, 0x01, 0x00, 0x00, 0x00, 0x01, 0x00, 0x00, 0x00, 0x93, 0x00, 0x06,
  0x00, 0x0e, 0x00, 0x1a, 0x00, 0x26, 0x05, 0x04, 0x2b, 0xbe, 0x00, 0x32,
  0x00, 0x00, 0x00, 0x01, 0x00, 0x02, 0x01, 0x15, 0x01, 0x17, 0x00, 0x00,
  0x00, 0x00, 0x00, 0x01, 0x00, 0x02, 0x01, 0x15, 0x01, 0x12, 0x00, 0x00,
  0x00, 0x01, 0x01, 0x17, 0x00, 0x01, 0x00, 0x01, 0x01, 0x15, 0x00, 0x00,
  0x00, 0x00, 0x00, 0x01, 0x00, 0x01, 0x01, 0x15, 0x00, 0x01, 0x00, 0x00,
  0x00, 0x93, 0x00, 0x01, 0x00, 0x00, 0x00, 0x01, 0x00, 0x08, 0x00, 0x02,
  0x1d, 0x42, 0x00, 0x02, 0x00, 0xf9, 0x01, 0x20, 0x00, 0x06, 0x00, 0x00,
  0x00, 0x01, 0x00, 0x08, 0x00, 0x01, 0x1d, 0x30, 0x00, 0x02, 0x00, 0x0a,
  0x00, 0x1c, 0x00, 0x01, 0x00, 0x04, 0x00, 0x01, 0x01, 0x20, 0x00, 0x01,
  0x00, 0x00, 0x00, 0x01, 0x00, 0x00, 0x00, 0x95, 0x00, 0x04, 0x00, 0x0a,
  0x00, 0x18, 0x00, 0x26, 0x00, 0x36, 0x00, 0x00, 0x00, 0x01, 0x00, 0x03,
  0x01, 0x17, 0x01, 0x15, 0x01, 0x15, 0x00, 0x00, 0x00, 0x01, 0x01, 0x17,
  0x00, 0x01, 0x00, 0x02, 0x01, 0x17, 0x01, 0x15, 0x00, 0x00, 0x00, 0x01,
  0x01, 0x20, 0x00, 0x01, 0x00, 0x01, 0x01, 0x15, 0x00, 0x01, 0x00, 0x00,
  0x00, 0x95, 0x00, 0x00, 0x00, 0x01, 0x00, 0x02, 0x01, 0x17, 0x01, 0x15,
  0x00, 0x01, 0x00, 0x00, 0x00, 0x95, 0x00, 0x01, 0x00, 0x00, 0x00, 0x01,
  0x00, 0x08, 0x00, 0x02, 0x1c, 0xc6, 0x00, 0x02, 0x01, 0x02, 0x01, 0x20,
  0x00, 0x06, 0x00, 0x00, 0x00, 0x01, 0x00, 0x08, 0x00, 0x01, 0x1c, 0xb4,
  0x00, 0x02, 0x00, 0x0a, 0x00, 0x30, 0x00, 0x02, 0x00, 0x06, 0x00, 0x16,
  0x00, 0x02, 0x01, 0x20, 0x01, 0x20, 0x00, 0x01, 0x00, 0x00, 0x00, 0x01,
  0x00, 0x00, 0x00, 0x97, 0x00, 0x01, 0x01, 0x20, 0x00, 0x01, 0x00, 0x01,
  0x01, 0x15, 0x00, 0x01, 0x00, 0x00, 0x00, 0x98, 0x00, 0x05, 0x04, 0x76,
  0x04, 0x66, 0x04, 0x84, 0x04, 0x92, 0x00, 0x0c, 0x00, 0x00, 0x00, 0x01,
  0x00, 0x02, 0x01, 0x15, 0x01, 0x15, 0x00, 0x01, 0x00, 0x00, 0x00, 0x97,
  0x00, 0x01, 0x00, 0x00, 0x00, 0x01, 0x00, 0x08, 0x00, 0x02, 0x1c, 0x60,
  0x00, 0x02, 0x00, 0xfb, 0x01, 0x20, 0x00, 0x06, 0x00, 0x00, 0x00, 0x01,
  0x00, 0x08, 0x00, 0x01, 0x00, 0x60, 0x00, 0x03, 0x00, 0x0c, 0x00, 0x20,
  0x00, 0x34, 0x00, 0x01, 0x00, 0x04, 0x00, 0x01, 0x01, 0x20, 0x00, 0x01,
  0x00, 0x01, 0x01, 0x16, 0x00, 0x01, 0x00, 0x00, 0x00, 0x9a, 0x00, 0x01,
  0x00, 0x04, 0x00, 0x02, 0x01, 0x20, 0x01, 0x20, 0x00, 0x01, 0x00, 0x00,
  0x00, 0x01, 0x00, 0x00, 0x00, 0x9a, 0x00, 0x03, 0x0a, 0x22, 0x0a, 0x30,
  0x00, 0x08, 0x00, 0x00, 0x00, 0x01, 0x00, 0x02, 0x01, 0x12, 0x01, 0x16,
  0x00, 0x01, 0x00, 0x00, 0x00, 0x9a, 0x00, 0x01, 0x00, 0x00, 0x00, 0x01,
  0x00, 0x08, 0x00, 0x02, 0x00, 0x0c, 0x00, 0x03, 0x01, 0x20, 0x00, 0xf3,
  0x01, 0x20, 0x00, 0x01, 0x00, 0x03, 0x01, 0x12, 0x01, 0x16, 0x01, 0x17,
  0x00, 0x06, 0x00, 0x00, 0x00, 0x01, 0x00, 0x08, 0x00, 0x01, 0x00, 0x76,
  0x00, 0x02, 0x00, 0x0a, 0x00, 0x50, 0x00, 0x04, 0x00, 0x0a, 0x00, 0x18,
  0x00, 0x26, 0x00, 0x36, 0x00, 0x01, 0x00, 0xb5, 0x00, 0x01, 0x00, 0x02,
  0x01, 0x12, 0x00, 0xb5, 0x00, 0x00, 0x00, 0x00, 0x00, 0x01, 0x00, 0x03,
  0x01, 0x12, 0x00, 0xb5, 0x00, 0xb5, 0x00, 0x00, 0x00, 0x02, 0x01, 0x20,
  0x01, 0x20, 0x00, 0x01, 0x00, 0x00, 0x00, 0x01, 0x00, 0x00, 0x00, 0x9c,
  0x00, 0x00, 0x00, 0x01, 0x00, 0x02, 0x01, 0x12, 0x00, 0xb5, 0x00, 0x01,
  0x00, 0x00, 0x00, 0x9d, 0x00, 0x01, 0x00, 0x04, 0x00, 0x01, 0x01, 0x20,
  0x00, 0x01, 0x00, 0x01, 0x00, 0xb5, 0x00, 0x01, 0x00, 0x00, 0x00, 0x9c,
  0x00, 0x01, 0x00, 0x00, 0x00, 0x01, 0x00, 0x08, 0x00, 0x02, 0x00, 0x0a,
  0x00, 0x02, 0x00, 0xa6, 0x01, 0x20, 0x00, 0x01, 0x00, 0x02, 0x00, 0xb5,
  0x01, 0x12, 0x00, 0x06, 0x00, 0x00, 0x00, 0x01, 0x00, 0x08, 0x00, 0x01,
  0x01, 0xf2, 0x00, 0x02, 0x00, 0x0a, 0x00, 0x32, 0x00, 0x06, 0x00, 0x0e,
  0x02, 0xc6, 0x02, 0xb6, 0x04, 0x44, 0x29, 0x80, 0x00, 0x1a, 0x00, 0x01,
  0x00, 0xac, 0x00, 0x01, 0x00, 0x01, 0x01, 0x15, 0x00, 0x00, 0x00, 0x00,
  0x00, 0x01, 0x00, 0x01, 0x01, 0x15, 0x00, 0x01, 0x00, 0x00, 0x00, 0x9f,
  0x00, 0x01, 0x00, 0x04, 0x00, 0x01, 0x01, 0x20, 0x00, 0x01, 0x00, 0x00,
  0x00, 0x01, 0x00, 0x00, 0x00, 0x9f, 0x00, 0x01, 0x00, 0x00, 0x00, 0x01,
  0x00, 0x08, 0x00, 0x02, 0x01, 0xa6, 0x00, 0x02, 0x01, 0x20, 0x00, 0x86,
  0x00, 0x06, 0x00, 0x00, 0x00, 0x01, 0x00, 0x08, 0x00, 0x01, 0x00, 0x78,
  0x00, 0x01, 0x00, 0x08, 0x00, 0x06, 0x00, 0x0e, 0x00, 0x1a, 0x00, 0x28,
  0x28, 0x5e, 0x00, 0x38, 0x00, 0x46, 0x00, 0x01, 0x00, 0xac, 0x00, 0x01,
  0x00, 0x01, 0x00, 0xac, 0x00, 0x00, 0x00, 0x02, 0x00, 0xad, 0x00, 0xb6,
  0x00, 0x01, 0x00, 0x01, 0x00, 0xac, 0x00, 0x00, 0x00, 0x03, 0x01, 0x17,
  0x00, 0xad, 0x00, 0xb6, 0x00, 0x01, 0x00, 0x01, 0x00, 0xac, 0x00, 0x00,
  0x00, 0x01, 0x01, 0x20, 0x00, 0x01, 0x00, 0x00, 0x00, 0x01, 0x00, 0x00,
  0x00, 0xa1, 0x00, 0x00, 0x00, 0x01, 0x00, 0x01, 0x00, 0xac, 0x00, 0x01,
  0x00, 0x00, 0x00, 0xa2, 0x00, 0x01, 0x00, 0x00, 0x00, 0x01, 0x00, 0x08,
  0x00, 0x01, 0x00, 0x14, 0xff, 0xd8, 0x00, 0x01, 0x00, 0x00, 0x00, 0x01,
  0x00, 0x08, 0x00, 0x01, 0x00, 0x06, 0x00, 0x74, 0x00, 0x01, 0x00, 0x01,
  0x00, 0xac, 0x00, 0x06, 0x00, 0x00, 0x00, 0x01, 0x00, 0x08, 0x00, 0x01,
  0x01, 0x0e, 0x00, 0x02, 0x00, 0x0a, 0x00, 0x46, 0x00, 0x05, 0x00, 0x0c,
  0x02, 0x4a, 0x00, 0x1a, 0x02, 0x68, 0x00, 0x2c, 0x00, 0x01, 0x00, 0xac,
  0x00, 0x01, 0x00, 0x02, 0x01, 0x15, 0x01, 0x15, 0x00, 0x00, 0x00, 0x03,
  0x01, 0x17, 0x00, 0xad, 0x00, 0xb6, 0x00, 0x01, 0x00, 0x02, 0x01, 0x15,
  0x01, 0x15, 0x00, 0x00, 0x00, 0x00, 0x00, 0x01, 0x00, 0x02, 0x01, 0x15,
  0x01, 0x15, 0x00, 0x01, 0x00, 0x00, 0x00, 0xa4, 0x00, 0x02, 0x00, 0x06,
  0x00, 0x16, 0x00, 0x02, 0x01, 0x20, 0x01, 0x20, 0x00, 0x01, 0x00, 0x00,
  0x00, 0x01, 0x00, 0x00, 0x00, 0xa4, 0x00, 0x01, 0x01, 0x20, 0x00, 0x01,
  0x00, 0x01, 0x01, 0x15, 0x00, 0x01, 0x00, 0x00, 0x00, 0xa5, 0x00, 0x01,
  0x00, 0x00, 0x00, 0x01, 0x00, 0x08, 0x00, 0x02, 0x00, 0x9a, 0x00, 0x02,
  0x01, 0x20, 0x00, 0x87, 0x00, 0x06, 0x00, 0x00, 0x00, 0x01, 0x00, 0x08,
  0x00, 0x01, 0x00, 0x88, 0x00, 0x02, 0x00, 0x0a, 0x00, 0x1e, 0x00, 0x01,
  0x00, 0x04, 0x00, 0x01, 0x01, 0x20, 0x00, 0x01, 0x00, 0x01, 0x01, 0x15,
  0x00, 0x01, 0x00, 0x00, 0x00, 0xa7, 0x00, 0x05, 0x00, 0x0c, 0x00, 0x1a,
  0x00, 0x2a, 0x00, 0x38, 0x00, 0x48, 0x00, 0x01, 0x01, 0x15, 0x00, 0x01,
  0x00, 0x02, 0x00, 0xac, 0x01, 0x15, 0x00, 0x00, 0x00, 0x02, 0x00, 0xad,
  0x00, 0xb6, 0x00, 0x01, 0x00, 0x02, 0x00, 0xac, 0x01, 0x15, 0x00, 0x00,
  0x00, 0x00, 0x00, 0x01, 0x00, 0x03, 0x00, 0xac, 0x01, 0x15, 0x01, 0x15,
  0x00, 0x00, 0x00, 0x02, 0x01, 0x20, 0x01, 0x20, 0x00, 0x01, 0x00, 0x00,
  0x00, 0x01, 0x00, 0x00, 0x00, 0xa7, 0x00, 0x00, 0x00, 0x01, 0x00, 0x02,
  0x00, 0xac, 0x01, 0x15, 0x00, 0x01, 0x00, 0x00, 0x00, 0xa8, 0x00, 0x01,
  0x00, 0x00, 0x00, 0x01, 0x00, 0x08, 0x00, 0x02, 0x00, 0x0a, 0x00, 0x02,
  0x01, 0x20, 0x00, 0xd4, 0x00, 0x01, 0x00, 0x02, 0x00, 0xac, 0x01, 0x15,
  0x00, 0x06, 0x00, 0x00, 0x00, 0x01, 0x00, 0x08, 0x00, 0x01, 0x15, 0x18,
  0x00, 0x02, 0x00, 0x0a, 0x00, 0x7a, 0x00, 0x09, 0x00, 0x14, 0x00, 0x20,
  0x00, 0x2c, 0x07, 0xce, 0x00, 0x38, 0x00, 0x48, 0x00, 0x56, 0x24, 0x10,
  0x00, 0x62, 0x00, 0x01, 0x00, 0xba, 0x00, 0x01, 0x00, 0x01, 0x01, 0x16,
  0x00, 0x00, 0x00, 0x01, 0x01, 0x15, 0x00, 0x01, 0x00, 0x01, 0x01, 0x16,
  0x00, 0x00, 0x00, 0x01, 0x01, 0x16, 0x00, 0x01, 0x00, 0x01, 0x01, 0x16,
  0x00, 0x00, 0x00, 0x03, 0x01, 0x17, 0x00, 0xad, 0x00, 0xb6, 0x00, 0x01,
  0x00, 0x01, 0x01, 0x16, 0x00, 0x00, 0x00, 0x02, 0x00, 0xad, 0x00, 0xb6,
  0x00, 0x01, 0x00, 0x01, 0x01, 0x16, 0x00, 0x00, 0x00, 0x00, 0x00, 0x01,
  0x00, 0x02, 0x01, 0x16, 0x01, 0x15, 0x00, 0x00, 0x00, 0x00, 0x00, 0x01,
  0x00, 0x01, 0x01, 0x16, 0x00, 0x01, 0x00, 0x00, 0x00, 0xaa, 0x00, 0x01,
  0x00, 0x04, 0x00, 0x01, 0x01, 0x20, 0x00, 0x01, 0x00, 0x00, 0x00, 0x01,
  0x00, 0x00, 0x00, 0xaa, 0x00, 0x01, 0x00, 0x00, 0x00, 0x01, 0x00, 0x08,
  0x00, 0x02, 0x14, 0x84, 0x00, 0x02, 0x01, 0x20, 0x00, 0xd8, 0x00, 0x06,
  0x00, 0x00, 0x00, 0x01, 0x00, 0x08, 0x00, 0x01, 0x10, 0x7c, 0x00, 0x01,
  0x00, 0x08, 0x00, 0x07, 0x01, 0x9e, 0x00, 0x10, 0x00, 0x20, 0x26, 0xda,
  0x0e, 0x3a, 0x00, 0x2e, 0x00, 0x3c, 0x00, 0x03, 0x01, 0x17, 0x00, 0xad,
  0x00, 0xb6, 0x00, 0x01, 0x00, 0x01, 0x01, 0x15, 0x00, 0x00, 0x00, 0x02,
  0x00, 0xad, 0x00, 0xb6, 0x00, 0x01, 0x00, 0x01, 0x01, 0x15, 0x00, 0x00,
  0x00, 0x01, 0x01, 0x20, 0x00, 0x01, 0x00, 0x00, 0x00, 0x01, 0x00, 0x00,
  0x00, 0xac, 0x00, 0x00, 0x00, 0x01, 0x00, 0x01, 0x01, 0x15, 0x00, 0x01,
  0x00, 0x00, 0x00, 0xad, 0x00, 0x01, 0x00, 0x00, 0x00, 0x01, 0x00, 0x08,
  0x00, 0x01, 0x10, 0x22, 0xff, 0xc0, 0x00, 0x06, 0x00, 0x00, 0x00, 0x01,
  0x00, 0x08, 0x00, 0x01, 0x10, 0x14, 0x00, 0x01, 0x00, 0x08, 0x00, 0x08,
  0x00, 0x12, 0x00, 0x20, 0x00, 0x30, 0x00, 0x3e, 0x00, 0x4c, 0x00, 0x5a,
  0x00, 0x6a, 0x00, 0x7a, 0x00, 0x01, 0x01, 0x15, 0x00, 0x01, 0x00, 0x02,
  0x01, 0x15, 0x01, 0x15, 0x00, 0x00, 0x00, 0x02, 0x00, 0xad, 0x00, 0xb6,
  0x00, 0x01, 0x00, 0x02, 0x01, 0x15, 0x01, 0x15, 0x00, 0x00, 0x00, 0x01,
  0x01, 0x17, 0x00, 0x01, 0x00, 0x02, 0x01, 0x15, 0x01, 0x15, 0x00, 0x00,
  0x00, 0x00, 0x00, 0x01, 0x00, 0x03, 0x01, 0x15, 0x01, 0x15, 0x01, 0x15,
  0x00, 0x00, 0x00, 0x00, 0x00, 0x01, 0x00, 0x03, 0x01, 0x15, 0x01, 0x15,
  0x01, 0x16, 0x00, 0x00, 0x00, 0x02, 0x01, 0x20, 0x01, 0x20, 0x00, 0x01,
  0x00, 0x00, 0x00, 0x01, 0x00, 0x00, 0x00, 0xaf, 0x00, 0x01, 0x01, 0x20,
  0x00, 0x01, 0x00, 0x01, 0x01, 0x15, 0x00, 0x01, 0x00, 0x00, 0x00, 0xb0,
  0x00, 0x00, 0x00, 0x01, 0x00, 0x02, 0x01, 0x15, 0x01, 0x15, 0x00, 0x01,
  0x00, 0x00, 0x00, 0xb0, 0x00, 0x01, 0x00, 0x00, 0x00, 0x01, 0x00, 0x08,
  0x00, 0x01, 0x0f, 0x7a, 0xff, 0xc1, 0x00, 0x06, 0x00, 0x00, 0x00, 0x01,
  0x00, 0x08, 0x00, 0x01, 0x04, 0xd6, 0x00, 0x02, 0x00, 0x0a, 0x00, 0x1e,
  0x00, 0x01, 0x00, 0x04, 0x00, 0x01, 0x01, 0x20, 0x00, 0x01, 0x00, 0x01,
  0x01, 0x15, 0x00, 0x01, 0x00, 0x00, 0x00, 0xb2, 0x00, 0x05, 0x00, 0x0c,
  0x00, 0x1a, 0x04, 0x64, 0x00, 0x2a, 0x00, 0x3a, 0x00, 0x01, 0x01, 0x15,
  0x00, 0x01, 0x00, 0x02, 0x00, 0xaa, 0x01, 0x15, 0x00, 0x00, 0x00, 0x02,
  0x00, 0xad, 0x00, 0xb6, 0x00, 0x01, 0x00, 0x02, 0x00, 0xaa, 0x01, 0x15,
  0x00, 0x00, 0x00, 0x02, 0x01, 0x20, 0x01, 0x20, 0x00, 0x01, 0x00, 0x00,
  0x00, 0x01, 0x00, 0x00, 0x00, 0xb2, 0x00, 0x00, 0x00, 0x01, 0x00, 0x02,
  0x00, 0xaa, 0x01, 0x15, 0x00, 0x01, 0x00, 0x00, 0x00, 0xb3, 0x00, 0x01,
  0x00, 0x00, 0x00, 0x01, 0x00, 0x08, 0x00, 0x02, 0x04, 0x66, 0x00, 0x02,
  0x01, 0x20, 0x00, 0xd3, 0x00, 0x06, 0x00, 0x00, 0x00, 0x01, 0x00, 0x08,
  0x00, 0x01, 0x04, 0x54, 0x00, 0x02, 0x00, 0x0a, 0x00, 0x3a, 0x00, 0x04,
  0x00, 0x0a, 0x00, 0x16, 0x25, 0x46, 0x00, 0x22, 0x00, 0x01, 0x01, 0x15,
  0x00, 0x01, 0x00, 0x01, 0x01, 0x15, 0x00, 0x00, 0x00, 0x01, 0x00, 0xaa,
  0x00, 0x01, 0x00, 0x01, 0x01, 0x15, 0x00, 0x00, 0x00, 0x00, 0x00, 0x01,
  0x00, 0x01, 0x01, 0x15, 0x00, 0x01, 0x00, 0x00, 0x00, 0xb5, 0x00, 0x01,
  0x00, 0x04, 0x00, 0x01, 0x01, 0x20, 0x00, 0x01, 0x00, 0x00, 0x00, 0x01,
  0x00, 0x00, 0x00, 0xb5, 0x00, 0x01, 0x00, 0x00, 0x00, 0x01, 0x00, 0x08,
  0x00, 0x02, 0x04, 0x00, 0x00, 0x02, 0x01, 0x20, 0x00, 0x7f, 0x00, 0x06,
  0x00, 0x00, 0x00, 0x01, 0x00, 0x08, 0x00, 0x01, 0x00, 0x50, 0x00, 0x02,
  0x00, 0x0a, 0x00, 0x2c, 0x00, 0x03, 0x00, 0x08, 0x21, 0x72, 0x00, 0x14,
  0x00, 0x01, 0x00, 0xaa, 0x00, 0x01, 0x00, 0x01, 0x01, 0x16, 0x00, 0x00,
  0x00, 0x00, 0x00, 0x01, 0x00, 0x01, 0x01, 0x16, 0x00, 0x01, 0x00, 0x00,
  0x00, 0xb7, 0x00, 0x01, 0x00, 0x04, 0x00, 0x01, 0x01, 0x20, 0x00, 0x01,
  0x00, 0x00, 0x00, 0x01, 0x00, 0x00, 0x00, 0xb7, 0x00, 0x01, 0x00, 0x00,
  0x00, 0x01, 0x00, 0x08, 0x00, 0x02, 0x00, 0x0a, 0x00, 0x02, 0x01, 0x20,
  0x00, 0x80, 0x00, 0x01, 0x00, 0x02, 0x00, 0xaa, 0x01, 0x16, 0x00, 0x06,
  0x00, 0x00, 0x00, 0x01, 0x00, 0x08, 0x00, 0x01, 0x00, 0x52, 0x00, 0x02,
  0x00, 0x0a, 0x00, 0x2e, 0x00, 0x04, 0x00, 0x0a, 0x14, 0xee, 0x15, 0x06,
  0x00, 0x16, 0x00, 0x01, 0x00, 0xaa, 0x00, 0x01, 0x00, 0x01, 0x01, 0x17,
  0x00, 0x00, 0x00, 0x00, 0x00, 0x01, 0x00, 0x01, 0x01, 0x17, 0x00, 0x01,
  0x00, 0x00, 0x00, 0xb9, 0x00, 0x01, 0x00, 0x04, 0x00, 0x01, 0x01, 0x20,
  0x00, 0x01, 0x00, 0x00, 0x00, 0x01, 0x00, 0x00, 0x00, 0xb9, 0x00, 0x01,
  0x00, 0x00, 0x00, 0x01, 0x00, 0x08, 0x00, 0x02, 0x00, 0x0a, 0x00, 0x02,
  0x01, 0x20, 0x00, 0x81, 0x00, 0x01, 0x00, 0x02, 0x00, 0xaa, 0x01, 0x17,
  0x00, 0x06, 0x00, 0x00, 0x00, 0x01, 0x00, 0x08, 0x00, 0x01, 0x01, 0xb4,
  0x00, 0x01, 0x00, 0x08, 0x00, 0x05, 0x00, 0x0c, 0x23, 0xc6, 0x09, 0xa4,
  0x00, 0x18, 0x00, 0x26, 0x00, 0x01, 0x00, 0xaa, 0x00, 0x01, 0x00, 0x01,
  0x00, 0xaa, 0x00, 0x00, 0x00, 0x01, 0x01, 0x20, 0x00, 0x01, 0x00, 0x00,
  0x00, 0x01, 0x00, 0x00, 0x00, 0xbb, 0x00, 0x00, 0x00, 0x01, 0x00, 0x01,
  0x00, 0xaa, 0x00, 0x01, 0x00, 0x00, 0x00, 0xbc, 0x00, 0x01, 0x00, 0x00,
  0x00, 0x01, 0x00, 0x08, 0x00, 0x01, 0x01, 0x70, 0xff, 0xd0, 0x00, 0x06,
  0x00, 0x00, 0x00, 0x01, 0x00, 0x08, 0x00, 0x01, 0x00, 0xd8, 0x00, 0x01,
  0x00, 0x08, 0x00, 0x04, 0x00, 0x0a, 0x00, 0x16, 0x00, 0x22, 0x00, 0x30,
  0x00, 0x01, 0x00, 0xab, 0x00, 0x01, 0x00, 0x01, 0x00, 0xab, 0x00, 0x00,
  0x00, 0x00, 0x00, 0x01, 0x00, 0x02, 0x00, 0xab, 0x00, 0xab, 0x00, 0x00,
  0x00, 0x01, 0x01, 0x20, 0x00, 0x01, 0x00, 0x00, 0x00, 0x01, 0x00, 0x00,
  0x00, 0xbe, 0x00, 0x00, 0x00, 0x01, 0x00, 0x01, 0x00, 0xab, 0x00, 0x01,
  0x00, 0x00, 0x00, 0xbf, 0x00, 0x01, 0x00, 0x00, 0x00, 0x01, 0x00, 0x08,
  0x00, 0x01, 0x00, 0x8a, 0xff, 0xd7, 0x00, 0x06, 0x00, 0x00, 0x00, 0x01,
  0x00, 0x08, 0x00, 0x01, 0x00, 0x7c, 0x00, 0x01, 0x00, 0x08, 0x00, 0x05,
  0x00, 0x0c, 0x00, 0x1a, 0x00, 0x28, 0x00, 0x38, 0x00, 0x48, 0x00, 0x01,
  0x00, 0xab, 0x00, 0x01, 0x00, 0x02, 0x00, 0xab, 0x00, 0xab, 0x00, 0x00,
  0x00, 0x00, 0x00, 0x01, 0x00, 0x03, 0x00, 0xab, 0x00, 0xab, 0x00, 0xab,
  0x00, 0x00, 0x00, 0x02, 0x01, 0x20, 0x01, 0x20, 0x00, 0x01, 0x00, 0x00,
  0x00, 0x01, 0x00, 0x00, 0x00, 0xc1, 0x00, 0x01, 0x01, 0x20, 0x00, 0x01,
  0x00, 0x01, 0x00, 0xab, 0x00, 0x01, 0x00, 0x00, 0x00, 0xc2, 0x00, 0x00,
  0x00, 0x01, 0x00, 0x02, 0x00, 0xab, 0x00, 0xab, 0x00, 0x01, 0x00, 0x00,
  0x00, 0xc2, 0x00, 0x01, 0x00, 0x00, 0x00, 0x01, 0x00, 0x08, 0x00, 0x01,
  0x00, 0x14, 0xff, 0xd8, 0x00, 0x01, 0x00, 0x00, 0x00, 0x01, 0x00, 0x08,
  0x00, 0x01, 0x00, 0x06, 0x00, 0x75, 0x00, 0x01, 0x00, 0x01, 0x00, 0xab,
  0x00, 0x06, 0x00, 0x00, 0x00, 0x01, 0x00, 0x08, 0x00, 0x01, 0x00, 0x7c,
  0x00, 0x01, 0x00, 0x08, 0x00, 0x05, 0x00, 0x0c, 0x00, 0x1a, 0x00, 0x28,
  0x00, 0x38, 0x00, 0x48, 0x00, 0x01, 0x00, 0xaa, 0x00, 0x01, 0x00, 0x02,
  0x00, 0xaa, 0x00, 0xaa, 0x00, 0x00, 0x00, 0x00, 0x00, 0x01, 0x00, 0x03,
  0x00, 0xaa, 0x00, 0xaa, 0x00, 0xaa, 0x00, 0x00, 0x00, 0x02, 0x01, 0x20,
  0x01, 0x20, 0x00, 0x01, 0x00, 0x00, 0x00, 0x01, 0x00, 0x00, 0x00, 0xc4,
  0x00, 0x01, 0x01, 0x20, 0x00, 0x01, 0x00, 0x01, 0x00, 0xaa, 0x00, 0x01,
  0x00, 0x00, 0x00, 0xc5, 0x00, 0x00, 0x00, 0x01, 0x00, 0x02, 0x00, 0xaa,
  0x00, 0xaa, 0x00, 0x01, 0x00, 0x00, 0x00, 0xc5, 0x00, 0x01, 0x00, 0x00,
  0x00, 0x01, 0x00, 0x08, 0x00, 0x01, 0x00, 0x14, 0xff, 0xd1, 0x00, 0x01,
  0x00, 0x00, 0x00, 0x01, 0x00, 0x08, 0x00, 0x01, 0x00, 0x06, 0x00, 0x76,
  0x00, 0x01, 0x00, 0x01, 0x00, 0xaa, 0x00, 0x06, 0x00, 0x00, 0x00, 0x01,
  0x00, 0x08, 0x00, 0x01, 0x08, 0x16, 0x00, 0x02, 0x00, 0x0a, 0x00, 0x3a,
  0x00, 0x04, 0x00, 0x0a, 0x20, 0xb0, 0x00, 0x16, 0x00, 0x22, 0x00, 0x01,
  0x00, 0xaa, 0x00, 0x01, 0x00, 0x01, 0x00, 0xad, 0x00, 0x00, 0x00, 0x00,
  0x00, 0x01, 0x00, 0x02, 0x00, 0xad, 0x01, 0x16, 0x00, 0x00, 0x00, 0x00,
  0x00, 0x01, 0x00, 0x01, 0x00, 0xad, 0x00, 0x01, 0x00, 0x00, 0x00, 0xc7,
  0x00, 0x01, 0x00, 0x04, 0x00, 0x01, 0x01, 0x20, 0x00, 0x01, 0x00, 0x00,
  0x00, 0x01, 0x00, 0x00, 0x00, 0xc7, 0x00, 0x01, 0x00, 0x00, 0x00, 0x01,
  0x00, 0x08, 0x00, 0x02, 0x07, 0xc2, 0x00, 0x02, 0x01, 0x20, 0x00, 0x7d,
  0x00, 0x06, 0x00, 0x00, 0x00, 0x01, 0x00, 0x08, 0x00, 0x01, 0x00, 0x7c,
  0x00, 0x03, 0x00, 0x0c, 0x00, 0x40, 0x00, 0x54, 0x00, 0x03, 0x00, 0x08,
  0x00, 0x16, 0x00, 0x24, 0x00, 0x01, 0x00, 0xaa, 0x00, 0x01, 0x00, 0x02,
  0x00, 0xad, 0x01, 0x16, 0x00, 0x00, 0x00, 0x00, 0x00, 0x01, 0x00, 0x03,
  0x00, 0xad, 0x01, 0x16, 0x01, 0x16, 0x00, 0x00, 0x00, 0x00, 0x00, 0x01,
  0x00, 0x02, 0x00, 0xad, 0x01, 0x16, 0x00, 0x01, 0x00, 0x00, 0x00, 0xc9,
  0x00, 0x01, 0x00, 0x04, 0x00, 0x01, 0x01, 0x20, 0x00, 0x01, 0x00, 0x01,
  0x01, 0x16, 0x00, 0x01, 0x00, 0x00, 0x00, 0xc9, 0x00, 0x01, 0x00, 0x04,
  0x00, 0x02, 0x01, 0x20, 0x01, 0x20, 0x00, 0x01, 0x00, 0x00, 0x00, 0x01,
  0x00, 0x00, 0x00, 0xc9, 0x00, 0x01, 0x00, 0x00, 0x00, 0x01, 0x00, 0x08,
  0x00, 0x02, 0x00, 0x0c, 0x00, 0x03, 0x01, 0x20, 0x01, 0x20, 0x00, 0x7e,
  0x00, 0x01, 0x00, 0x03, 0x00, 0xaa, 0x00, 0xad, 0x01, 0x16, 0x00, 0x06,
  0x00, 0x00, 0x00, 0x01, 0x00, 0x08, 0x00, 0x01, 0x00, 0x76, 0x00, 0x02,
  0x00, 0x0a, 0x00, 0x50, 0x00, 0x04, 0x00, 0x0a, 0x00, 0x18, 0x00, 0x26,
  0x00, 0x36, 0x00, 0x01, 0x00, 0xaa, 0x00, 0x01, 0x00, 0x02, 0x00, 0xaa,
  0x01, 0x15, 0x00, 0x00, 0x00, 0x00, 0x00, 0x01, 0x00, 0x03, 0x00, 0xaa,
  0x01, 0x15, 0x01, 0x15, 0x00, 0x00, 0x00, 0x01, 0x01, 0x20, 0x00, 0x01,
  0x00, 0x01, 0x01, 0x15, 0x00, 0x01, 0x00, 0x00, 0x00, 0xcb, 0x00, 0x00,
  0x00, 0x01, 0x00, 0x02, 0x00, 0xaa, 0x01, 0x15, 0x00, 0x01, 0x00, 0x00,
  0x00, 0xcb, 0x00, 0x01, 0x00, 0x04, 0x00, 0x02, 0x01, 0x20, 0x01, 0x20,
  0x00, 0x01, 0x00, 0x00, 0x00, 0x01, 0x00, 0x00, 0x00, 0xcb, 0x00, 0x01,
  0x00, 0x00, 0x00, 0x01, 0x00, 0x08, 0x00, 0x02, 0x00, 0x0a, 0x00, 0x02,
  0x01, 0x20, 0x00, 0x7c, 0x00, 0x01, 0x00, 0x02, 0x00, 0xaa, 0x01, 0x15,
  0x00, 0x06, 0x00, 0x00, 0x00, 0x01, 0x00, 0x08, 0x00, 0x01, 0x01, 0x7a,
  0x00, 0x02, 0x00, 0x0a, 0x00, 0x6c, 0x00, 0x05, 0x00, 0x0c, 0x00, 0x1c,
  0x00, 0x2c, 0x00, 0x3e, 0x00, 0x50, 0x00, 0x01, 0x01, 0x12, 0x00, 0x01,
  0x00, 0x03, 0x01, 0x12, 0x01, 0x12, 0x01, 0x16, 0x00, 0x00, 0x00, 0x00,
  0x00, 0x01, 0x00, 0x04, 0x01, 0x12, 0x01, 0x12, 0x01, 0x16, 0x01, 0x16,
  0x00, 0x00, 0x00, 0x02, 0x01, 0x20, 0x01, 0x20, 0x00, 0x01, 0x00, 0x01,
  0x01, 0x16, 0x00, 0x01, 0x00, 0x00, 0x00, 0xcd, 0x00, 0x01, 0x01, 0x20,
  0x00, 0x01, 0x00, 0x02, 0x01, 0x12, 0x01, 0x16, 0x00, 0x01, 0x00, 0x00,
  0x00, 0xcd, 0x00, 0x00, 0x00, 0x01, 0x00, 0x03, 0x01, 0x12, 0x01, 0x12,
  0x01, 0x16, 0x00, 0x01, 0x00, 0x00, 0x00, 0xcd, 0x00, 0x01, 0x00, 0x04,
  0x00, 0x03, 0x01, 0x20, 0x01, 0x20, 0x01, 0x20, 0x00, 0x01, 0x00, 0x00,
  0x00, 0x01, 0x00, 0x00, 0x00, 0xcd, 0x00, 0x01, 0x00, 0x00, 0x00, 0x01,
  0x00, 0x08, 0x00, 0x02, 0x00, 0xf0, 0x00, 0x02, 0x01, 0x20, 0x00, 0xc8,
  0x00, 0x06, 0x00, 0x00, 0x00, 0x01, 0x00, 0x08, 0x00, 0x01, 0x00, 0xde,
  0x00, 0x02, 0x00, 0x0a, 0x00, 0x60, 0x00, 0x05, 0x00, 0x0c, 0x00, 0x1a,
  0x00, 0x28, 0x00, 0x36, 0x00, 0x46, 0x00, 0x01, 0x01, 0x12, 0x00, 0x01,
  0x00, 0x02, 0x01, 0x12, 0x01, 0x16, 0x00, 0x00, 0x00, 0x01, 0x01, 0x17,
  0x00, 0x01, 0x00, 0x02, 0x01, 0x12, 0x01, 0x16, 0x00, 0x00, 0x00, 0x00,
  0x00, 0x01, 0x00, 0x03, 0x01, 0x12, 0x01, 0x16, 0x01, 0x16, 0x00, 0x00,
  0x00, 0x01, 0x01, 0x20, 0x00, 0x01, 0x00, 0x01, 0x01, 0x16, 0x00, 0x01,
  0x00, 0x00, 0x00, 0xcf, 0x00, 0x00, 0x00, 0x01, 0x00, 0x02, 0x01, 0x12,
  0x01, 0x16, 0x00, 0x01, 0x00, 0x00, 0x00, 0xcf, 0x00, 0x01, 0x00, 0x04,
  0x00, 0x02, 0x01, 0x20, 0x01, 0x20, 0x00, 0x01, 0x00, 0x00, 0x00, 0x01,
  0x00, 0x00, 0x00, 0xcf, 0x00, 0x01, 0x00, 0x00, 0x00, 0x01, 0x00, 0x08,
  0x00, 0x02, 0x00, 0x62, 0x00, 0x02, 0x01, 0x20, 0x00, 0xca, 0x00, 0x06,
  0x00, 0x00, 0x00, 0x01, 0x00, 0x08, 0x00, 0x01, 0x00, 0x50, 0x00, 0x02,
  0x00, 0x0a, 0x00, 0x2c, 0x00, 0x03, 0x00, 0x08, 0x1c, 0x4a, 0x00, 0x14,
  0x00, 0x01, 0x01, 0x12, 0x00, 0x01, 0x00, 0x01, 0x01, 0x16, 0x00, 0x00,
  0x00, 0x00, 0x00, 0x01, 0x00, 0x01, 0x01, 0x16, 0x00, 0x01, 0x00, 0x00,
  0x00, 0xd1, 0x00, 0x01, 0x00, 0x04, 0x00, 0x01, 0x01, 0x20, 0x00, 0x01,
  0x00, 0x00, 0x00, 0x01, 0x00, 0x00, 0x00, 0xd1, 0x00, 0x01, 0x00, 0x00,
  0x00, 0x01, 0x00, 0x08, 0x00, 0x02, 0x00, 0x0a, 0x00, 0x02, 0x01, 0x20,
  0x00, 0xcd, 0x00, 0x01, 0x00, 0x02, 0x01, 0x12, 0x01, 0x16, 0x00, 0x06,
  0x00, 0x00, 0x00, 0x01, 0x00, 0x08, 0x00, 0x01, 0x01, 0x4e, 0x00, 0x02,
  0x00, 0x0a, 0x00, 0x1e, 0x00, 0x01, 0x00, 0x04, 0x00, 0x02, 0x01, 0x20,
  0x01, 0x20, 0x00, 0x01, 0x00, 0x00, 0x00, 0x01, 0x00, 0x00, 0x00, 0xd3,
  0x00, 0x04, 0x00, 0x0a, 0x00, 0x1a, 0x00, 0x28, 0x00, 0x38, 0x00, 0x01,
  0x01, 0x12, 0x00, 0x01, 0x00, 0x03, 0x01, 0x12, 0x00, 0xb4, 0x00, 0xb4,
  0x00, 0x00, 0x00, 0x00, 0x00, 0x01, 0x00, 0x03, 0x01, 0x12, 0x01, 0x12,
  0x00, 0xb4, 0x00, 0x00, 0x00, 0x01, 0x01, 0x20, 0x00, 0x01, 0x00, 0x01,
  0x00, 0xb4, 0x00, 0x01, 0x00, 0x00, 0x00, 0xd3, 0x00, 0x00, 0x00, 0x01,
  0x00, 0x02, 0x01, 0x12, 0x00, 0xb4, 0x00, 0x01, 0x00, 0x00, 0x00, 0xd3,
  0x00, 0x01, 0x00, 0x00, 0x00, 0x01, 0x00, 0x08, 0x00, 0x02, 0x00, 0xe0,
  0x00, 0x02, 0x00, 0xc7, 0x01, 0x20, 0x00, 0x06, 0x00, 0x00, 0x00, 0x01,
  0x00, 0x08, 0x00, 0x01, 0x01, 0x30, 0x00, 0x02, 0x00, 0x0a, 0x00, 0x52,
  0x00, 0x04, 0x00, 0x0a, 0x00, 0x1a, 0x00, 0x28, 0x00, 0x38, 0x00, 0x01,
  0x01, 0x12, 0x00, 0x01, 0x00, 0x03, 0x01, 0x12, 0x01, 0x15, 0x01, 0x15,
  0x00, 0x00, 0x00, 0x00, 0x00, 0x01, 0x00, 0x03, 0x01, 0x12, 0x01, 0x12,
  0x01, 0x15, 0x00, 0x00, 0x00, 0x01, 0x01, 0x20, 0x00, 0x01, 0x00, 0x01,
  0x01, 0x15, 0x00, 0x01, 0x00, 0x00, 0x00, 0xd5, 0x00, 0x00, 0x00, 0x01,
  0x00, 0x02, 0x01, 0x12, 0x01, 0x15, 0x00, 0x01, 0x00, 0x00, 0x00, 0xd5,
  0x00, 0x01, 0x00, 0x04, 0x00, 0x02, 0x01, 0x20, 0x01, 0x20, 0x00, 0x01,
  0x00, 0x00, 0x00, 0x01, 0x00, 0x00, 0x00, 0xd5, 0x00, 0x01, 0x00, 0x00,
  0x00, 0x01, 0x00, 0x08, 0x00, 0x02, 0x00, 0xc2, 0x00, 0x02, 0x01, 0x20,
  0x00, 0xc9, 0x00, 0x06, 0x00, 0x00, 0x00, 0x01, 0x00, 0x08, 0x00, 0x01,
  0x00, 0x4e, 0x00, 0x02, 0x00, 0x0a, 0x00, 0x1c, 0x00, 0x01, 0x00, 0x04,
  0x00, 0x01, 0x01, 0x20, 0x00, 0x01, 0x00, 0x00, 0x00, 0x01, 0x00, 0x00,
  0x00, 0xd7, 0x00, 0x04, 0x00, 0x0a, 0x14, 0xaa, 0x0c, 0x98, 0x00, 0x16,
  0x00, 0x01, 0x01, 0x12, 0x00, 0x01, 0x00, 0x01, 0x00, 0xb4, 0x00, 0x00,
  0x00, 0x00, 0x00, 0x01, 0x00, 0x01, 0x00, 0xb4, 0x00, 0x01, 0x00, 0x00,
  0x00, 0xd7, 0x00, 0x01, 0x00, 0x00, 0x00, 0x01, 0x00, 0x08, 0x00, 0x01,
  0x00, 0x06, 0x00, 0x0e, 0x00, 0x01, 0x00, 0x02, 0x00, 0xb4, 0x01, 0x12,
  0x00, 0x06, 0x00, 0x00, 0x00, 0x01, 0x00, 0x08, 0x00, 0x01, 0x00, 0x52,
  0x00, 0x02, 0x00, 0x0a, 0x00, 0x2e, 0x00, 0x04, 0x00, 0x0a, 0x05, 0x5a,
  0x1d, 0xfa, 0x00, 0x16, 0x00, 0x01, 0x01, 0x12, 0x00, 0x01, 0x00, 0x01,
  0x01, 0x15, 0x00, 0x00, 0x00, 0x00, 0x00, 0x01, 0x00, 0x01, 0x01, 0x15,
  0x00, 0x01, 0x00, 0x00, 0x00, 0xd9, 0x00, 0x01, 0x00, 0x04, 0x00, 0x01,
  0x01, 0x20, 0x00, 0x01, 0x00, 0x00, 0x00, 0x01, 0x00, 0x00, 0x00, 0xd9,
  0x00, 0x01, 0x00, 0x00, 0x00, 0x01, 0x00, 0x08, 0x00, 0x02, 0x00, 0x0a,
  0x00, 0x02, 0x01, 0x20, 0x00, 0xcb, 0x00, 0x01, 0x00, 0x02, 0x01, 0x12,
  0x01, 0x15, 0x00, 0x06, 0x00, 0x00, 0x00, 0x01, 0x00, 0x08, 0x00, 0x01,
  0x00, 0x7e, 0x00, 0x01, 0x00, 0x08, 0x00, 0x06, 0x00, 0x0e, 0x00, 0x1a,
  0x00, 0x26, 0x00, 0x32, 0x00, 0x3e, 0x00, 0x4c, 0x00, 0x01, 0x01, 0x12,
  0x00, 0x01, 0x00, 0x01, 0x01, 0x12, 0x00, 0x00, 0x00, 0x00, 0x00, 0x01,
  0x00, 0x02, 0x01, 0x12, 0x01, 0x12, 0x00, 0x00, 0x00, 0x01, 0x00, 0xba,
  0x00, 0x01, 0x00, 0x01, 0x01, 0x12, 0x00, 0x00, 0x00, 0x00, 0x00, 0x01,
  0x00, 0x02, 0x01, 0x12, 0x00, 0xbb, 0x00, 0x00, 0x00, 0x01, 0x01, 0x20,
  0x00, 0x01, 0x00, 0x00, 0x00, 0x01, 0x00, 0x00, 0x00, 0xdb, 0x00, 0x00,
  0x00, 0x01, 0x00, 0x01, 0x01, 0x12, 0x00, 0x01, 0x00, 0x00, 0x00, 0xdc,
  0x00, 0x01, 0x00, 0x00, 0x00, 0x01, 0x00, 0x08, 0x00, 0x01, 0x00, 0x14,
  0xff, 0xb4, 0x00, 0x01, 0x00, 0x00, 0x00, 0x01, 0x00, 0x08, 0x00, 0x01,
  0x00, 0x06, 0x00, 0x0e, 0x00, 0x01, 0x00, 0x01, 0x01, 0x12, 0x00, 0x06,
  0x00, 0x00, 0x00, 0x01, 0x00, 0x08, 0x00, 0x01, 0x01, 0x80, 0x00, 0x01,
  0x00, 0x08, 0x00, 0x07, 0x00, 0x10, 0x00, 0x1e, 0x00, 0x30, 0x00, 0x3c,
  0x13, 0x72, 0x00, 0x48, 0x00, 0x56, 0x00, 0x01, 0x00, 0xba, 0x00, 0x01,
  0x00, 0x02, 0x00, 0xb4, 0x01, 0x16, 0x00, 0x00, 0x00, 0x04, 0x00, 0xac,
  0x01, 0x17, 0x00, 0xad, 0x00, 0xb6, 0x00, 0x01, 0x00, 0x01, 0x00, 0xb4,
  0x00, 0x00, 0x00, 0x01, 0x00, 0xb4, 0x00, 0x01, 0x00, 0x01, 0x00, 0xb4,
  0x00, 0x00, 0x00, 0x01, 0x01, 0x17, 0x00, 0x01, 0x00, 0x01, 0x00, 0xb4,
  0x00, 0x00, 0x00, 0x01, 0x01, 0x20, 0x00, 0x01, 0x00, 0x00, 0x00, 0x01,
  0x00, 0x00, 0x00, 0xde, 0x00, 0x00, 0x00, 0x01, 0x00, 0x01, 0x00, 0xb4,
  0x00, 0x01, 0x00, 0x00, 0x00, 0xdf, 0x00, 0x01, 0x00, 0x00, 0x00, 0x01,
  0x00, 0x08, 0x00, 0x01, 0x01, 0x0c, 0xff, 0xae, 0x00, 0x06, 0x00, 0x00,
  0x00, 0x01, 0x00, 0x08, 0x00, 0x01, 0x0d, 0xc8, 0x00, 0x02, 0x00, 0x0a,
  0x00, 0x30, 0x00, 0x02, 0x00, 0x06, 0x00, 0x16, 0x00, 0x02, 0x01, 0x20,
  0x01, 0x20, 0x00, 0x01, 0x00, 0x00, 0x00, 0x01, 0x00, 0x00, 0x00, 0xe1,
  0x00, 0x01, 0x01, 0x20, 0x00, 0x01, 0x00, 0x01, 0x00, 0xb4, 0x00, 0x01,
  0x00, 0x00, 0x00, 0xe2, 0x00, 0x03, 0x00, 0x08, 0x00, 0x74, 0x00, 0x16,
  0x00, 0x01, 0x01, 0x17, 0x00, 0x01, 0x00, 0x02, 0x00, 0xb4, 0x00, 0xb4,
  0x00, 0x00, 0x00, 0x00, 0x00, 0x01, 0x00, 0x02, 0x00, 0xb4, 0x00, 0xb4,
  0x00, 0x01, 0x00, 0x00, 0x00, 0xe1, 0x00, 0x01, 0x00, 0x00, 0x00, 0x01,
  0x00, 0x08, 0x00, 0x02, 0x0d, 0x6a, 0x00, 0x02, 0x00, 0xe7, 0x01, 0x20,
  0x00, 0x06, 0x00, 0x00, 0x00, 0x01, 0x00, 0x08, 0x00, 0x01, 0x00, 0x8e,
  0x00, 0x01, 0x00, 0x08, 0x00, 0x06, 0x00, 0x0e, 0x00, 0x1e, 0x00, 0x2c,
  0x00, 0x3a, 0x00, 0x4a, 0x00, 0x5a, 0x00, 0x01, 0x00, 0xba, 0x00, 0x01,
  0x00, 0x03, 0x00, 0xb4, 0x00, 0xb4, 0x01, 0x16, 0x00, 0x00, 0x00, 0x01,
  0x00, 0xb4, 0x00, 0x01, 0x00, 0x02, 0x00, 0xb4, 0x00, 0xb4, 0x00, 0x00,
  0x00, 0x00, 0x00, 0x01, 0x00, 0x03, 0x00, 0xb4, 0x00, 0xb4, 0x00, 0xb4,
  0x00, 0x00, 0x00, 0x02, 0x01, 0x20, 0x01, 0x20, 0x00, 0x01, 0x00, 0x00,
  0x00, 0x01, 0x00, 0x00, 0x00, 0xe4, 0x00, 0x01, 0x01, 0x20, 0x00, 0x01,
  0x00, 0x01, 0x00, 0xb4, 0x00, 0x01, 0x00, 0x00, 0x00, 0xe5, 0x00, 0x00,
  0x00, 0x01, 0x00, 0x02, 0x00, 0xb4, 0x00, 0xb4, 0x00, 0x01, 0x00, 0x00,
  0x00, 0xe5, 0x00, 0x01, 0x00, 0x00, 0x00, 0x01, 0x00, 0x08, 0x00, 0x01,
  0x00, 0x14, 0xff, 0xaf, 0x00, 0x01, 0x00, 0x00, 0x00, 0x01, 0x00, 0x08,
  0x00, 0x01, 0x00, 0x06, 0x00, 0x6c, 0x00, 0x01, 0x00, 0x01, 0x00, 0xb4,
  0x00, 0x06, 0x00, 0x00, 0x00, 0x01, 0x00, 0x08, 0x00, 0x01, 0x00, 0xcc,
  0x00, 0x01, 0x00, 0x08, 0x00, 0x04, 0x00, 0x0a, 0x19, 0xd4, 0x00, 0x16,
  0x00, 0x24, 0x00, 0x01, 0x00, 0xad, 0x00, 0x01, 0x00, 0x01, 0x00, 0xad,
  0x00, 0x00, 0x00, 0x01, 0x01, 0x20, 0x00, 0x01, 0x00, 0x00, 0x00, 0x01,
  0x00, 0x00, 0x00, 0xe7, 0x00, 0x00, 0x00, 0x01, 0x00, 0x01, 0x00, 0xad,
  0x00, 0x01, 0x00, 0x00, 0x00, 0xe8, 0x00, 0x01, 0x00, 0x00, 0x00, 0x01,
  0x00, 0x08, 0x00, 0x01, 0x00, 0x8a, 0xff, 0xdd, 0x00, 0x06, 0x00, 0x00,
  0x00, 0x01, 0x00, 0x08, 0x00, 0x01, 0x00, 0x7c, 0x00, 0x01, 0x00, 0x08,
  0x00, 0x05, 0x00, 0x0c, 0x00, 0x1a, 0x00, 0x28, 0x00, 0x38, 0x00, 0x48,
  0x00, 0x01, 0x00, 0xad, 0x00, 0x01, 0x00, 0x02, 0x00, 0xad, 0x00, 0xad,
  0x00, 0x00, 0x00, 0x00, 0x00, 0x01, 0x00, 0x03, 0x00, 0xad, 0x00, 0xad,
  0x00, 0xad, 0x00, 0x00, 0x00, 0x02, 0x01, 0x20, 0x01, 0x20, 0x00, 0x01,
  0x00, 0x00, 0x00, 0x01, 0x00, 0x00, 0x00, 0xea, 0x00, 0x01, 0x01, 0x20,
  0x00, 0x01, 0x00, 0x01, 0x00, 0xad, 0x00, 0x01, 0x00, 0x00, 0x00, 0xeb,
  0x00, 0x00, 0x00, 0x01, 0x00, 0x02, 0x00, 0xad, 0x00, 0xad, 0x00, 0x01,
  0x00, 0x00, 0x00, 0xeb, 0x00, 0x01, 0x00, 0x00, 0x00, 0x01, 0x00, 0x08,
  0x00, 0x01, 0x00, 0x14, 0xff, 0xde, 0x00, 0x01, 0x00, 0x00, 0x00, 0x01,
  0x00, 0x08, 0x00, 0x01, 0x00, 0x06, 0x00, 0x73, 0x00, 0x01, 0x00, 0x01,
  0x00, 0xad, 0x00, 0x06, 0x00, 0x00, 0x00, 0x01, 0x00, 0x08, 0x00, 0x01,
  0x00, 0x5e, 0x00, 0x02, 0x00, 0x0a, 0x00, 0x1c, 0x00, 0x01, 0x00, 0x04,
  0x00, 0x01, 0x01, 0x20, 0x00, 0x01, 0x00, 0x00, 0x00, 0x01, 0x00, 0x00,
  0x00, 0xed, 0x00, 0x04, 0x00, 0x0a, 0x1a, 0x38, 0x00, 0x16, 0x00, 0x22,
  0x00, 0x01, 0x00, 0xad, 0x00, 0x01, 0x00, 0x01, 0x00, 0xaa, 0x00, 0x00,
  0x00, 0x00, 0x00, 0x01, 0x00, 0x02, 0x00, 0xaa, 0x01, 0x15, 0x00, 0x00,
  0x00, 0x00, 0x00, 0x01, 0x00, 0x01, 0x00, 0xaa, 0x00, 0x01, 0x00, 0x00,
  0x00, 0xed, 0x00, 0x01, 0x00, 0x00, 0x00, 0x01, 0x00, 0x08, 0x00, 0x02,
  0x00, 0x0a, 0x00, 0x02, 0x00, 0x89, 0x01, 0x20, 0x00, 0x01, 0x00, 0x02,
  0x00, 0xaa, 0x00, 0xad, 0x00, 0x06, 0x00, 0x00, 0x00, 0x01, 0x00, 0x08,
  0x00, 0x01, 0x00, 0xa8, 0x00, 0x02, 0x00, 0x0a, 0x00, 0x84, 0x00, 0x08,
  0x00, 0x12, 0x1a, 0x36, 0x00, 0x1e, 0x00, 0x2e, 0x00, 0x3e, 0x00, 0x4e,
  0x00, 0x5e, 0x00, 0x6c, 0x00, 0x01, 0x00, 0xad, 0x00, 0x01, 0x00, 0x01,
  0x01, 0x15, 0x00, 0x00, 0x00, 0x01, 0x00, 0xb6, 0x00, 0x01, 0x00, 0x03,
  0x01, 0x15, 0x00, 0xaa, 0x01, 0x15, 0x00, 0x00, 0x00, 0x01, 0x00, 0xb6,
  0x00, 0x01, 0x00, 0x03, 0x01, 0x15, 0x00, 0xac, 0x01, 0x15, 0x00, 0x00,
  0x00, 0x01, 0x00, 0xb6, 0x00, 0x01, 0x00, 0x03, 0x01, 0x15, 0x01, 0x17,
  0x01, 0x17, 0x00, 0x00, 0x00, 0x01, 0x00, 0xb6, 0x00, 0x01, 0x00, 0x03,
  0x01, 0x15, 0x00, 0xb1, 0x01, 0x15, 0x00, 0x00, 0x00, 0x01, 0x00, 0xb6,
  0x00, 0x01, 0x00, 0x02, 0x01, 0x15, 0x01, 0x16, 0x00, 0x00, 0x00, 0x00,
  0x00, 0x01, 0x00, 0x01, 0x01, 0x15, 0x00, 0x01, 0x00, 0x00, 0x00, 0xef,
  0x00, 0x01, 0x00, 0x04, 0x00, 0x01, 0x01, 0x20, 0x00, 0x01, 0x00, 0x00,
  0x00, 0x01, 0x00, 0x00, 0x00, 0xef, 0x00, 0x01, 0x00, 0x00, 0x00, 0x01,
  0x00, 0x08, 0x00, 0x02, 0x00, 0x0a, 0x00, 0x02, 0x01, 0x20, 0x00, 0x8c,
  0x00, 0x01, 0x00, 0x02, 0x00, 0xad, 0x01, 0x15, 0x00, 0x06, 0x00, 0x00,
  0x00, 0x01, 0x00, 0x08, 0x00, 0x01, 0x00, 0x5c, 0x00, 0x02, 0x00, 0x0a,
  0x00, 0x1c, 0x00, 0x01, 0x00, 0x04, 0x00, 0x01, 0x01, 0x20, 0x00, 0x01,
  0x00, 0x00, 0x00, 0x01, 0x00, 0x00, 0x00, 0xf1, 0x00, 0x03, 0x00, 0x08,
  0x00, 0x14, 0x00, 0x20, 0x00, 0x01, 0x00, 0xad, 0x00, 0x01, 0x00, 0x01,
  0x00, 0xa8, 0x00, 0x00, 0x00, 0x00, 0x00, 0x01, 0x00, 0x02, 0x00, 0xa8,
  0x00, 0xa8, 0x00, 0x00, 0x00, 0x00, 0x00, 0x01, 0x00, 0x01, 0x00, 0xa8,
  0x00, 0x01, 0x00, 0x00, 0x00, 0xf1, 0x00, 0x01, 0x00, 0x00, 0x00, 0x01,
  0x00, 0x08, 0x00, 0x02, 0x00, 0x0a, 0x00, 0x02, 0x00, 0x88, 0x01, 0x20,
  0x00, 0x01, 0x00, 0x02, 0x00, 0xa8, 0x00, 0xad, 0x00, 0x06, 0x00, 0x00,
  0x00, 0x01, 0x00, 0x08, 0x00, 0x01, 0x01, 0x46, 0x00, 0x01, 0x00, 0x08,
  0x00, 0x04, 0x00, 0x0a, 0x00, 0x16, 0x00, 0x22, 0x00, 0x30, 0x00, 0x01,
  0x01, 0x11, 0x00, 0x01, 0x00, 0x01, 0x01, 0x11, 0x00, 0x00, 0x00, 0x00,
  0x00, 0x01, 0x00, 0x02, 0x01, 0x11, 0x01, 0x11, 0x00, 0x00, 0x00, 0x01,
  0x01, 0x20, 0x00, 0x01, 0x00, 0x00, 0x00, 0x01, 0x00, 0x00, 0x00, 0xf3,
  0x00, 0x00, 0x00, 0x01, 0x00, 0x01, 0x01, 0x11, 0x00, 0x01, 0x00, 0x00,
  0x00, 0xf4, 0x00, 0x01, 0x00, 0x00, 0x00, 0x01, 0x00, 0x08, 0x00, 0x01,
  0x00, 0xf8, 0xff, 0xae, 0x00, 0x06, 0x00, 0x00, 0x00, 0x01, 0x00, 0x08,
  0x00, 0x01, 0x00, 0x5e, 0x00, 0x02, 0x00, 0x0a, 0x00, 0x3a, 0x00, 0x04,
  0x00, 0x0a, 0x18, 0xb6, 0x00, 0x16, 0x00, 0x22, 0x00, 0x01, 0x01, 0x11,
  0x00, 0x01, 0x00, 0x01, 0x01, 0x15, 0x00, 0x00, 0x00, 0x00, 0x00, 0x01,
  0x00, 0x02, 0x01, 0x15, 0x01, 0x16, 0x00, 0x00, 0x00, 0x00, 0x00, 0x01,
  0x00, 0x01, 0x01, 0x15, 0x00, 0x01, 0x00, 0x00, 0x00, 0xf6, 0x00, 0x01,
  0x00, 0x04, 0x00, 0x01, 0x01, 0x20, 0x00, 0x01, 0x00, 0x00, 0x00, 0x01,
  0x00, 0x00, 0x00, 0xf6, 0x00, 0x01, 0x00, 0x00, 0x00, 0x01, 0x00, 0x08,
  0x00, 0x02, 0x00, 0x0a, 0x00, 0x02, 0x01, 0x20, 0x00, 0xc1, 0x00, 0x01,
  0x00, 0x02, 0x01, 0x11, 0x01, 0x15, 0x00, 0x06, 0x00, 0x00, 0x00, 0x01,
  0x00, 0x08, 0x00, 0x01, 0x00, 0x7c, 0x00, 0x01, 0x00, 0x08, 0x00, 0x05,
  0x00, 0x0c, 0x00, 0x1a, 0x00, 0x28, 0x00, 0x38, 0x00, 0x48, 0x00, 0x01,
  0x01, 0x11, 0x00, 0x01, 0x00, 0x02, 0x01, 0x11, 0x01, 0x11, 0x00, 0x00,
  0x00, 0x00, 0x00, 0x01, 0x00, 0x03, 0x01, 0x11, 0x01, 0x11, 0x01, 0x11,
  0x00, 0x00, 0x00, 0x02, 0x01, 0x20, 0x01, 0x20, 0x00, 0x01, 0x00, 0x00,
  0x00, 0x01, 0x00, 0x00, 0x00, 0xf8, 0x00, 0x01, 0x01, 0x20, 0x00, 0x01,
  0x00, 0x01, 0x01, 0x11, 0x00, 0x01, 0x00, 0x00, 0x00, 0xf9, 0x00, 0x00,
  0x00, 0x01, 0x00, 0x02, 0x01, 0x11, 0x01, 0x11, 0x00, 0x01, 0x00, 0x00,
  0x00, 0xf9, 0x00, 0x01, 0x00, 0x00, 0x00, 0x01, 0x00, 0x08, 0x00, 0x01,
  0x00, 0x14, 0xff, 0xaf, 0x00, 0x01, 0x00, 0x00, 0x00, 0x01, 0x00, 0x08,
  0x00, 0x01, 0x00, 0x06, 0x00, 0x0f, 0x00, 0x01, 0x00, 0x01, 0x01, 0x11,
  0x00, 0x06, 0x00, 0x00, 0x00, 0x01, 0x00, 0x08, 0x00, 0x01, 0x00, 0x50,
  0x00, 0x02, 0x00, 0x0a, 0x00, 0x2c, 0x00, 0x03, 0x00, 0x08, 0x17, 0xbe,
  0x00, 0x14, 0x00, 0x01, 0x00, 0xa8, 0x00, 0x01, 0x00, 0x01, 0x01, 0x15,
  0x00, 0x00, 0x00, 0x00, 0x00, 0x01, 0x00, 0x01, 0x01, 0x15, 0x00, 0x01,
  0x00, 0x00, 0x00, 0xfb, 0x00, 0x01, 0x00, 0x04, 0x00, 0x01, 0x01, 0x20,
  0x00, 0x01, 0x00, 0x00, 0x00, 0x01, 0x00, 0x00, 0x00, 0xfb, 0x00, 0x01,
  0x00, 0x00, 0x00, 0x01, 0x00, 0x08, 0x00, 0x02, 0x00, 0x0a, 0x00, 0x02,
  0x01, 0x20, 0x00, 0x79, 0x00, 0x01, 0x00, 0x02, 0x00, 0xa8, 0x01, 0x15,
  0x00, 0x06, 0x00, 0x00, 0x00, 0x01, 0x00, 0x08, 0x00, 0x01, 0x00, 0x56,
  0x00, 0x01, 0x00, 0x08, 0x00, 0x04, 0x00, 0x0a, 0x16, 0x10, 0x00, 0x16,
  0x00, 0x24, 0x00, 0x01, 0x00, 0xb5, 0x00, 0x01, 0x00, 0x01, 0x00, 0xb5,
  0x00, 0x00, 0x00, 0x01, 0x01, 0x20, 0x00, 0x01, 0x00, 0x00, 0x00, 0x01,
  0x00, 0x00, 0x00, 0xfd, 0x00, 0x00, 0x00, 0x01, 0x00, 0x01, 0x00, 0xb5,
  0x00, 0x01, 0x00, 0x00, 0x00, 0xfe, 0x00, 0x01, 0x00, 0x00, 0x00, 0x01,
  0x00, 0x08, 0x00, 0x01, 0x00, 0x14, 0xff, 0xf2, 0x00, 0x01, 0x00, 0x00,
  0x00, 0x01, 0x00, 0x08, 0x00, 0x01, 0x00, 0x06, 0x00, 0x6b, 0x00, 0x01,
  0x00, 0x01, 0x00, 0xb5, 0x00, 0x06, 0x00, 0x00, 0x00, 0x01, 0x00, 0x08,
  0x00, 0x01, 0x00, 0x88, 0x00, 0x02, 0x00, 0x0a, 0x00, 0x1e, 0x00, 0x01,
  0x00, 0x04, 0x00, 0x01, 0x01, 0x20, 0x00, 0x01, 0x00, 0x01, 0x01, 0x15,
  0x00, 0x01, 0x00, 0x00, 0x01, 0x00, 0x00, 0x05, 0x00, 0x0c, 0x00, 0x1a,
  0x00, 0x2a, 0x00, 0x38, 0x00, 0x48, 0x00, 0x01, 0x01, 0x15, 0x00, 0x01,
  0x00, 0x02, 0x00, 0xb1, 0x01, 0x15, 0x00, 0x00, 0x00, 0x02, 0x00, 0xad,
  0x00, 0xb6, 0x00, 0x01, 0x00, 0x02, 0x00, 0xb1, 0x01, 0x15, 0x00, 0x00,
  0x00, 0x00, 0x00, 0x01, 0x00, 0x03, 0x00, 0xb1, 0x01, 0x15, 0x01, 0x15,
  0x00, 0x00, 0x00, 0x02, 0x01, 0x20, 0x01, 0x20, 0x00, 0x01, 0x00, 0x00,
  0x00, 0x01, 0x00, 0x00, 0x01, 0x00, 0x00, 0x00, 0x00, 0x01, 0x00, 0x02,
  0x00, 0xb1, 0x01, 0x15, 0x00, 0x01, 0x00, 0x00, 0x01, 0x01, 0x00, 0x01,
  0x00, 0x00, 0x00, 0x01, 0x00, 0x08, 0x00, 0x02, 0x00, 0x0a, 0x00, 0x02,
  0x01, 0x20, 0x00, 0xdb, 0x00, 0x01, 0x00, 0x02, 0x00, 0xb1, 0x01, 0x15,
  0x00, 0x01, 0x00, 0x00, 0x00, 0x01, 0x00, 0x08, 0x00, 0x01, 0x00, 0x06,
  0x00, 0x0b, 0x00, 0x01, 0x00, 0x01, 0x01, 0x15, 0x00, 0x06, 0x00, 0x00,
  0x00, 0x01, 0x00, 0x08, 0x00, 0x01, 0x07, 0x8c, 0x00, 0x02, 0x00, 0x0a,
  0x00, 0x1e, 0x00, 0x01, 0x00, 0x04, 0x00, 0x01, 0x01, 0x20, 0x00, 0x01,
  0x00, 0x01, 0x01, 0x17, 0x00, 0x01, 0x00, 0x00, 0x01, 0x03, 0x00, 0x04,
  0x00, 0x0a, 0x00, 0x18, 0x00, 0x26, 0x00, 0x36, 0x00, 0x01, 0x01, 0x17,
  0x00, 0x01, 0x00, 0x02, 0x00, 0xb4, 0x01, 0x17, 0x00, 0x00, 0x00, 0x00,
  0x00, 0x01, 0x00, 0x03, 0x00, 0xb4, 0x01, 0x17, 0x01, 0x17, 0x00, 0x00,
  0x00, 0x02, 0x01, 0x20, 0x01, 0x20, 0x00, 0x01, 0x00, 0x00, 0x00, 0x01,
  0x00, 0x00, 0x01, 0x03, 0x00, 0x00, 0x00, 0x01, 0x00, 0x02, 0x00, 0xb4,
  0x01, 0x17, 0x00, 0x01, 0x00, 0x00, 0x01, 0x04, 0x00, 0x01, 0x00, 0x00,
  0x00, 0x01, 0x00, 0x08, 0x00, 0x02, 0x07, 0x20, 0x00, 0x02, 0x01, 0x20,
  0x00, 0xea, 0x00, 0x06, 0x00, 0x00, 0x00, 0x01, 0x00, 0x08, 0x00, 0x01,
  0x07, 0xa6, 0x00, 0x02, 0x00, 0x0a, 0x00, 0x1e, 0x00, 0x01, 0x00, 0x04,
  0x00, 0x01, 0x01, 0x20, 0x00, 0x01, 0x00, 0x01, 0x01, 0x17, 0x00, 0x01,
  0x00, 0x00, 0x01, 0x06, 0x00, 0x05, 0x00, 0x0c, 0x00, 0x1a, 0x00, 0x2a,
  0x00, 0x38, 0x00, 0x48, 0x00, 0x01, 0x01, 0x17, 0x00, 0x01, 0x00, 0x02,
  0x01, 0x15, 0x01, 0x17, 0x00, 0x00, 0x00, 0x02, 0x00, 0xad, 0x00, 0xb6,
  0x00, 0x01, 0x00, 0x02, 0x01, 0x15, 0x01, 0x17, 0x00, 0x00, 0x00, 0x00,
  0x00, 0x01, 0x00, 0x03, 0x01, 0x15, 0x01, 0x17, 0x01, 0x17, 0x00, 0x00,
  0x00, 0x02, 0x01, 0x20, 0x01, 0x20, 0x00, 0x01, 0x00, 0x00, 0x00, 0x01,
  0x00, 0x00, 0x01, 0x06, 0x00, 0x00, 0x00, 0x01, 0x00, 0x02, 0x01, 0x15,
  0x01, 0x17, 0x00, 0x01, 0x00, 0x00, 0x01, 0x07, 0x00, 0x01, 0x00, 0x00,
  0x00, 0x01, 0x00, 0x08, 0x00, 0x02, 0x07, 0x28, 0x00, 0x02, 0x01, 0x20,
  0x00, 0xfe, 0x00, 0x06, 0x00, 0x00, 0x00, 0x01, 0x00, 0x08, 0x00, 0x01,
  0x00, 0xac, 0x00, 0x03, 0x00, 0x0c, 0x00, 0x36, 0x00, 0x4a, 0x00, 0x02,
  0x00, 0x06, 0x00, 0x18, 0x00, 0x02, 0x01, 0x20, 0x01, 0x20, 0x00, 0x01,
  0x00, 0x01, 0x01, 0x16, 0x00, 0x01, 0x00, 0x00, 0x01, 0x09, 0x00, 0x01,
  0x01, 0x20, 0x00, 0x01, 0x00, 0x02, 0x01, 0x15, 0x01, 0x16, 0x00, 0x01,
  0x00, 0x00, 0x01, 0x09, 0x00, 0x01, 0x00, 0x04, 0x00, 0x02, 0x01, 0x20,
  0x01, 0x20, 0x00, 0x01, 0x00, 0x00, 0x00, 0x01, 0x00, 0x00, 0x01, 0x09,
  0x00, 0x04, 0x00, 0x0a, 0x00, 0x1a, 0x00, 0x2c, 0x00, 0x3c, 0x00, 0x01,
  0x01, 0x17, 0x00, 0x01, 0x00, 0x03, 0x01, 0x15, 0x01, 0x15, 0x01, 0x16,
  0x00, 0x00, 0x00, 0x02, 0x00, 0xad, 0x00, 0xb6, 0x00, 0x01, 0x00, 0x03,
  0x01, 0x15, 0x01, 0x15, 0x01, 0x16, 0x00, 0x00, 0x00, 0x00, 0x00, 0x01,
  0x00, 0x04, 0x01, 0x15, 0x01, 0x15, 0x01, 0x16, 0x01, 0x16, 0x00, 0x00,
  0x00, 0x00, 0x00, 0x01, 0x00, 0x03, 0x01, 0x15, 0x01, 0x15, 0x01, 0x16,
  0x00, 0x01, 0x00, 0x00, 0x01, 0x09, 0x00, 0x01, 0x00, 0x00, 0x00, 0x01,
  0x00, 0x08, 0x00, 0x02, 0x00, 0x0c, 0x00, 0x03, 0x01, 0x20, 0x00, 0xfc,
  0x01, 0x20, 0x00, 0x01, 0x00, 0x03, 0x01, 0x15, 0x01, 0x16, 0x01, 0x17,
  0x00, 0x06, 0x00, 0x00, 0x00, 0x01, 0x00, 0x08, 0x00, 0x01, 0x02, 0x1c,
  0x00, 0x02, 0x00, 0x0a, 0x00, 0x78, 0x00, 0x07, 0x00, 0x10, 0x00, 0x1e,
  0x00, 0x2c, 0x00, 0x3e, 0x07, 0xc2, 0x00, 0x4e, 0x00, 0x5e, 0x00, 0x01,
  0x00, 0xba, 0x00, 0x01, 0x00, 0x02, 0x01, 0x15, 0x01, 0x16, 0x00, 0x00,
  0x00, 0x01, 0x01, 0x15, 0x00, 0x01, 0x00, 0x02, 0x01, 0x15, 0x01, 0x16,
  0x00, 0x00, 0x00, 0x03, 0x01, 0x17, 0x00, 0xad, 0x00, 0xb6, 0x00, 0x01,
  0x00, 0x02, 0x01, 0x15, 0x01, 0x16, 0x00, 0x00, 0x00, 0x02, 0x00, 0xad,
  0x00, 0xb6, 0x00, 0x01, 0x00, 0x02, 0x01, 0x15, 0x01, 0x16, 0x00, 0x00,
  0x00, 0x01, 0x01, 0x20, 0x00, 0x01, 0x00, 0x01, 0x01, 0x16, 0x00, 0x01,
  0x00, 0x00, 0x01, 0x0b, 0x00, 0x00, 0x00, 0x01, 0x00, 0x02, 0x01, 0x15,
  0x01, 0x16, 0x00, 0x01, 0x00, 0x00, 0x01, 0x0b, 0x00, 0x01, 0x00, 0x04,
  0x00, 0x02, 0x01, 0x20, 0x01, 0x20, 0x00, 0x01, 0x00, 0x00, 0x00, 0x01,
  0x00, 0x00, 0x01, 0x0b, 0x00, 0x01, 0x00, 0x00, 0x00, 0x01, 0x00, 0x08,
  0x00, 0x02, 0x01, 0x88, 0x00, 0x02, 0x01, 0x20, 0x00, 0xd7, 0x00, 0x06,
  0x00, 0x00, 0x00, 0x01, 0x00, 0x08, 0x00, 0x01, 0x01, 0x76, 0x00, 0x02,
  0x00, 0x0a, 0x00, 0x50, 0x00, 0x04, 0x00, 0x0a, 0x00, 0x18, 0x00, 0x28,
  0x00, 0x36, 0x00, 0x01, 0x01, 0x15, 0x00, 0x01, 0x00, 0x02, 0x01, 0x16,
  0x01, 0x16, 0x00, 0x00, 0x00, 0x02, 0x00, 0xad, 0x00, 0xb6, 0x00, 0x01,
  0x00, 0x02, 0x01, 0x16, 0x01, 0x16, 0x00, 0x00, 0x00, 0x00, 0x00, 0x01,
  0x00, 0x03, 0x01, 0x16, 0x01, 0x16, 0x01, 0x16, 0x00, 0x00, 0x00, 0x00,
  0x00, 0x01, 0x00, 0x02, 0x01, 0x16, 0x01, 0x16, 0x00, 0x01, 0x00, 0x00,
  0x01, 0x0d, 0x00, 0x02, 0x00, 0x06, 0x00, 0x16, 0x00, 0x02, 0x01, 0x20,
  0x01, 0x20, 0x00, 0x01, 0x00, 0x00, 0x00, 0x01, 0x00, 0x00, 0x01, 0x0d,
  0x00, 0x01, 0x01, 0x20, 0x00, 0x01, 0x00, 0x01, 0x01, 0x16, 0x00, 0x01,
  0x00, 0x00, 0x01, 0x0e, 0x00, 0x01, 0x00, 0x00, 0x00, 0x01, 0x00, 0x08,
  0x00, 0x02, 0x00, 0xf8, 0x00, 0x02, 0x01, 0x20, 0x00, 0xd9, 0x00, 0x06,
  0x00, 0x00, 0x00, 0x01, 0x00, 0x08, 0x00, 0x01, 0x00, 0xe6, 0x00, 0x02,
  0x00, 0x0a, 0x00, 0x1e, 0x00, 0x01, 0x00, 0x04, 0x00, 0x01, 0x01, 0x20,
  0x00, 0x01, 0x00, 0x01, 0x01, 0x16, 0x00, 0x01, 0x00, 0x00, 0x01, 0x10,
  0x00, 0x04, 0x00, 0x0a, 0x06, 0x78, 0x00, 0x18, 0x00, 0x28, 0x00, 0x01,
  0x01, 0x16, 0x00, 0x01, 0x00, 0x02, 0x01, 0x15, 0x01, 0x16, 0x00, 0x00,
  0x00, 0x02, 0x01, 0x20, 0x01, 0x20, 0x00, 0x01, 0x00, 0x00, 0x00, 0x01,
  0x00, 0x00, 0x01, 0x10, 0x00, 0x00, 0x00, 0x01, 0x00, 0x02, 0x01, 0x15,
  0x01, 0x16, 0x00, 0x01, 0x00, 0x00, 0x01, 0x11, 0x00, 0x01, 0x00, 0x00,
  0x00, 0x01, 0x00, 0x08, 0x00, 0x02, 0x00, 0x88, 0x00, 0x02, 0x01, 0x20,
  0x00, 0xe1, 0x00, 0x06, 0x00, 0x00, 0x00, 0x01, 0x00, 0x08, 0x00, 0x01,
  0x00, 0x76, 0x00, 0x02, 0x00, 0x0a, 0x00, 0x1e, 0x00, 0x01, 0x00, 0x04,
  0x00, 0x02, 0x01, 0x20, 0x01, 0x20, 0x00, 0x01, 0x00, 0x00, 0x00, 0x01,
  0x00, 0x00, 0x01, 0x13, 0x00, 0x04, 0x00, 0x0a, 0x00, 0x18, 0x00, 0x26,
  0x00, 0x36, 0x00, 0x01, 0x01, 0x16, 0x00, 0x01, 0x00, 0x02, 0x01, 0x16,
  0x01, 0x15, 0x00, 0x00, 0x00, 0x00, 0x00, 0x01, 0x00, 0x03, 0x01, 0x16,
  0x01, 0x15, 0x01, 0x15, 0x00, 0x00, 0x00, 0x01, 0x01, 0x20, 0x00, 0x01,
  0x00, 0x01, 0x01, 0x15, 0x00, 0x01, 0x00, 0x00, 0x01, 0x13, 0x00, 0x00,
  0x00, 0x01, 0x00, 0x02, 0x01, 0x16, 0x01, 0x15, 0x00, 0x01, 0x00, 0x00,
  0x01, 0x13, 0x00, 0x01, 0x00, 0x00, 0x00, 0x01, 0x00, 0x08, 0x00, 0x02,
  0x00, 0x0a, 0x00, 0x02, 0x00, 0xe4, 0x01, 0x20, 0x00, 0x01, 0x00, 0x02,
  0x01, 0x15, 0x01, 0x16, 0x00, 0x06, 0x00, 0x00, 0x00, 0x01, 0x00, 0x08,
  0x00, 0x01, 0x01, 0x5a, 0x00, 0x02, 0x00, 0x0a, 0x00, 0x1e, 0x00, 0x01,
  0x00, 0x04, 0x00, 0x02, 0x01, 0x20, 0x01, 0x20, 0x00, 0x01, 0x00, 0x00,
  0x00, 0x01, 0x00, 0x00, 0x01, 0x15, 0x00, 0x04, 0x00, 0x0a, 0x00, 0x18,
  0x00, 0x26, 0x00, 0x36, 0x00, 0x01, 0x01, 0x16, 0x00, 0x01, 0x00, 0x02,
  0x01, 0x16, 0x00, 0xb4, 0x00, 0x00, 0x00, 0x00, 0x00, 0x01, 0x00, 0x03,
  0x01, 0x16, 0x00, 0xb4, 0x00, 0xb4, 0x00, 0x00, 0x00, 0x01, 0x01, 0x20,
  0x00, 0x01, 0x00, 0x01, 0x00, 0xb4, 0x00, 0x01, 0x00, 0x00, 0x01, 0x15,
  0x00, 0x00, 0x00, 0x01, 0x00, 0x02, 0x01, 0x16, 0x00, 0xb4, 0x00, 0x01,
  0x00, 0x00, 0x01, 0x15, 0x00, 0x01, 0x00, 0x00, 0x00, 0x01, 0x00, 0x08,
  0x00, 0x02, 0x00, 0xee, 0x00, 0x02, 0x00, 0xe3, 0x01, 0x20, 0x00, 0x06,
  0x00, 0x00, 0x00, 0x01, 0x00, 0x08, 0x00, 0x01, 0x00, 0xdc, 0x00, 0x02,
  0x00, 0x0a, 0x00, 0x1c, 0x00, 0x01, 0x00, 0x04, 0x00, 0x01, 0x01, 0x20,
  0x00, 0x01, 0x00, 0x00, 0x00, 0x01, 0x00, 0x00, 0x01, 0x17, 0x00, 0x05,
  0x00, 0x0c, 0x08, 0x2a, 0x00, 0x18, 0x00, 0x24, 0x00, 0x30, 0x00, 0x01,
  0x01, 0x16, 0x00, 0x01, 0x00, 0x01, 0x00, 0xb4, 0x00, 0x00, 0x00, 0x00,
  0x00, 0x01, 0x00, 0x02, 0x00, 0xb4, 0x01, 0x16, 0x00, 0x00, 0x00, 0x00,
  0x00, 0x01, 0x00, 0x02, 0x00, 0xb4, 0x01, 0x17, 0x00, 0x00, 0x00, 0x00,
  0x00, 0x01, 0x00, 0x01, 0x00, 0xb4, 0x00, 0x01, 0x00, 0x00, 0x01, 0x17,
  0x00, 0x01, 0x00, 0x00, 0x00, 0x01, 0x00, 0x08, 0x00, 0x02, 0x00, 0x7a,
  0x00, 0x02, 0x00, 0xdc, 0x01, 0x20, 0x00, 0x06, 0x00, 0x00, 0x00, 0x01,
  0x00, 0x08, 0x00, 0x01, 0x00, 0x68, 0x00, 0x02, 0x00, 0x0a, 0x00, 0x1e,
  0x00, 0x01, 0x00, 0x04, 0x00, 0x01, 0x01, 0x20, 0x00, 0x01, 0x00, 0x01,
  0x01, 0x16, 0x00, 0x01, 0x00, 0x00, 0x01, 0x19, 0x00, 0x04, 0x00, 0x0a,
  0x05, 0x32, 0x00, 0x18, 0x00, 0x28, 0x00, 0x01, 0x01, 0x16, 0x00, 0x01,
  0x00, 0x02, 0x00, 0xb4, 0x01, 0x16, 0x00, 0x00, 0x00, 0x02, 0x01, 0x20,
  0x01, 0x20, 0x00, 0x01, 0x00, 0x00, 0x00, 0x01, 0x00, 0x00, 0x01, 0x19,
  0x00, 0x00, 0x00, 0x01, 0x00, 0x02, 0x00, 0xb4, 0x01, 0x16, 0x00, 0x01,
  0x00, 0x00, 0x01, 0x1a, 0x00, 0x01, 0x00, 0x00, 0x00, 0x01, 0x00, 0x08,
  0x00, 0x02, 0x00, 0x0a, 0x00, 0x02, 0x01, 0x20, 0x00, 0xdd, 0x00, 0x01,
  0x00, 0x02, 0x00, 0xb4, 0x01, 0x16, 0x00, 0x01, 0x00, 0x00, 0x00, 0x01,
  0x00, 0x08, 0x00, 0x01, 0x00, 0x06, 0x00, 0x0a, 0x00, 0x01, 0x00, 0x01,
  0x01, 0x16, 0x00, 0x06, 0x00, 0x00, 0x00, 0x01, 0x00, 0x08, 0x00, 0x01,
  0x05, 0xa2, 0x00, 0x02, 0x00, 0x0a, 0x00, 0x22, 0x00, 0x04, 0x00, 0x66,
  0x05, 0xdc, 0x05, 0xe8, 0x00, 0x0a, 0x00, 0x00, 0x00, 0x01, 0x00, 0x01,
  0x01, 0x18, 0x00, 0x01, 0x00, 0x00, 0x01, 0x1c, 0x00, 0x01, 0x00, 0x04,
  0x00, 0x01, 0x01, 0x20, 0x00, 0x01, 0x00, 0x00, 0x00, 0x01, 0x00, 0x00,
  0x01, 0x1c, 0x00, 0x01, 0x00, 0x00, 0x00, 0x01, 0x00, 0x08, 0x00, 0x02,
  0x05, 0x66, 0x00, 0x02, 0x01, 0x20, 0x01, 0x05, 0x00, 0x06, 0x00, 0x00,
  0x00, 0x01, 0x00, 0x08, 0x00, 0x01, 0x05, 0x6a, 0x00, 0x01, 0x00, 0x08,
  0x00, 0x06, 0x00, 0x0e, 0x00, 0x1a, 0x05, 0x90, 0x05, 0x9c, 0x00, 0x26,
  0x00, 0x34, 0x00, 0x01, 0x01, 0x18, 0x00, 0x01, 0x00, 0x01, 0x01, 0x18,
  0x00, 0x00, 0x00, 0x01, 0x01, 0x17, 0x00, 0x01, 0x00, 0x01, 0x01, 0x18,
  0x00, 0x00, 0x00, 0x01, 0x01, 0x20, 0x00, 0x01, 0x00, 0x00, 0x00, 0x01,
  0x00, 0x00, 0x01, 0x1e, 0x00, 0x00, 0x00, 0x01, 0x00, 0x01, 0x01, 0x18,
  0x00, 0x01, 0x00, 0x00, 0x01, 0x1f, 0x00, 0x01, 0x00, 0x00, 0x00, 0x01,
  0x00, 0x08, 0x00, 0x01, 0x05, 0x18, 0xff, 0xf5, 0x00, 0x06, 0x00, 0x00,
  0x00, 0x01, 0x00, 0x08, 0x00, 0x01, 0x00, 0x6e, 0x00, 0x03, 0x00, 0x0c,
  0x00, 0x20, 0x00, 0x46, 0x00, 0x01, 0x00, 0x04, 0x00, 0x02, 0x01, 0x20,
  0x01, 0x20, 0x00, 0x01, 0x00, 0x00, 0x00, 0x01, 0x00, 0x00, 0x01, 0x21,
  0x00, 0x03, 0x00, 0x08, 0x05, 0xa0, 0x00, 0x16, 0x00, 0x01, 0x01, 0x17,
  0x00, 0x01, 0x00, 0x02, 0x01, 0x18, 0x01, 0x16, 0x00, 0x00, 0x00, 0x00,
  0x00, 0x01, 0x00, 0x02, 0x01, 0x18, 0x01, 0x16, 0x00, 0x01, 0x00, 0x00,
  0x01, 0x21, 0x00, 0x01, 0x00, 0x04, 0x00, 0x01, 0x01, 0x20, 0x00, 0x01,
  0x00, 0x01, 0x01, 0x16, 0x00, 0x01, 0x00, 0x00, 0x01, 0x21, 0x00, 0x01,
  0x00, 0x00, 0x00, 0x01, 0x00, 0x08, 0x00, 0x02, 0x00, 0x0c, 0x00, 0x03,
  0x01, 0x06, 0x01, 0x20, 0x01, 0x20, 0x00, 0x01, 0x00, 0x03, 0x01, 0x16,
  0x01, 0x17, 0x01, 0x18, 0x00, 0x06, 0x00, 0x00, 0x00, 0x01, 0x00, 0x08,
  0x00, 0x01, 0x00, 0xe8, 0x00, 0x02, 0x00, 0x0a, 0x00, 0x54, 0x00, 0x05,
  0x00, 0x0c, 0x00, 0x18, 0x00, 0x24, 0x00, 0x30, 0x00, 0x3c, 0x00, 0x01,
  0x00, 0xb4, 0x00, 0x01, 0x00, 0x01, 0x01, 0x17, 0x00, 0x00, 0x00, 0x01,
  0x01, 0x17, 0x00, 0x01, 0x00, 0x01, 0x01, 0x17, 0x00, 0x00, 0x00, 0x01,
  0x01, 0x16, 0x00, 0x01, 0x00, 0x01, 0x01, 0x17, 0x00, 0x00, 0x00, 0x00,
  0x00, 0x01, 0x00, 0x02, 0x01, 0x17, 0x01, 0x17, 0x00, 0x00, 0x00, 0x00,
  0x00, 0x01, 0x00, 0x01, 0x01, 0x17, 0x00, 0x01, 0x00, 0x00, 0x01, 0x23,
  0x00, 0x01, 0x00, 0x04, 0x00, 0x01, 0x01, 0x20, 0x00, 0x01, 0x00, 0x00,
  0x00, 0x01, 0x00, 0x00, 0x01, 0x23, 0x00, 0x01, 0x00, 0x00, 0x00, 0x01,
  0x00, 0x08, 0x00, 0x02, 0x00, 0x7a, 0x00, 0x02, 0x01, 0x20, 0x00, 0x69,
  0x00, 0x06, 0x00, 0x00, 0x00, 0x01, 0x00, 0x08, 0x00, 0x01, 0x00, 0x68,
  0x00, 0x02, 0x00, 0x0a, 0x00, 0x30, 0x00, 0x03, 0x00, 0x08, 0x00, 0xa0,
  0x00, 0x16, 0x00, 0x01, 0x00, 0xb4, 0x00, 0x01, 0x00, 0x02, 0x01, 0x17,
  0x01, 0x17, 0x00, 0x00, 0x00, 0x00, 0x00, 0x01, 0x00, 0x02, 0x01, 0x17,
  0x01, 0x17, 0x00, 0x01, 0x00, 0x00, 0x01, 0x25, 0x00, 0x02, 0x00, 0x06,
  0x00, 0x16, 0x00, 0x02, 0x01, 0x20, 0x01, 0x20, 0x00, 0x01, 0x00, 0x00,
  0x00, 0x01, 0x00, 0x00, 0x01, 0x25, 0x00, 0x01, 0x01, 0x20, 0x00, 0x01,
  0x00, 0x01, 0x01, 0x17, 0x00, 0x01, 0x00, 0x00, 0x01, 0x26, 0x00, 0x01,
  0x00, 0x00, 0x00, 0x01, 0x00, 0x08, 0x00, 0x02, 0x00, 0x0a, 0x00, 0x02,
  0x01, 0x20, 0x00, 0x6a, 0x00, 0x01, 0x00, 0x02, 0x00, 0xb4, 0x01, 0x17,
  0x00, 0x06, 0x00, 0x00, 0x00, 0x01, 0x00, 0x08, 0x00, 0x01, 0x00, 0x88,
  0x00, 0x02, 0x00, 0x0a, 0x00, 0x50, 0x00, 0x04, 0x00, 0x0a, 0x00, 0x18,
  0x00, 0x28, 0x00, 0x36, 0x00, 0x01, 0x01, 0x15, 0x00, 0x01, 0x00, 0x02,
  0x01, 0x17, 0x01, 0x17, 0x00, 0x00, 0x00, 0x02, 0x00, 0xad, 0x00, 0xb6,
  0x00, 0x01, 0x00, 0x02, 0x01, 0x17, 0x01, 0x17, 0x00, 0x00, 0x00, 0x00,
  0x00, 0x01, 0x00, 0x03, 0x01, 0x17, 0x01, 0x17, 0x01, 0x17, 0x00, 0x00,
  0x00, 0x00, 0x00, 0x01, 0x00, 0x02, 0x01, 0x17, 0x01, 0x17, 0x00, 0x01,
  0x00, 0x00, 0x01, 0x28, 0x00, 0x02, 0x00, 0x06, 0x00, 0x16, 0x00, 0x02,
  0x01, 0x20, 0x01, 0x20, 0x00, 0x01, 0x00, 0x00, 0x00, 0x01, 0x00, 0x00,
  0x01, 0x28, 0x00, 0x01, 0x01, 0x20, 0x00, 0x01, 0x00, 0x01, 0x01, 0x17,
  0x00, 0x01, 0x00, 0x00, 0x01, 0x29, 0x00, 0x01, 0x00, 0x00, 0x00, 0x01,
  0x00, 0x08, 0x00, 0x02, 0x00, 0x0a, 0x00, 0x02, 0x01, 0x20, 0x00, 0xda,
  0x00, 0x01, 0x00, 0x02, 0x01, 0x15, 0x01, 0x17, 0x00, 0x01, 0x00, 0x00,
  0x00, 0x01, 0x00, 0x08, 0x00, 0x01, 0x00, 0x06, 0x00, 0x09, 0x00, 0x01,
  0x00, 0x01, 0x01, 0x17, 0x00, 0x06, 0x00, 0x00, 0x00, 0x01, 0x00, 0x08,
  0x00, 0x01, 0x00, 0x7c, 0x00, 0x03, 0x00, 0x0c, 0x00, 0x20, 0x00, 0x34,
  0x00, 0x01, 0x00, 0x04, 0x00, 0x01, 0x01, 0x20, 0x00, 0x01, 0x00, 0x01,
  0x01, 0x12, 0x00, 0x01, 0x00, 0x00, 0x01, 0x2b, 0x00, 0x01, 0x00, 0x04,
  0x00, 0x02, 0x01, 0x20, 0x01, 0x20, 0x00, 0x01, 0x00, 0x00, 0x00, 0x01,
  0x00, 0x00, 0x01, 0x2b, 0x00, 0x03, 0x00, 0x08, 0x00, 0x16, 0x00, 0x24,
  0x00, 0x01, 0x01, 0x17, 0x00, 0x01, 0x00, 0x02, 0x00, 0xb4, 0x01, 0x12,
  0x00, 0x00, 0x00, 0x00, 0x00, 0x01, 0x00, 0x03, 0x00, 0xb4, 0x01, 0x12,
  0x01, 0x12, 0x00, 0x00, 0x00, 0x00, 0x00, 0x01, 0x00, 0x02, 0x00, 0xb4,
  0x01, 0x12, 0x00, 0x01, 0x00, 0x00, 0x01, 0x2b, 0x00, 0x01, 0x00, 0x00,
  0x00, 0x01, 0x00, 0x08, 0x00, 0x02, 0x00, 0x0c, 0x00, 0x03, 0x01, 0x20,
  0x00, 0xe8, 0x01, 0x20, 0x00, 0x01, 0x00, 0x03, 0x00, 0xb4, 0x01, 0x12,
  0x01, 0x17, 0x00, 0x06, 0x00, 0x00, 0x00, 0x01, 0x00, 0x08, 0x00, 0x01,
  0x00, 0x8e, 0x00, 0x03, 0x00, 0x0c, 0x00, 0x20, 0x00, 0x34, 0x00, 0x01,
  0x00, 0x04, 0x00, 0x02, 0x01, 0x20, 0x01, 0x20, 0x00, 0x01, 0x00, 0x00,
  0x00, 0x01, 0x00, 0x00, 0x01, 0x2d, 0x00, 0x01, 0x00, 0x04, 0x00, 0x01,
  0x01, 0x20, 0x00, 0x01, 0x00, 0x01, 0x01, 0x12, 0x00, 0x01, 0x00, 0x00,
  0x01, 0x2d, 0x00, 0x04, 0x00, 0x0a, 0x00, 0x18, 0x00, 0x28, 0x00, 0x36,
  0x00, 0x01, 0x01, 0x17, 0x00, 0x01, 0x00, 0x02, 0x01, 0x15, 0x01, 0x12,
  0x00, 0x00, 0x00, 0x02, 0x00, 0xad, 0x00, 0xb6, 0x00, 0x01, 0x00, 0x02,
  0x01, 0x15, 0x01, 0x12, 0x00, 0x00, 0x00, 0x00, 0x00, 0x01, 0x00, 0x03,
  0x01, 0x15, 0x01, 0x12, 0x01, 0x12, 0x00, 0x00, 0x00, 0x00, 0x00, 0x01,
  0x00, 0x02, 0x01, 0x15, 0x01, 0x12, 0x00, 0x01, 0x00, 0x00, 0x01, 0x2d,
  0x00, 0x01, 0x00, 0x00, 0x00, 0x01, 0x00, 0x08, 0x00, 0x02, 0x00, 0x0c,
  0x00, 0x03, 0x00, 0xfa, 0x01, 0x20, 0x01, 0x20, 0x00, 0x01, 0x00, 0x03,
  0x01, 0x12, 0x01, 0x15, 0x01, 0x17, 0x00, 0x06, 0x00, 0x00, 0x00, 0x01,
  0x00, 0x08, 0x00, 0x01, 0x00, 0x7c, 0x00, 0x03, 0x00, 0x0c, 0x00, 0x40,
  0x00, 0x54, 0x00, 0x03, 0x00, 0x08, 0x00, 0x16, 0x00, 0x24, 0x00, 0x01,
  0x01, 0x12, 0x00, 0x01, 0x00, 0x02, 0x01, 0x15, 0x01, 0x16, 0x00, 0x00,
  0x00, 0x00, 0x00, 0x01, 0x00, 0x03, 0x01, 0x15, 0x01, 0x16, 0x01, 0x16,
  0x00, 0x00, 0x00, 0x00, 0x00, 0x01, 0x00, 0x02, 0x01, 0x15, 0x01, 0x16,
  0x00, 0x01, 0x00, 0x00, 0x01, 0x2f, 0x00, 0x01, 0x00, 0x04, 0x00, 0x01,
  0x01, 0x20, 0x00, 0x01, 0x00, 0x01, 0x01, 0x16, 0x00, 0x01, 0x00, 0x00,
  0x01, 0x2f, 0x00, 0x01, 0x00, 0x04, 0x00, 0x02, 0x01, 0x20, 0x01, 0x20,
  0x00, 0x01, 0x00, 0x00, 0x00, 0x01, 0x00, 0x00, 0x01, 0x2f, 0x00, 0x01,
  0x00, 0x00, 0x00, 0x01, 0x00, 0x08, 0x00, 0x02, 0x00, 0x0c, 0x00, 0x03,
  0x01, 0x20, 0x01, 0x20, 0x00, 0xcc, 0x00, 0x01, 0x00, 0x03, 0x01, 0x12,
  0x01, 0x15, 0x01, 0x16, 0x00, 0x06, 0x00, 0x00, 0x00, 0x01, 0x00, 0x08,
  0x00, 0x01, 0x00, 0x7c, 0x00, 0x03, 0x00, 0x0c, 0x00, 0x20, 0x00, 0x54,
  0x00, 0x01, 0x00, 0x04, 0x00, 0x01, 0x01, 0x20, 0x00, 0x01, 0x00, 0x01,
  0x01, 0x16, 0x00, 0x01, 0x00, 0x00, 0x01, 0x31, 0x00, 0x03, 0x00, 0x08,
  0x00, 0x16, 0x00, 0x24, 0x00, 0x01, 0x01, 0x12, 0x00, 0x01, 0x00, 0x02,
  0x00, 0xb4, 0x01, 0x16, 0x00, 0x00, 0x00, 0x00, 0x00, 0x01, 0x00, 0x03,
  0x00, 0xb4, 0x01, 0x16, 0x01, 0x16, 0x00, 0x00, 0x00, 0x00, 0x00, 0x01,
  0x00, 0x02, 0x00, 0xb4, 0x01, 0x16, 0x00, 0x01, 0x00, 0x00, 0x01, 0x31,
  0x00, 0x01, 0x00, 0x04, 0x00, 0x02, 0x01, 0x20, 0x01, 0x20, 0x00, 0x01,
  0x00, 0x00, 0x00, 0x01, 0x00, 0x00, 0x01, 0x31, 0x00, 0x01, 0x00, 0x00,
  0x00, 0x01, 0x00, 0x08, 0x00, 0x02, 0x00, 0x0c, 0x00, 0x03, 0x01, 0x20,
  0x01, 0x20, 0x00, 0xc3, 0x00, 0x01, 0x00, 0x03, 0x00, 0xb4, 0x01, 0x12,
  0x01, 0x16, 0x00, 0x06, 0x00, 0x00, 0x00, 0x01, 0x00, 0x08, 0x00, 0x01,
  0x00, 0x86, 0x00, 0x02, 0x00, 0x0a, 0x00, 0x4e, 0x00, 0x04, 0x00, 0x0a,
  0x00, 0x18, 0x00, 0x26, 0x00, 0x34, 0x00, 0x01, 0x01, 0x17, 0x00, 0x01,
  0x00, 0x02, 0x01, 0x18, 0x01, 0x18, 0x00, 0x00, 0x00, 0x00, 0x00, 0x01,
  0x00, 0x03, 0x01, 0x18, 0x01, 0x18, 0x01, 0x18, 0x00, 0x00, 0x00, 0x00,
  0x00, 0x01, 0x00, 0x03, 0x01, 0x18, 0x01, 0x18, 0x01, 0x16, 0x00, 0x00,
  0x00, 0x00, 0x00, 0x01, 0x00, 0x02, 0x01, 0x18, 0x01, 0x18, 0x00, 0x01,
  0x00, 0x00, 0x01, 0x33, 0x00, 0x02, 0x00, 0x06, 0x00, 0x16, 0x00, 0x02,
  0x01, 0x20, 0x01, 0x20, 0x00, 0x01, 0x00, 0x00, 0x00, 0x01, 0x00, 0x00,
  0x01, 0x33, 0x00, 0x01, 0x01, 0x20, 0x00, 0x01, 0x00, 0x01, 0x01, 0x18,
  0x00, 0x01, 0x00, 0x00, 0x01, 0x34, 0x00, 0x01, 0x00, 0x00, 0x00, 0x01,
  0x00, 0x08, 0x00, 0x02, 0x00, 0x0a, 0x00, 0x02, 0x01, 0x20, 0x01, 0x07,
  0x00, 0x01, 0x00, 0x02, 0x01, 0x17, 0x01, 0x18, 0x00, 0x01, 0x00, 0x00,
  0x00, 0x01, 0x00, 0x08, 0x00, 0x01, 0x00, 0x06, 0x00, 0x08, 0x00, 0x01,
  0x00, 0x01, 0x01, 0x18, 0x00, 0x06, 0x00, 0x00, 0x00, 0x01, 0x00, 0x08,
  0x00, 0x01, 0x01, 0xac, 0x00, 0x02, 0x00, 0x0a, 0x00, 0x46, 0x00, 0x04,
  0x00, 0x0a, 0x00, 0x16, 0x00, 0x22, 0x00, 0x2e, 0x00, 0x01, 0x00, 0xb4,
  0x00, 0x01, 0x00, 0x01, 0x01, 0x18, 0x00, 0x00, 0x00, 0x00, 0x00, 0x01,
  0x00, 0x02, 0x01, 0x18, 0x01, 0x18, 0x00, 0x00, 0x00, 0x00, 0x00, 0x01,
  0x00, 0x02, 0x01, 0x18, 0x01, 0x16, 0x00, 0x00, 0x00, 0x00, 0x00, 0x01,
  0x00, 0x01, 0x01, 0x18, 0x00, 0x01, 0x00, 0x00, 0x01, 0x36, 0x00, 0x01,
  0x00, 0x04, 0x00, 0x01, 0x01, 0x20, 0x00, 0x01, 0x00, 0x00, 0x00, 0x01,
  0x00, 0x00, 0x01, 0x36, 0x00, 0x01, 0x00, 0x00, 0x00, 0x01, 0x00, 0x08,
  0x00, 0x02, 0x01, 0x4c, 0x00, 0x02, 0x01, 0x20, 0x00, 0x6b, 0x00, 0x06,
  0x00, 0x00, 0x00, 0x01, 0x00, 0x08, 0x00, 0x01, 0x00, 0xce, 0x00, 0x02,
  0x00, 0x0a, 0x00, 0x1e, 0x00, 0x01, 0x00, 0x04, 0x00, 0x02, 0x01, 0x20,
  0x01, 0x20, 0x00, 0x01, 0x00, 0x00, 0x00, 0x01, 0x00, 0x00, 0x01, 0x38,
  0x00, 0x04, 0x00, 0x0a, 0x00, 0x18, 0x00, 0x26, 0x00, 0x36, 0x00, 0x01,
  0x01, 0x18, 0x00, 0x01, 0x00, 0x02, 0x01, 0x18, 0x01, 0x16, 0x00, 0x00,
  0x00, 0x00, 0x00, 0x01, 0x00, 0x03, 0x01, 0x18, 0x01, 0x16, 0x01, 0x16,
  0x00, 0x00, 0x00, 0x01, 0x01, 0x20, 0x00, 0x01, 0x00, 0x01, 0x01, 0x16,
  0x00, 0x01, 0x00, 0x00, 0x01, 0x38, 0x00, 0x00, 0x00, 0x01, 0x00, 0x02,
  0x01, 0x18, 0x01, 0x16, 0x00, 0x01, 0x00, 0x00, 0x01, 0x38, 0x00, 0x01,
  0x00, 0x00, 0x00, 0x01, 0x00, 0x08, 0x00, 0x02, 0x00, 0x62, 0x00, 0x02,
  0x01, 0x0e, 0x01, 0x20, 0x00, 0x06, 0x00, 0x00, 0x00, 0x01, 0x00, 0x08,
  0x00, 0x01, 0x00, 0x50, 0x00, 0x02, 0x00, 0x0a, 0x00, 0x1c, 0x00, 0x01,
  0x00, 0x04, 0x00, 0x01, 0x01, 0x20, 0x00, 0x01, 0x00, 0x00, 0x00, 0x01,
  0x00, 0x00, 0x01, 0x3a, 0x00, 0x03, 0x00, 0x08, 0x06, 0xa2, 0x00, 0x14,
  0x00, 0x01, 0x01, 0x18, 0x00, 0x01, 0x00, 0x01, 0x01, 0x16, 0x00, 0x00,
  0x00, 0x00, 0x00, 0x01, 0x00, 0x01, 0x01, 0x16, 0x00, 0x01, 0x00, 0x00,
  0x01, 0x3a, 0x00, 0x01, 0x00, 0x00, 0x00, 0x01, 0x00, 0x08, 0x00, 0x02,
  0x00, 0x0a, 0x00, 0x02, 0x01, 0x0c, 0x01, 0x20, 0x00, 0x01, 0x00, 0x02,
  0x01, 0x16, 0x01, 0x18, 0x00, 0x06, 0x00, 0x00, 0x00, 0x01, 0x00, 0x08,
  0x00, 0x01, 0x00, 0x5c, 0x00, 0x02, 0x00, 0x0a, 0x00, 0x1c, 0x00, 0x01,
  0x00, 0x04, 0x00, 0x01, 0x01, 0x20, 0x00, 0x01, 0x00, 0x00, 0x00, 0x01,
  0x00, 0x00, 0x01, 0x3c, 0x00, 0x03, 0x00, 0x08, 0x00, 0x14, 0x00, 0x20,
  0x00, 0x01, 0x01, 0x18, 0x00, 0x01, 0x00, 0x01, 0x00, 0xb4, 0x00, 0x00,
  0x00, 0x00, 0x00, 0x01, 0x00, 0x02, 0x00, 0xb4, 0x00, 0xb4, 0x00, 0x00,
  0x00, 0x00, 0x00, 0x01, 0x00, 0x01, 0x00, 0xb4, 0x00, 0x01, 0x00, 0x00,
  0x01, 0x3c, 0x00, 0x01, 0x00, 0x00, 0x00, 0x01, 0x00, 0x08, 0x00, 0x02,
  0x00, 0x0a, 0x00, 0x02, 0x01, 0x0a, 0x01, 0x20, 0x00, 0x01, 0x00, 0x02,
  0x00, 0xb4, 0x01, 0x18, 0x00, 0x06, 0x00, 0x00, 0x00, 0x01, 0x00, 0x08,
  0x00, 0x01, 0x00, 0x5c, 0x00, 0x02, 0x00, 0x0a, 0x00, 0x1c, 0x00, 0x01,
  0x00, 0x04, 0x00, 0x01, 0x01, 0x20, 0x00, 0x01, 0x00, 0x00, 0x00, 0x01,
  0x00, 0x00, 0x01, 0x3e, 0x00, 0x03, 0x00, 0x08, 0x00, 0x14, 0x00, 0x20,
  0x00, 0x01, 0x01, 0x18, 0x00, 0x01, 0x00, 0x01, 0x01, 0x10, 0x00, 0x00,
  0x00, 0x00, 0x00, 0x01, 0x00, 0x02, 0x01, 0x10, 0x01, 0x10, 0x00, 0x00,
  0x00, 0x00, 0x00, 0x01, 0x00, 0x01, 0x01, 0x10, 0x00, 0x01, 0x00, 0x00,
  0x01, 0x3e, 0x00, 0x01, 0x00, 0x00, 0x00, 0x01, 0x00, 0x08, 0x00, 0x02,
  0x00, 0x0a, 0x00, 0x02, 0x01, 0x0b, 0x01, 0x20, 0x00, 0x01, 0x00, 0x02,
  0x01, 0x10, 0x01, 0x18, 0x00, 0x06, 0x00, 0x00, 0x00, 0x01, 0x00, 0x08,
  0x00, 0x01, 0x00, 0x50, 0x00, 0x02, 0x00, 0x0a, 0x00, 0x1c, 0x00, 0x01,
  0x00, 0x04, 0x00, 0x01, 0x01, 0x20, 0x00, 0x01, 0x00, 0x00, 0x00, 0x01,
  0x00, 0x00, 0x01, 0x40, 0x00, 0x03, 0x00, 0x08, 0x08, 0xd8, 0x00, 0x14,
  0x00, 0x01, 0x01, 0x19, 0x00, 0x01, 0x00, 0x01, 0x01, 0x15, 0x00, 0x00,
  0x00, 0x00, 0x00, 0x01, 0x00, 0x01, 0x01, 0x15, 0x00, 0x01, 0x00, 0x00,
  0x01, 0x40, 0x00, 0x01, 0x00, 0x00, 0x00, 0x01, 0x00, 0x08, 0x00, 0x02,
  0x00, 0x0a, 0x00, 0x02, 0x01, 0x0f, 0x01, 0x20, 0x00, 0x01, 0x00, 0x02,
  0x01, 0x15, 0x01, 0x19, 0x00, 0x06, 0x00, 0x00, 0x00, 0x01, 0x00, 0x08,
  0x00, 0x01, 0x00, 0x7c, 0x00, 0x03, 0x00, 0x0c, 0x00, 0x20, 0x00, 0x34,
  0x00, 0x01, 0x00, 0x04, 0x00, 0x01, 0x01, 0x20, 0x00, 0x01, 0x00, 0x01,
  0x01, 0x16, 0x00, 0x01, 0x00, 0x00, 0x01, 0x42, 0x00, 0x01, 0x00, 0x04,
  0x00, 0x02, 0x01, 0x20, 0x01, 0x20, 0x00, 0x01, 0x00, 0x00, 0x00, 0x01,
  0x00, 0x00, 0x01, 0x42, 0x00, 0x03, 0x00, 0x08, 0x00, 0x16, 0x00, 0x24,
  0x00, 0x01, 0x01, 0x17, 0x00, 0x01, 0x00, 0x02, 0x01, 0x13, 0x01, 0x16,
  0x00, 0x00, 0x00, 0x00, 0x00, 0x01, 0x00, 0x03, 0x01, 0x13, 0x01, 0x16,
  0x01, 0x16, 0x00, 0x00, 0x00, 0x00, 0x00, 0x01, 0x00, 0x02, 0x01, 0x13,
  0x01, 0x16, 0x00, 0x01, 0x00, 0x00, 0x01, 0x42, 0x00, 0x01, 0x00, 0x00,
  0x00, 0x01, 0x00, 0x08, 0x00, 0x02, 0x00, 0x0c, 0x00, 0x03, 0x01, 0x20,
  0x00, 0xf5, 0x01, 0x20, 0x00, 0x01, 0x00, 0x03, 0x01, 0x13, 0x01, 0x16,
  0x01, 0x17, 0x00, 0x06, 0x00, 0x00, 0x00, 0x01, 0x00, 0x08, 0x00, 0x01,
  0x00, 0x5c, 0x00, 0x02, 0x00, 0x0a, 0x00, 0x1c, 0x00, 0x01, 0x00, 0x04,
  0x00, 0x01, 0x01, 0x20, 0x00, 0x01, 0x00, 0x00, 0x00, 0x01, 0x00, 0x00,
  0x01, 0x44, 0x00, 0x03, 0x00, 0x08, 0x00, 0x14, 0x00, 0x20, 0x00, 0x01,
  0x01, 0x17, 0x00, 0x01, 0x00, 0x01, 0x01, 0x13, 0x00, 0x00, 0x00, 0x00,
  0x00, 0x01, 0x00, 0x02, 0x01, 0x13, 0x01, 0x13, 0x00, 0x00, 0x00, 0x00,
  0x00, 0x01, 0x00, 0x01, 0x01, 0x13, 0x00, 0x01, 0x00, 0x00, 0x01, 0x44,
  0x00, 0x01, 0x00, 0x00, 0x00, 0x01, 0x00, 0x08, 0x00, 0x02, 0x00, 0x0a,
  0x00, 0x02, 0x00, 0xf4, 0x01, 0x20, 0x00, 0x01, 0x00, 0x02, 0x01, 0x13,
  0x01, 0x17, 0x00, 0x06, 0x00, 0x00, 0x00, 0x01, 0x00, 0x08, 0x00, 0x01,
  0x00, 0x50, 0x00, 0x02, 0x00, 0x0a, 0x00, 0x2c, 0x00, 0x03, 0x00, 0x08,
  0x04, 0x22, 0x00, 0x14, 0x00, 0x01, 0x01, 0x13, 0x00, 0x01, 0x00, 0x01,
  0x01, 0x16, 0x00, 0x00, 0x00, 0x00, 0x00, 0x01, 0x00, 0x01, 0x01, 0x16,
  0x00, 0x01, 0x00, 0x00, 0x01, 0x46, 0x00, 0x01, 0x00, 0x04, 0x00, 0x01,
  0x01, 0x20, 0x00, 0x01, 0x00, 0x00, 0x00, 0x01, 0x00, 0x00, 0x01, 0x46,
  0x00, 0x01, 0x00, 0x00, 0x00, 0x01, 0x00, 0x08, 0x00, 0x02, 0x00, 0x0a,
  0x00, 0x02, 0x01, 0x20, 0x00, 0xce, 0x00, 0x01, 0x00, 0x02, 0x01, 0x13,
  0x01, 0x16, 0x00, 0x06, 0x00, 0x00, 0x00, 0x01, 0x00, 0x08, 0x00, 0x01,
  0x00, 0x7c, 0x00, 0x03, 0x00, 0x0c, 0x00, 0x20, 0x00, 0x34, 0x00, 0x01,
  0x00, 0x04, 0x00, 0x01, 0x01, 0x20, 0x00, 0x01, 0x00, 0x01, 0x01, 0x16,
  0x00, 0x01, 0x00, 0x00, 0x01, 0x48, 0x00, 0x01, 0x00, 0x04, 0x00, 0x02,
  0x01, 0x20, 0x01, 0x20, 0x00, 0x01, 0x00, 0x00, 0x00, 0x01, 0x00, 0x00,
  0x01, 0x48, 0x00, 0x03, 0x00, 0x08, 0x00, 0x16, 0x00, 0x24, 0x00, 0x01,
  0x01, 0x17, 0x00, 0x01, 0x00, 0x02, 0x01, 0x14, 0x01, 0x16, 0x00, 0x00,
  0x00, 0x00, 0x00, 0x01, 0x00, 0x03, 0x01, 0x14, 0x01, 0x16, 0x01, 0x16,
  0x00, 0x00, 0x00, 0x00, 0x00, 0x01, 0x00, 0x02, 0x01, 0x14, 0x01, 0x16,
  0x00, 0x01, 0x00, 0x00, 0x01, 0x48, 0x00, 0x01, 0x00, 0x00, 0x00, 0x01,
  0x00, 0x08, 0x00, 0x02, 0x00, 0x0c, 0x00, 0x03, 0x01, 0x20, 0x00, 0xf8,
  0x01, 0x20, 0x00, 0x01, 0x00, 0x03, 0x01, 0x14, 0x01, 0x16, 0x01, 0x17,
  0x00, 0x06, 0x00, 0x00, 0x00, 0x01, 0x00, 0x08, 0x00, 0x01, 0x00, 0x5c,
  0x00, 0x02, 0x00, 0x0a, 0x00, 0x1c, 0x00, 0x01, 0x00, 0x04, 0x00, 0x01,
  0x01, 0x20, 0x00, 0x01, 0x00, 0x00, 0x00, 0x01, 0x00, 0x00, 0x01, 0x4a,
  0x00, 0x03, 0x00, 0x08, 0x00, 0x14, 0x00, 0x20, 0x00, 0x01, 0x01, 0x17,
  0x00, 0x01, 0x00, 0x01, 0x01, 0x14, 0x00, 0x00, 0x00, 0x00, 0x00, 0x01,
  0x00, 0x02, 0x01, 0x14, 0x01, 0x14, 0x00, 0x00, 0x00, 0x00, 0x00, 0x01,
  0x00, 0x01, 0x01, 0x14, 0x00, 0x01, 0x00, 0x00, 0x01, 0x4a, 0x00, 0x01,
  0x00, 0x00, 0x00, 0x01, 0x00, 0x08, 0x00, 0x02, 0x00, 0x0a, 0x00, 0x02,
  0x00, 0xf7, 0x01, 0x20, 0x00, 0x01, 0x00, 0x02, 0x01, 0x14, 0x01, 0x17,
  0x00, 0x06, 0x00, 0x00, 0x00, 0x01, 0x00, 0x08, 0x00, 0x01, 0x00, 0x50,
  0x00, 0x02, 0x00, 0x0a, 0x00, 0x2c, 0x00, 0x03, 0x00, 0x08, 0x02, 0xc8,
  0x00, 0x14, 0x00, 0x01, 0x01, 0x14, 0x00, 0x01, 0x00, 0x01, 0x01, 0x16,
  0x00, 0x00, 0x00, 0x00, 0x00, 0x01, 0x00, 0x01, 0x01, 0x16, 0x00, 0x01,
  0x00, 0x00, 0x01, 0x4c, 0x00, 0x01, 0x00, 0x04, 0x00, 0x01, 0x01, 0x20,
  0x00, 0x01, 0x00, 0x00, 0x00, 0x01, 0x00, 0x00, 0x01, 0x4c, 0x00, 0x01,
  0x00, 0x00, 0x00, 0x01, 0x00, 0x08, 0x00, 0x02, 0x00, 0x0a, 0x00, 0x02,
  0x01, 0x20, 0x00, 0xd1, 0x00, 0x01, 0x00, 0x02, 0x01, 0x14, 0x01, 0x16,
  0x00, 0x06, 0x00, 0x00, 0x00, 0x01, 0x00, 0x08, 0x00, 0x01, 0x00, 0x7c,
  0x00, 0x03, 0x00, 0x0c, 0x00, 0x20, 0x00, 0x34, 0x00, 0x01, 0x00, 0x04,
  0x00, 0x01, 0x01, 0x20, 0x00, 0x01, 0x00, 0x01, 0x01, 0x16, 0x00, 0x01,
  0x00, 0x00, 0x01, 0x4e, 0x00, 0x01, 0x00, 0x04, 0x00, 0x02, 0x01, 0x20,
  0x01, 0x20, 0x00, 0x01, 0x00, 0x00, 0x00, 0x01, 0x00, 0x00, 0x01, 0x4e,
  0x00, 0x03, 0x00, 0x08, 0x00, 0x16, 0x00, 0x24, 0x00, 0x01, 0x01, 0x17,
  0x00, 0x01, 0x00, 0x02, 0x00, 0xaf, 0x01, 0x16, 0x00, 0x00, 0x00, 0x00,
  0x00, 0x01, 0x00, 0x03, 0x00, 0xaf, 0x01, 0x16, 0x01, 0x16, 0x00, 0x00,
  0x00, 0x00, 0x00, 0x01, 0x00, 0x02, 0x00, 0xaf, 0x01, 0x16, 0x00, 0x01,
  0x00, 0x00, 0x01, 0x4e, 0x00, 0x01, 0x00, 0x00, 0x00, 0x01, 0x00, 0x08,
  0x00, 0x02, 0x00, 0x0c, 0x00, 0x03, 0x01, 0x20, 0x00, 0xef, 0x01, 0x20,
  0x00, 0x01, 0x00, 0x03, 0x00, 0xaf, 0x01, 0x16, 0x01, 0x17, 0x00, 0x06,
  0x00, 0x00, 0x00, 0x01, 0x00, 0x08, 0x00, 0x01, 0x00, 0x5c, 0x00, 0x02,
  0x00, 0x0a, 0x00, 0x1c, 0x00, 0x01, 0x00, 0x04, 0x00, 0x01, 0x01, 0x20,
  0x00, 0x01, 0x00, 0x00, 0x00, 0x01, 0x00, 0x00, 0x01, 0x50, 0x00, 0x03,
  0x00, 0x08, 0x00, 0x14, 0x00, 0x20, 0x00, 0x01, 0x01, 0x17, 0x00, 0x01,
  0x00, 0x01, 0x00, 0xaf, 0x00, 0x00, 0x00, 0x00, 0x00, 0x01, 0x00, 0x02,
  0x00, 0xaf, 0x00, 0xaf, 0x00, 0x00, 0x00, 0x00, 0x00, 0x01, 0x00, 0x01,
  0x00, 0xaf, 0x00, 0x01, 0x00, 0x00, 0x01, 0x50, 0x00, 0x01, 0x00, 0x00,
  0x00, 0x01, 0x00, 0x08, 0x00, 0x02, 0x00, 0x0a, 0x00, 0x02, 0x00, 0xee,
  0x01, 0x20, 0x00, 0x01, 0x00, 0x02, 0x00, 0xaf, 0x01, 0x17, 0x00, 0x06,
  0x00, 0x00, 0x00, 0x01, 0x00, 0x08, 0x00, 0x01, 0x00, 0x50, 0x00, 0x02,
  0x00, 0x0a, 0x00, 0x2c, 0x00, 0x03, 0x00, 0x08, 0x01, 0x6e, 0x00, 0x14,
  0x00, 0x01, 0x00, 0xaf, 0x00, 0x01, 0x00, 0x01, 0x01, 0x16, 0x00, 0x00,
  0x00, 0x00, 0x00, 0x01, 0x00, 0x01, 0x01, 0x16, 0x00, 0x01, 0x00, 0x00,
  0x01, 0x52, 0x00, 0x01, 0x00, 0x04, 0x00, 0x01, 0x01, 0x20, 0x00, 0x01,
  0x00, 0x00, 0x00, 0x01, 0x00, 0x00, 0x01, 0x52, 0x00, 0x01, 0x00, 0x00,
  0x00, 0x01, 0x00, 0x08, 0x00, 0x02, 0x00, 0x0a, 0x00, 0x02, 0x01, 0x20,
  0x00, 0x8e, 0x00, 0x01, 0x00, 0x02, 0x00, 0xaf, 0x01, 0x16, 0x00, 0x06,
  0x00, 0x00, 0x00, 0x01, 0x00, 0x08, 0x00, 0x01, 0x00, 0x7c, 0x00, 0x03,
  0x00, 0x0c, 0x00, 0x20, 0x00, 0x34, 0x00, 0x01, 0x00, 0x04, 0x00, 0x01,
  0x01, 0x20, 0x00, 0x01, 0x00, 0x01, 0x01, 0x16, 0x00, 0x01, 0x00, 0x00,
  0x01, 0x54, 0x00, 0x01, 0x00, 0x04, 0x00, 0x02, 0x01, 0x20, 0x01, 0x20,
  0x00, 0x01, 0x00, 0x00, 0x00, 0x01, 0x00, 0x00, 0x01, 0x54, 0x00, 0x03,
  0x00, 0x08, 0x00, 0x16, 0x00, 0x24, 0x00, 0x01, 0x01, 0x17, 0x00, 0x01,
  0x00, 0x02, 0x00, 0xb1, 0x01, 0x16, 0x00, 0x00, 0x00, 0x00, 0x00, 0x01,
  0x00, 0x03, 0x00, 0xb1, 0x01, 0x16, 0x01, 0x16, 0x00, 0x00, 0x00, 0x00,
  0x00, 0x01, 0x00, 0x02, 0x00, 0xb1, 0x01, 0x16, 0x00, 0x01, 0x00, 0x00,
  0x01, 0x54, 0x00, 0x01, 0x00, 0x00, 0x00, 0x01, 0x00, 0x08, 0x00, 0x02,
  0x00, 0x0c, 0x00, 0x03, 0x01, 0x20, 0x01, 0x09, 0x01, 0x20, 0x00, 0x01,
  0x00, 0x03, 0x00, 0xb1, 0x01, 0x16, 0x01, 0x17, 0x00, 0x06, 0x00, 0x00,
  0x00, 0x01, 0x00, 0x08, 0x00, 0x01, 0x00, 0x5c, 0x00, 0x02, 0x00, 0x0a,
  0x00, 0x1c, 0x00, 0x01, 0x00, 0x04, 0x00, 0x01, 0x01, 0x20, 0x00, 0x01,
  0x00, 0x00, 0x00, 0x01, 0x00, 0x00, 0x01, 0x56, 0x00, 0x03, 0x00, 0x08,
  0x00, 0x14, 0x00, 0x20, 0x00, 0x01, 0x01, 0x17, 0x00, 0x01, 0x00, 0x01,
  0x00, 0xb1, 0x00, 0x00, 0x00, 0x00, 0x00, 0x01, 0x00, 0x02, 0x00, 0xb1,
  0x00, 0xb1, 0x00, 0x00, 0x00, 0x00, 0x00, 0x01, 0x00, 0x01, 0x00, 0xb1,
  0x00, 0x01, 0x00, 0x00, 0x01, 0x56, 0x00, 0x01, 0x00, 0x00, 0x00, 0x01,
  0x00, 0x08, 0x00, 0x02, 0x00, 0x0a, 0x00, 0x02, 0x01, 0x08, 0x01, 0x20,
  0x00, 0x01, 0x00, 0x02, 0x00, 0xb1, 0x01, 0x17, 0x00, 0x06, 0x00, 0x00,
  0x00, 0x01, 0x00, 0x08, 0x00, 0x01, 0x00, 0x5c, 0x00, 0x02, 0x00, 0x0a,
  0x00, 0x38, 0x00, 0x03, 0x00, 0x08, 0x00, 0x14, 0x00, 0x20, 0x00, 0x01,
  0x00, 0xb1, 0x00, 0x01, 0x00, 0x01, 0x01, 0x16, 0x00, 0x00, 0x00, 0x00,
  0x00, 0x01, 0x00, 0x02, 0x01, 0x16, 0x01, 0x16, 0x00, 0x00, 0x00, 0x00,
  0x00, 0x01, 0x00, 0x01, 0x01, 0x16, 0x00, 0x01, 0x00, 0x00, 0x01, 0x58,
  0x00, 0x01, 0x00, 0x04, 0x00, 0x01, 0x01, 0x20, 0x00, 0x01, 0x00, 0x00,
  0x00, 0x01, 0x00, 0x00, 0x01, 0x58, 0x00, 0x01, 0x00, 0x00, 0x00, 0x01,
  0x00, 0x08, 0x00, 0x02, 0x00, 0x0a, 0x00, 0x02, 0x01, 0x20, 0x00, 0xa0,
  0x00, 0x01, 0x00, 0x02, 0x00, 0xb1, 0x01, 0x16, 0x00, 0x06, 0x00, 0x00,
  0x00, 0x01, 0x00, 0x08, 0x00, 0x01, 0x00, 0x5c, 0x00, 0x02, 0x00, 0x0a,
  0x00, 0x38, 0x00, 0x03, 0x00, 0x08, 0x00, 0x14, 0x00, 0x20, 0x00, 0x01,
  0x00, 0xb0, 0x00, 0x01, 0x00, 0x01, 0x00, 0xb8, 0x00, 0x00, 0x00, 0x00,
  0x00, 0x01, 0x00, 0x02, 0x00, 0xb8, 0x00, 0xb8, 0x00, 0x00, 0x00, 0x00,
  0x00, 0x01, 0x00, 0x01, 0x00, 0xb8, 0x00, 0x01, 0x00, 0x00, 0x01, 0x5a,
  0x00, 0x01, 0x00, 0x04, 0x00, 0x01, 0x01, 0x20, 0x00, 0x01, 0x00, 0x00,
  0x00, 0x01, 0x00, 0x00, 0x01, 0x5a, 0x00, 0x01, 0x00, 0x00, 0x00, 0x01,
  0x00, 0x08, 0x00, 0x02, 0x00, 0x0a, 0x00, 0x02, 0x01, 0x20, 0x00, 0x91,
  0x00, 0x01, 0x00, 0x02, 0x00, 0xb0, 0x00, 0xb8, 0x00, 0x06, 0x00, 0x00,
  0x00, 0x01, 0x00, 0x08, 0x00, 0x01, 0x00, 0x5c, 0x00, 0x02, 0x00, 0x0a,
  0x00, 0x38, 0x00, 0x03, 0x00, 0x08, 0x00, 0x14, 0x00, 0x20, 0x00, 0x01,
  0x00, 0xb0, 0x00, 0x01, 0x00, 0x01, 0x00, 0xba, 0x00, 0x00, 0x00, 0x00,
  0x00, 0x01, 0x00, 0x02, 0x00, 0xba, 0x00, 0xba, 0x00, 0x00, 0x00, 0x00,
  0x00, 0x01, 0x00, 0x01, 0x00, 0xba, 0x00, 0x01, 0x00, 0x00, 0x01, 0x5c,
  0x00, 0x01, 0x00, 0x04, 0x00, 0x01, 0x01, 0x20, 0x00, 0x01, 0x00, 0x00,
  0x00, 0x01, 0x00, 0x00, 0x01, 0x5c, 0x00, 0x01, 0x00, 0x00, 0x00, 0x01,
  0x00, 0x08, 0x00, 0x02, 0x00, 0x0a, 0x00, 0x02, 0x01, 0x20, 0x00, 0x92,
  0x00, 0x01, 0x00, 0x02, 0x00, 0xb0, 0x00, 0xba, 0x00, 0x06, 0x00, 0x00,
  0x00, 0x01, 0x00, 0x08, 0x00, 0x01, 0x00, 0x5c, 0x00, 0x02, 0x00, 0x0a,
  0x00, 0x38, 0x00, 0x03, 0x00, 0x08, 0x00, 0x14, 0x00, 0x20, 0x00, 0x01,
  0x00, 0xb0, 0x00, 0x01, 0x00, 0x01, 0x00, 0xb6, 0x00, 0x00, 0x00, 0x00,
  0x00, 0x01, 0x00, 0x02, 0x00, 0xb6, 0x00, 0xb6, 0x00, 0x00, 0x00, 0x00,
  0x00, 0x01, 0x00, 0x01, 0x00, 0xb6, 0x00, 0x01, 0x00, 0x00, 0x01, 0x5e,
  0x00, 0x01, 0x00, 0x04, 0x00, 0x01, 0x01, 0x20, 0x00, 0x01, 0x00, 0x00,
  0x00, 0x01, 0x00, 0x00, 0x01, 0x5e, 0x00, 0x01, 0x00, 0x00, 0x00, 0x01,
  0x00, 0x08, 0x00, 0x02, 0x00, 0x0a, 0x00, 0x02, 0x01, 0x20, 0x00, 0x90,
  0x00, 0x01, 0x00, 0x02, 0x00, 0xb0, 0x00, 0xb6, 0x00, 0x06, 0x00, 0x00,
  0x00, 0x01, 0x00, 0x08, 0x00, 0x01, 0x00, 0x5c, 0x00, 0x02, 0x00, 0x0a,
  0x00, 0x1c, 0x00, 0x01, 0x00, 0x04, 0x00, 0x01, 0x01, 0x20, 0x00, 0x01,
  0x00, 0x00, 0x00, 0x01, 0x00, 0x00, 0x01, 0x60, 0x00, 0x03, 0x00, 0x08,
  0x00, 0x14, 0x00, 0x20, 0x00, 0x01, 0x00, 0xb0, 0x00, 0x01, 0x00, 0x01,
  0x00, 0xad, 0x00, 0x00, 0x00, 0x00, 0x00, 0x01, 0x00, 0x02, 0x00, 0xad,
  0x00, 0xad, 0x00, 0x00, 0x00, 0x00, 0x00, 0x01, 0x00, 0x01, 0x00, 0xad,
  0x00, 0x01, 0x00, 0x00, 0x01, 0x60, 0x00, 0x01, 0x00, 0x00, 0x00, 0x01,
  0x00, 0x08, 0x00, 0x02, 0x00, 0x0a, 0x00, 0x02, 0x00, 0x95, 0x01, 0x20,
  0x00, 0x01, 0x00, 0x02, 0x00, 0xad, 0x00, 0xb0, 0x00, 0x06, 0x00, 0x00,
  0x00, 0x01, 0x00, 0x08, 0x00, 0x01, 0x00, 0x6a, 0x00, 0x02, 0x00, 0x0a,
  0x00, 0x46, 0x00, 0x04, 0x00, 0x0a, 0x00, 0x16, 0x00, 0x22, 0x00, 0x2e,
  0x00, 0x01, 0x00, 0xb0, 0x00, 0x01, 0x00, 0x01, 0x00, 0xb5, 0x00, 0x00,
  0x00, 0x00, 0x00, 0x01, 0x00, 0x02, 0x00, 0xb5, 0x00, 0xb5, 0x00, 0x00,
  0x00, 0x00, 0x00, 0x01, 0x00, 0x02, 0x00, 0xb5, 0x00, 0xb6, 0x00, 0x00,
  0x00, 0x00, 0x00, 0x01, 0x00, 0x01, 0x00, 0xb5, 0x00, 0x01, 0x00, 0x00,
  0x01, 0x62, 0x00, 0x01, 0x00, 0x04, 0x00, 0x01, 0x01, 0x20, 0x00, 0x01,
  0x00, 0x00, 0x00, 0x01, 0x00, 0x00, 0x01, 0x62, 0x00, 0x01, 0x00, 0x00,
  0x00, 0x01, 0x00, 0x08, 0x00, 0x02, 0x00, 0x0a, 0x00, 0x02, 0x01, 0x20,
  0x00, 0x9a, 0x00, 0x01, 0x00, 0x02, 0x00, 0xb0, 0x00, 0xb5, 0x00, 0x06,
  0x00, 0x00, 0x00, 0x01, 0x00, 0x08, 0x00, 0x01, 0x00, 0x5c, 0x00, 0x02,
  0x00, 0x0a, 0x00, 0x1c, 0x00, 0x01, 0x00, 0x04, 0x00, 0x01, 0x01, 0x20,
  0x00, 0x01, 0x00, 0x00, 0x00, 0x01, 0x00, 0x00, 0x01, 0x64, 0x00, 0x03,
  0x00, 0x08, 0x00, 0x14, 0x00, 0x20, 0x00, 0x01, 0x00, 0xb0, 0x00, 0x01,
  0x00, 0x01, 0x00, 0xac, 0x00, 0x00, 0x00, 0x00, 0x00, 0x01, 0x00, 0x02,
  0x00, 0xac, 0x00, 0xac, 0x00, 0x00, 0x00, 0x00, 0x00, 0x01, 0x00, 0x01,
  0x00, 0xac, 0x00, 0x01, 0x00, 0x00, 0x01, 0x64, 0x00, 0x01, 0x00, 0x00,
  0x00, 0x01, 0x00, 0x08, 0x00, 0x02, 0x00, 0x0a, 0x00, 0x02, 0x00, 0x94,
  0x01, 0x20, 0x00, 0x01, 0x00, 0x02, 0x00, 0xac, 0x00, 0xb0, 0x00, 0x06,
  0x00, 0x00, 0x00, 0x01, 0x00, 0x08, 0x00, 0x01, 0x00, 0x5c, 0x00, 0x02,
  0x00, 0x0a, 0x00, 0x1c, 0x00, 0x01, 0x00, 0x04, 0x00, 0x01, 0x01, 0x20,
  0x00, 0x01, 0x00, 0x00, 0x00, 0x01, 0x00, 0x00, 0x01, 0x66, 0x00, 0x03,
  0x00, 0x08, 0x00, 0x14, 0x00, 0x20, 0x00, 0x01, 0x00, 0xb0, 0x00, 0x01,
  0x00, 0x01, 0x00, 0xaa, 0x00, 0x00, 0x00, 0x00, 0x00, 0x01, 0x00, 0x02,
  0x00, 0xaa, 0x00, 0xaa, 0x00, 0x00, 0x00, 0x00, 0x00, 0x01, 0x00, 0x01,
  0x00, 0xaa, 0x00, 0x01, 0x00, 0x00, 0x01, 0x66, 0x00, 0x01, 0x00, 0x00,
  0x00, 0x01, 0x00, 0x08, 0x00, 0x02, 0x00, 0x0a, 0x00, 0x02, 0x00, 0x93,
  0x01, 0x20, 0x00, 0x01, 0x00, 0x02, 0x00, 0xaa, 0x00, 0xb0, 0x00, 0x06,
  0x00, 0x00, 0x00, 0x01, 0x00, 0x08, 0x00, 0x01, 0x00, 0x5c, 0x00, 0x02,
  0x00, 0x0a, 0x00, 0x38, 0x00, 0x03, 0x00, 0x08, 0x00, 0x14, 0x00, 0x20,
  0x00, 0x01, 0x00, 0xb0, 0x00, 0x01, 0x00, 0x01, 0x01, 0x15, 0x00, 0x00,
  0x00, 0x00, 0x00, 0x01, 0x00, 0x02, 0x01, 0x15, 0x01, 0x15, 0x00, 0x00,
  0x00, 0x00, 0x00, 0x01, 0x00, 0x01, 0x01, 0x15, 0x00, 0x01, 0x00, 0x00,
  0x01, 0x68, 0x00, 0x01, 0x00, 0x04, 0x00, 0x01, 0x01, 0x20, 0x00, 0x01,
  0x00, 0x00, 0x00, 0x01, 0x00, 0x00, 0x01, 0x68, 0x00, 0x01, 0x00, 0x00,
  0x00, 0x01, 0x00, 0x08, 0x00, 0x02, 0x00, 0x0a, 0x00, 0x02, 0x01, 0x20,
  0x00, 0x99, 0x00, 0x01, 0x00, 0x02, 0x00, 0xb0, 0x01, 0x15, 0x00, 0x06,
  0x00, 0x00, 0x00, 0x01, 0x00, 0x08, 0x00, 0x01, 0x00, 0x7c, 0x00, 0x03,
  0x00, 0x0c, 0x00, 0x40, 0x00, 0x54, 0x00, 0x03, 0x00, 0x08, 0x00, 0x16,
  0x00, 0x24, 0x00, 0x01, 0x00, 0xb0, 0x00, 0x01, 0x00, 0x02, 0x00, 0xb5,
  0x00, 0xb6, 0x00, 0x00, 0x00, 0x00, 0x00, 0x01, 0x00, 0x03, 0x00, 0xb5,
  0x00, 0xb6, 0x00, 0xb6, 0x00, 0x00, 0x00, 0x00, 0x00, 0x01, 0x00, 0x02,
  0x00, 0xb5, 0x00, 0xb6, 0x00, 0x01, 0x00, 0x00, 0x01, 0x6a, 0x00, 0x01,
  0x00, 0x04, 0x00, 0x01, 0x01, 0x20, 0x00, 0x01, 0x00, 0x01, 0x00, 0xb6,
  0x00, 0x01, 0x00, 0x00, 0x01, 0x6a, 0x00, 0x01, 0x00, 0x04, 0x00, 0x02,
  0x01, 0x20, 0x01, 0x20, 0x00, 0x01, 0x00, 0x00, 0x00, 0x01, 0x00, 0x00,
  0x01, 0x6a, 0x00, 0x01, 0x00, 0x00, 0x00, 0x01, 0x00, 0x08, 0x00, 0x02,
  0x00, 0x0c, 0x00, 0x03, 0x01, 0x20, 0x01, 0x20, 0x00, 0x9b, 0x00, 0x01,
  0x00, 0x03, 0x00, 0xb0, 0x00, 0xb5, 0x00, 0xb6, 0x00, 0x06, 0x00, 0x00,
  0x00, 0x01, 0x00, 0x08, 0x00, 0x01, 0x00, 0x5c, 0x00, 0x02, 0x00, 0x0a,
  0x00, 0x1c, 0x00, 0x01, 0x00, 0x04, 0x00, 0x01, 0x01, 0x20, 0x00, 0x01,
  0x00, 0x00, 0x00, 0x01, 0x00, 0x00, 0x01, 0x6c, 0x00, 0x03, 0x00, 0x08,
  0x00, 0x14, 0x00, 0x20, 0x00, 0x01, 0x00, 0xbb, 0x00, 0x01, 0x00, 0x01,
  0x00, 0xb0, 0x00, 0x00, 0x00, 0x00, 0x00, 0x01, 0x00, 0x02, 0x00, 0xb0,
  0x00, 0xb0, 0x00, 0x00, 0x00, 0x00, 0x00, 0x01, 0x00, 0x01, 0x00, 0xb0,
  0x00, 0x01, 0x00, 0x00, 0x01, 0x6c, 0x00, 0x01, 0x00, 0x00, 0x00, 0x01,
  0x00, 0x08, 0x00, 0x02, 0x00, 0x0a, 0x00, 0x02, 0x00, 0x74, 0x01, 0x20,
  0x00, 0x01, 0x00, 0x02, 0x00, 0xb0, 0x00, 0xbb, 0x00, 0x06, 0x00, 0x00,
  0x00, 0x02, 0x00, 0x0a, 0x00, 0x1c, 0x00, 0x03, 0x00, 0x01, 0x00, 0x70,
  0x00, 0x01, 0x00, 0x70, 0x00, 0x00, 0x00, 0x01, 0x00, 0x00, 0x01, 0x6e,
  0x00, 0x03, 0x00, 0x01, 0x00, 0x12, 0x00, 0x01, 0x00, 0x5e, 0x00, 0x00,
  0x00, 0x01, 0x00, 0x00, 0x01, 0x6e, 0x00, 0x02, 0x00, 0x01, 0x00, 0x01,
  0x00, 0x1a, 0x00, 0x00, 0x00, 0x06, 0x00, 0x00, 0x00, 0x02, 0x00, 0x0a,
  0x00, 0x1c, 0x00, 0x03, 0x00, 0x00, 0x00, 0x01, 0x00, 0x38, 0x00, 0x01,
  0x00, 0x24, 0x00, 0x01, 0x00, 0x00, 0x01, 0x70, 0x00, 0x03, 0x00, 0x01,
  0x00, 0x12, 0x00, 0x01, 0x00, 0x26, 0x00, 0x00, 0x00, 0x01, 0x00, 0x00,
  0x01, 0x70, 0x00, 0x01, 0x00, 0x01, 0x01, 0x1f, 0x00, 0x01, 0x00, 0x00,
  0x00, 0x01, 0x00, 0x08, 0x00, 0x01, 0x00, 0x06, 0x00, 0x01, 0x00, 0x01,
  0x00, 0x01, 0x01, 0x1e, 0x00, 0x01, 0x00, 0x00, 0x00, 0x01, 0x00, 0x08,
  0x00, 0x01, 0x00, 0x06, 0x00, 0x02, 0x00, 0x01, 0x00, 0x01, 0x00, 0x23,
  0x00, 0x01, 0x00, 0x00, 0x00, 0x01, 0x00, 0x08, 0x00, 0x01, 0x00, 0x06,
  0xff, 0xa5, 0x00, 0x01, 0x00, 0x01, 0x00, 0xb1, 0x00, 0x01, 0x00, 0x00,
  0x00, 0x01, 0x00, 0x08, 0x00, 0x01, 0x00, 0x06, 0x00, 0x14, 0x00, 0x02,
  0x00, 0x01, 0x00, 0x38, 0x00, 0x41, 0x00, 0x00, 0x00, 0x06, 0x00, 0x00,
  0x00, 0x02, 0x00, 0x0a, 0x00, 0x22, 0x00, 0x03, 0x00, 0x01, 0x00, 0x12,
  0x00, 0x01, 0x00, 0x42, 0x00, 0x00, 0x00, 0x01, 0x00, 0x00, 0x01, 0x79,
  0x00, 0x01, 0x00, 0x01, 0x00, 0x56, 0x00, 0x03, 0x00, 0x01, 0x00, 0x12,
  0x00, 0x01, 0x00, 0x2a, 0x00, 0x00, 0x00, 0x01, 0x00, 0x00, 0x01, 0x79,
  0x00, 0x02, 0x00, 0x01, 0x00, 0x42, 0x00, 0x4b, 0x00, 0x00, 0x00, 0x01,
  0x00, 0x00, 0x00, 0x01, 0x00, 0x08, 0x00, 0x01, 0x00, 0x06, 0xff, 0xf6,
  0x00, 0x02, 0x00, 0x01, 0x00, 0x4c, 0x00, 0x55, 0x00, 0x00, 0x00, 0x00
};
unsigned int g_pv_ttf_data_len = 44796;
#endif
